02	 02001	ABENGIBRE
02	 02002	ALATOZ
02	 02900	ALBACETE
02	 02004	ALBATANA
02	 02005	ALBOREA
02	 02006	ALCADOZO
02	 02007	ALCALA DEL JUCAR
02	 02008	ALCARAZ
02	 02009	ALMANSA
02	 02010	ALPERA
02	 02011	AYNA
02	 02012	BALAZOTE
02	 02013	BALSA DE VES
02	 02015	BARRAX
02	 02016	BIENSERVIDA
02	 02017	BOGARRA
02	 02018	BONETE
02	 02020	CARCELEN
02	 02021	CASAS DE JUAN NUÑEZ
02	 02022	CASAS DE LAZARO
02	 02023	CASAS DE VES
02	 02024	CASAS IBAÑEZ
02	 02025	CAUDETE
02	 02026	CENIZATE
02	 02029	CHINCHILLA DE MONTE ARAGON
02	 02027	CORRAL RUBIO
02	 02028	COTILLAS
02	 02014	EL BALLESTERO
02	 02019	EL BONILLO
02	 02030	ELCHE DE LA SIERRA
02	 02031	FEREZ
02	 02032	FUENSANTA
02	 02033	FUENTE ALAMO
02	 02034	FUENTEALBILLA
02	 02036	GOLOSALVO
02	 02037	HELLIN
02	 02039	HIGUERUELA
02	 02040	HOYA GONZALO
02	 02041	JORQUERA
02	 02035	LA GINETA
02	 02038	LA HERRERA
02	 02066	LA RECUEJA
02	 02069	LA RODA
02	 02042	LETUR
02	 02043	LEZUZA
02	 02044	LIETOR
02	 02045	MADRIGUERAS
02	 02046	MAHORA
02	 02047	MASEGOSO
02	 02048	MINAYA
02	 02049	MOLINICOS
02	 02050	MONTALVOS
02	 02051	MONTEALEGRE DEL CASTILLO
02	 02052	MOTILLEJA
02	 02053	MUNERA
02	 02054	NAVAS DE JORQUERA
02	 02055	NERPIO
02	 02056	ONTUR
02	 02057	OSSA DE MONTIEL
02	 02058	PATERNA DEL MADERA
02	 02060	PEÑAS DE SAN PEDRO
02	 02059	PEÑASCOSA
02	 02061	PETROLA
02	 02062	POVEDILLA
02	 02087	POZO CAÑADA
02	 02063	POZOHONDO
02	 02064	POZO LORENTE
02	 02065	POZUELO
02	 02067	RIOPAR
02	 02068	ROBLEDO
02	 02070	SALOBRE
02	 02071	SAN PEDRO
02	 02072	SOCOVOS
02	 02073	TARAZONA DE LA MANCHA
02	 02074	TOBARRA
02	 02075	VALDEGANGA
02	 02076	VIANOS
02	 02077	VILLA DE VES
02	 02078	VILLALGORDO DEL JUCAR
02	 02079	VILLAMALEA
02	 02080	VILLAPALACIOS
02	 02081	VILLARROBLEDO
02	 02082	VILLATOYA
02	 02083	VILLAVALIENTE
02	 02084	VILLAVERDE DE GUADALIMAR
02	 02085	VIVEROS
02	 02086	YESTE
03	 03002	AGOST
03	 03003	AGRES
03	 03004	AIGUES
03	 03005	ALBATERA
03	 03006	ALCALALI
03	 03007	ALCOCER DE PLANES
03	 03008	ALCOLEJA
03	 03009	ALCOY ALCOI
03	 03010	ALFAFARA
03	 03012	ALGORFA
03	 03013	ALGUEÑA
03	 03900	ALICANTE ALACANT
03	 03015	ALMORADI
03	 03016	ALMUDAINA
03	 03018	ALTEA
03	 03019	ASPE
03	 03020	BALONES
03	 03021	BANYERES DE MARIOLA
03	 03022	BENASAU
03	 03023	BENEIXAMA
03	 03024	BENEJUZAR
03	 03025	BENFERRI
03	 03026	BENIARBEIG
03	 03027	BENIARDA
03	 03028	BENIARRES
03	 03030	BENIDOLEIG
03	 03031	BENIDORM
03	 03032	BENIFALLIM
03	 03033	BENIFATO
03	 03029	BENIGEMBLA
03	 03034	BENIJOFAR
03	 03035	BENILLOBA
03	 03036	BENILLUP
03	 03037	BENIMANTELL
03	 03038	BENIMARFULL
03	 03039	BENIMASSOT
03	 03040	BENIMELI
03	 03041	BENISSA
03	 03042	BENITACHELL EL POBLE NOU DE BE
03	 03043	BIAR
03	 03044	BIGASTRO
03	 03045	BOLULLA
03	 03046	BUSOT
03	 03049	CALLOSA DE SEGURA
03	 03048	CALLOSA D EN SARRIA
03	 03047	CALP
03	 03051	CAMPO DE MIRRA EL CAMP DE MIRR
03	 03052	CAÑADA
03	 03053	CASTALLA
03	 03054	CASTELL DE CASTELLS
03	 03055	CATRAL
03	 03056	COCENTAINA
03	 03057	CONFRIDES
03	 03058	COX
03	 03059	CREVILLENT
03	 03061	DAYA NUEVA
03	 03062	DAYA VIEJA
03	 03063	DENIA
03	 03064	DOLORES
03	 03050	EL CAMPELLO
03	 03075	EL CASTELL DE GUADALEST
03	 03077	EL FONDO DE LES NEUS HONDON DE
03	 03105	EL PINOS   PINOSO
03	 03110	EL RAFOL D ALMUNIA
03	 03138	EL VERGER
03	 03065	ELCHE ELX
03	 03066	ELDA
03	 03126	ELS POBLETS
03	 03067	FACHECA
03	 03068	FAMORCA
03	 03069	FINESTRAT
03	 03070	FORMENTERA DEL SEGURA
03	 03072	GAIANES
03	 03071	GATA DE GORGOS
03	 03073	GORGA
03	 03074	GRANJA DE ROCAMORA
03	 03076	GUARDAMAR DEL SEGURA
03	 03078	HONDON DE LOS FRAILES
03	 03079	IBI
03	 03080	JACARILLA
03	 03082	JAVEA XABIA
03	 03083	JIJONA XIXONA
03	 03094	LA NUCIA
03	 03114	LA ROMANA
03	 03134	LA VALL D  ALCALA
03	 03135	LA VALL D  EBO
03	 03137	LA VALL DE LAGUAR
03	 03011	L ALFAS DEL PI
03	 03017	L ALQUERIA D ASNAR
03	 03001	L ATZUBIA
03	 03085	LLIBER
03	 03084	LORCHA L ORXA
03	 03141	LOS MONTESINOS
03	 03086	MILLENA
03	 03088	MONFORTE DEL CID
03	 03089	MONOVAR MONOVER
03	 03091	MURLA
03	 03092	MURO DE ALCOY
03	 03090	MUTXAMEL
03	 03093	NOVELDA
03	 03095	ONDARA
03	 03096	ONIL
03	 03097	ORBA
03	 03099	ORIHUELA
03	 03098	ORXETA
03	 03100	PARCENT
03	 03101	PEDREGUER
03	 03102	PEGO
03	 03103	PENAGUILA
03	 03104	PETRER
03	 03142	PILAR DE LA HORADADA
03	 03106	PLANES
03	 03107	POLOP
03	 03060	QUATRETONDETA
03	 03109	RAFAL
03	 03111	REDOVAN
03	 03112	RELLEU
03	 03113	ROJALES
03	 03115	SAGRA
03	 03116	SALINAS
03	 03118	SAN FULGENCIO
03	 03143	SAN ISIDRO
03	 03120	SAN MIGUEL DE SALINAS
03	 03122	SAN VICENTE DEL RASPEIG SANT V
03	 03117	SANET Y NEGRALS
03	 03119	SANT JOAN D ALACANT
03	 03121	SANTA POLA
03	 03123	SAX
03	 03124	SELLA
03	 03125	SENIJA
03	 03127	TARBENA
03	 03128	TEULADA
03	 03129	TIBI
03	 03130	TOLLOS
03	 03131	TORMOS
03	 03132	TORREMANZANAS LA TORRE DE LES
03	 03133	TORREVIEJA
03	 03136	VALL DE GALLINERA
03	 03139	VILLAJOYOSA   LA VILA JOIOSA
03	 03140	VILLENA
03	 03081	XALO
04	 04001	ABLA
04	 04002	ABRUCENA
04	 04003	ADRA
04	 04004	ALBANCHEZ
04	 04005	ALBOLODUY
04	 04006	ALBOX
04	 04007	ALCOLEA
04	 04008	ALCONTAR
04	 04009	ALCUDIA DE MONTEAGUD
04	 04010	ALHABIA
04	 04011	ALHAMA DE ALMERIA
04	 04012	ALICUN
04	 04900	ALMERIA
04	 04014	ALMOCITA
04	 04015	ALSODUX
04	 04016	ANTAS
04	 04017	ARBOLEAS
04	 04018	ARMUÑA DE ALMANZORA
04	 04019	BACARES
04	 04106	BALANEGRA
04	 04020	BAYARCAL
04	 04021	BAYARQUE
04	 04022	BEDAR
04	 04023	BEIRES
04	 04024	BENAHADUX
04	 04026	BENITAGLA
04	 04027	BENIZALON
04	 04028	BENTARIQUE
04	 04029	BERJA
04	 04030	CANJAYAR
04	 04031	CANTORIA
04	 04032	CARBONERAS
04	 04033	CASTRO DE FILABRES
04	 04036	CHERCOS
04	 04037	CHIRIVEL
04	 04034	COBDAR
04	 04035	CUEVAS DEL ALMANZORA
04	 04038	DALIAS
04	 04104	EL EJIDO
04	 04041	ENIX
04	 04043	FELIX
04	 04044	FINES
04	 04045	FIÑANA
04	 04046	FONDON
04	 04047	GADOR
04	 04049	GARRUCHA
04	 04050	GERGAL
04	 04051	HUECIJA
04	 04052	HUERCAL DE ALMERIA
04	 04053	HUERCAL OVERA
04	 04054	ILLAR
04	 04055	INSTINCION
04	 04105	LA MOJONERA
04	 04056	LAROYA
04	 04040	LAS TRES VILLAS
04	 04057	LAUJAR DE ANDARAX
04	 04058	LIJAR
04	 04048	LOS GALLARDOS
04	 04059	LUBRIN
04	 04060	LUCAINENA DE LAS TORRES
04	 04061	LUCAR
04	 04062	MACAEL
04	 04063	MARIA
04	 04064	MOJACAR
04	 04065	NACIMIENTO
04	 04066	NIJAR
04	 04067	OHANES
04	 04068	OLULA DE CASTRO
04	 04069	OLULA DEL RIO
04	 04070	ORIA
04	 04071	PADULES
04	 04072	PARTALOA
04	 04073	PATERNA DEL RIO
04	 04074	PECHINA
04	 04075	PULPI
04	 04076	PURCHENA
04	 04077	RAGOL
04	 04078	RIOJA
04	 04079	ROQUETAS DE MAR
04	 04080	SANTA CRUZ DE MARCHENA
04	 04081	SANTA FE DE MONDUJAR
04	 04082	SENES
04	 04083	SERON
04	 04084	SIERRO
04	 04085	SOMONTIN
04	 04086	SORBAS
04	 04087	SUFLI
04	 04088	TABERNAS
04	 04089	TABERNO
04	 04090	TAHAL
04	 04091	TERQUE
04	 04092	TIJOLA
04	 04093	TURRE
04	 04094	TURRILLAS
04	 04095	ULEILA DEL CAMPO
04	 04096	URRACAL
04	 04097	VELEFIQUE
04	 04098	VELEZ BLANCO
04	 04099	VELEZ RUBIO
04	 04100	VERA
04	 04101	VIATOR
04	 04102	VICAR
04	 04103	ZURGENA
05	 05001	ADANERO
05	 05005	ALBORNOS
05	 05007	ALDEANUEVA DE SANTA CRUZ
05	 05008	ALDEASECA
05	 05012	AMAVIDA
05	 05014	ARENAS DE SAN PEDRO
05	 05015	AREVALILLO
05	 05016	AREVALO
05	 05017	AVEINTE
05	 05018	AVELLANEDA
05	 05900	AVILA
05	 05023	BARROMAN
05	 05024	BECEDAS
05	 05025	BECEDILLAS
05	 05026	BERCIAL DE ZAPARDIEL
05	 05029	BERNUY ZAPARDIEL
05	 05030	BERROCALEJO DE ARAGONA
05	 05033	BLASCOMILLAN
05	 05034	BLASCONUÑO DE MATACABRAS
05	 05035	BLASCOSANCHO
05	 05037	BOHOYO
05	 05038	BONILLA DE LA SIERRA
05	 05039	BRABOS
05	 05040	BULARROS
05	 05041	BURGOHONDO
05	 05042	CABEZAS DE ALAMBRE
05	 05043	CABEZAS DEL POZO
05	 05044	CABEZAS DEL VILLAR
05	 05045	CABIZUELA
05	 05046	CANALES
05	 05047	CANDELEDA
05	 05048	CANTIVEROS
05	 05049	CARDEÑOSA
05	 05052	CASAS DEL PUERTO
05	 05053	CASASOLA
05	 05054	CASAVIEJA
05	 05055	CASILLAS
05	 05056	CASTELLANOS DE ZAPARDIEL
05	 05057	CEBREROS
05	 05058	CEPEDA LA MORA
05	 05067	CHAMARTIN
05	 05059	CILLAN
05	 05060	CISLA
05	 05062	COLLADO DE CONTRERAS
05	 05063	COLLADO DEL MIRON
05	 05064	CONSTANZANA
05	 05065	CRESPOS
05	 05066	CUEVAS DEL VALLE
05	 05272	DIEGO DEL CARPIO
05	 05069	DONJIMENO
05	 05070	DONVIDAS
05	 05013	EL ARENAL
05	 05021	EL BARCO DE AVILA
05	 05022	EL BARRACO
05	 05036	EL BOHODON
05	 05076	EL FRESNO
05	 05100	EL HORNILLO
05	 05102	EL HOYO DE PINARES
05	 05112	EL LOSAR DEL BARCO
05	 05129	EL MIRON
05	 05175	EL OSO
05	 05180	EL PARRAL
05	 05241	EL TIEMBLO
05	 05072	ESPINOSA DE LOS CABALLEROS
05	 05073	FLORES DE AVILA
05	 05074	FONTIVEROS
05	 05075	FRESNEDILLA
05	 05077	FUENTE EL SAUZ
05	 05078	FUENTES DE AÑO
05	 05079	GALLEGOS DE ALTAMIROS
05	 05080	GALLEGOS DE SOBRINOS
05	 05081	GARGANTA DEL VILLAR
05	 05082	GAVILANES
05	 05083	GEMUÑO
05	 05085	GIL GARCIA
05	 05084	GILBUENA
05	 05086	GIMIALCON
05	 05087	GOTARRENDURA
05	 05088	GRANDES Y SAN MARTIN
05	 05089	GUISANDO
05	 05090	GUTIERRE MUÑOZ
05	 05092	HERNANSANCHO
05	 05093	HERRADON DE PINARES
05	 05094	HERREROS DE SUSO
05	 05095	HIGUERA DE LAS DUEÑAS
05	 05099	HORCAJO DE LAS TORRES
05	 05101	HOYOCASERO
05	 05103	HOYORREDONDO
05	 05106	HOYOS DE MIGUEL MUÑOZ
05	 05104	HOYOS DEL COLLADO
05	 05105	HOYOS DEL ESPINO
05	 05107	HURTUMPASCUAL
05	 05108	JUNCIANA
05	 05002	LA ADRADA
05	 05010	LA ALDEHUELA
05	 05051	LA CARRERA
05	 05061	LA COLILLA
05	 05096	LA HIJA DE DIOS
05	 05097	LA HORCAJADA
05	 05232	LA SERRADA
05	 05246	LA TORRE
05	 05109	LANGA
05	 05110	LANZAHITA
05	 05027	LAS BERLANAS
05	 05168	LAS NAVAS DEL MARQUES
05	 05113	LOS LLANOS DE TORMES
05	 05114	MADRIGAL DE LAS ALTAS TORRES
05	 05115	MAELLO
05	 05116	MALPARTIDA DE CORNEJA
05	 05117	MAMBLAS
05	 05118	MANCERA DE ARRIBA
05	 05119	MANJABALAGO Y ORTIGOSA DE RIOA
05	 05120	MARLIN
05	 05121	MARTIHERRERO
05	 05122	MARTINEZ
05	 05123	MEDIANA DE VOLTOYA
05	 05124	MEDINILLA
05	 05125	MENGAMUÑOZ
05	 05126	MESEGAR DE CORNEJA
05	 05127	MIJARES
05	 05128	MINGORRIA
05	 05130	MIRONCILLO
05	 05131	MIRUEÑA DE LOS INFANZONES
05	 05132	MOMBELTRAN
05	 05133	MONSALUPE
05	 05134	MORALEJA DE MATACABRAS
05	 05135	MUÑANA
05	 05136	MUÑICO
05	 05138	MUÑOGALINDO
05	 05139	MUÑOGRANDE
05	 05140	MUÑOMER DEL PECO
05	 05141	MUÑOPEPE
05	 05142	MUÑOSANCHO
05	 05143	MUÑOTELLO
05	 05144	NARRILLOS DEL ALAMO
05	 05145	NARRILLOS DEL REBOLLAR
05	 05149	NARROS DE SALDUEÑA
05	 05147	NARROS DEL CASTILLO
05	 05148	NARROS DEL PUERTO
05	 05152	NAVA DE AREVALO
05	 05153	NAVA DEL BARCO
05	 05151	NAVACEPEDILLA DE CORNEJA
05	 05154	NAVADIJOS
05	 05155	NAVAESCURIAL
05	 05156	NAVAHONDILLA
05	 05157	NAVALACRUZ
05	 05158	NAVALMORAL
05	 05159	NAVALONGUILLA
05	 05160	NAVALOSA
05	 05161	NAVALPERAL DE PINARES
05	 05162	NAVALPERAL DE TORMES
05	 05163	NAVALUENGA
05	 05164	NAVAQUESERA
05	 05165	NAVARREDONDA DE GREDOS
05	 05166	NAVARREDONDILLA
05	 05167	NAVARREVISCA
05	 05169	NAVATALGORDO
05	 05170	NAVATEJARES
05	 05171	NEILA DE SAN MIGUEL
05	 05172	NIHARRA
05	 05173	OJOS ALBOS
05	 05174	ORBITA
05	 05176	PADIERNOS
05	 05177	PAJARES DE ADAJA
05	 05178	PALACIOS DE GODA
05	 05179	PAPATRIGO
05	 05181	PASCUALCOBO
05	 05182	PEDRO BERNARDO
05	 05183	PEDRO RODRIGUEZ
05	 05184	PEGUERINOS
05	 05185	PEÑALBA DE AVILA
05	 05186	PIEDRAHITA
05	 05187	PIEDRALAVES
05	 05188	POVEDA
05	 05189	POYALES DEL HOYO
05	 05190	POZANCO
05	 05191	PRADOSEGAR
05	 05192	PUERTO CASTILLA
05	 05193	RASUEROS
05	 05194	RIOCABADO
05	 05195	RIOFRIO
05	 05196	RIVILLA DE BARAJAS
05	 05197	SALOBRAL
05	 05198	SALVADIOS
05	 05199	SAN BARTOLOME DE BEJAR
05	 05200	SAN BARTOLOME DE CORNEJA
05	 05201	SAN BARTOLOME DE PINARES
05	 05206	SAN ESTEBAN DE LOS PATOS
05	 05208	SAN ESTEBAN DE ZAPARDIEL
05	 05207	SAN ESTEBAN DEL VALLE
05	 05209	SAN GARCIA DE INGELMOS
05	 05269	SAN JUAN DE GREDOS
05	 05210	SAN JUAN DE LA ENCINILLA
05	 05211	SAN JUAN DE LA NAVA
05	 05212	SAN JUAN DEL MOLINILLO
05	 05213	SAN JUAN DEL OLMO
05	 05214	SAN LORENZO DE TORMES
05	 05215	SAN MARTIN DE LA VEGA DEL ALBE
05	 05216	SAN MARTIN DEL PIMPOLLAR
05	 05217	SAN MIGUEL DE CORNEJA
05	 05218	SAN MIGUEL DE SERREZUELA
05	 05219	SAN PASCUAL
05	 05220	SAN PEDRO DEL ARROYO
05	 05231	SAN VICENTE DE AREVALO
05	 05204	SANCHIDRIAN
05	 05205	SANCHORREJA
05	 05222	SANTA CRUZ DE PINARES
05	 05221	SANTA CRUZ DEL VALLE
05	 05226	SANTA MARIA DE LOS CABALLEROS
05	 05224	SANTA MARIA DEL ARROYO
05	 05225	SANTA MARIA DEL BERROCAL
05	 05270	SANTA MARIA DEL CUBILLO
05	 05227	SANTA MARIA DEL TIETAR
05	 05228	SANTIAGO DEL COLLADO
05	 05273	SANTIAGO DEL TORMES
05	 05229	SANTO DOMINGO DE LAS POSADAS
05	 05230	SANTO TOME DE ZABARCOS
05	 05233	SERRANILLOS
05	 05234	SIGERES
05	 05235	SINLABAJOS
05	 05236	SOLANA DE AVILA
05	 05237	SOLANA DE RIOALMAR
05	 05238	SOLOSANCHO
05	 05239	SOTALBO
05	 05240	SOTILLO DE LA ADRADA
05	 05242	TIÑOSILLOS
05	 05243	TOLBAÑOS
05	 05244	TORMELLAS
05	 05245	TORNADIZOS DE AVILA
05	 05247	TORTOLES
05	 05249	UMBRIAS
05	 05251	VADILLO DE LA SIERRA
05	 05252	VALDECASA
05	 05253	VEGA DE SANTA MARIA
05	 05254	VELAYOS
05	 05256	VILLAFLOR
05	 05257	VILLAFRANCA DE LA SIERRA
05	 05274	VILLANUEVA DE AVILA
05	 05258	VILLANUEVA DE GOMEZ
05	 05259	VILLANUEVA DEL ACERAL
05	 05260	VILLANUEVA DEL CAMPILLO
05	 05261	VILLAR DE CORNEJA
05	 05262	VILLAREJO DEL VALLE
05	 05263	VILLATORO
05	 05264	VIÑEGRA DE MORAÑA
05	 05265	VITA
05	 05266	ZAPARDIEL DE LA CAÑADA
05	 05267	ZAPARDIEL DE LA RIBERA
06	 06001	ACEDERA
06	 06002	ACEUCHAL
06	 06003	AHILLONES
06	 06004	ALANGE
06	 06006	ALBURQUERQUE
06	 06007	ALCONCHEL
06	 06008	ALCONERA
06	 06009	ALJUCEN
06	 06010	ALMENDRAL
06	 06011	ALMENDRALEJO
06	 06012	ARROYO DE SAN SERVAN
06	 06013	ATALAYA
06	 06014	AZUAGA
06	 06900	BADAJOZ
06	 06016	BARCARROTA
06	 06017	BATERNO
06	 06018	BENQUERENCIA DE LA SERENA
06	 06019	BERLANGA
06	 06020	BIENVENIDA
06	 06021	BODONAL DE LA SIERRA
06	 06022	BURGUILLOS DEL CERRO
06	 06023	CABEZA DEL BUEY
06	 06024	CABEZA LA VACA
06	 06025	CALAMONTE
06	 06026	CALERA DE LEON
06	 06027	CALZADILLA DE LOS BARROS
06	 06028	CAMPANARIO
06	 06029	CAMPILLO DE LLERENA
06	 06030	CAPILLA
06	 06031	CARMONITA
06	 06033	CASAS DE DON PEDRO
06	 06034	CASAS DE REINA
06	 06035	CASTILBLANCO
06	 06036	CASTUERA
06	 06042	CHELES
06	 06038	CORDOBILLA DE LACARA
06	 06040	CORTE DE PELEAS
06	 06041	CRISTINA
06	 06043	DON ALVARO
06	 06044	DON BENITO
06	 06032	EL CARRASCALEJO
06	 06045	ENTRIN BAJO
06	 06046	ESPARRAGALEJO
06	 06047	ESPARRAGOSA DE LA SERENA
06	 06048	ESPARRAGOSA DE LARES
06	 06049	FERIA
06	 06050	FREGENAL DE LA SIERRA
06	 06051	FUENLABRADA DE LOS MONTES
06	 06052	FUENTE DE CANTOS
06	 06053	FUENTE DEL ARCO
06	 06054	FUENTE DEL MAESTRE
06	 06055	FUENTES DE LEON
06	 06056	GARBAYUELA
06	 06057	GARLITOS
06	 06059	GRANJA DE TORREHERMOSA
06	 06165	GUADIANA
06	 06060	GUAREÑA
06	 06062	HELECHOSA DE LOS MONTES
06	 06063	HERRERA DEL DUQUE
06	 06064	HIGUERA DE LA SERENA
06	 06065	HIGUERA DE LLERENA
06	 06066	HIGUERA DE VARGAS
06	 06067	HIGUERA LA REAL
06	 06068	HINOJOSA DEL VALLE
06	 06069	HORNACHOS
06	 06070	JEREZ DE LOS CABALLEROS
06	 06005	LA ALBUERA
06	 06037	LA CODOSERA
06	 06039	LA CORONADA
06	 06058	LA GARROVILLA
06	 06061	LA HABA
06	 06071	LA LAPA
06	 06089	LA MORERA
06	 06090	LA NAVA DE SANTIAGO
06	 06099	LA PARRA
06	 06115	LA ROCA DE LA SIERRA
06	 06162	LA ZARZA
06	 06073	LLERA
06	 06074	LLERENA
06	 06072	LOBON
06	 06122	LOS SANTOS DE MAIMONA
06	 06075	MAGACELA
06	 06076	MAGUILLA
06	 06077	MALCOCINADO
06	 06078	MALPARTIDA DE LA SERENA
06	 06079	MANCHITA
06	 06080	MEDELLIN
06	 06081	MEDINA DE LAS TORRES
06	 06082	MENGABRIL
06	 06083	MERIDA
06	 06084	MIRANDILLA
06	 06085	MONESTERIO
06	 06086	MONTEMOLIN
06	 06087	MONTERRUBIO DE LA SERENA
06	 06088	MONTIJO
06	 06091	NAVALVILLAR DE PELA
06	 06092	NOGALES
06	 06093	OLIVA DE LA FRONTERA
06	 06094	OLIVA DE MERIDA
06	 06095	OLIVENZA
06	 06096	ORELLANA DE LA SIERRA
06	 06097	ORELLANA LA VIEJA
06	 06098	PALOMAS
06	 06100	PEÑALSORDO
06	 06101	PERALEDA DEL ZAUCEJO
06	 06102	PUEBLA DE ALCOCER
06	 06103	PUEBLA DE LA CALZADA
06	 06104	PUEBLA DE LA REINA
06	 06107	PUEBLA DE OBANDO
06	 06108	PUEBLA DE SANCHO PEREZ
06	 06105	PUEBLA DEL MAESTRE
06	 06106	PUEBLA DEL PRIOR
06	 06167	PUEBLONUEVO DEL GUADIANA
06	 06109	QUINTANA DE LA SERENA
06	 06110	REINA
06	 06111	RENA
06	 06112	RETAMAL DE LLERENA
06	 06113	RIBERA DEL FRESNO
06	 06114	RISCO
06	 06116	SALVALEON
06	 06117	SALVATIERRA DE LOS BARROS
06	 06119	SAN PEDRO DE MERIDA
06	 06123	SAN VICENTE DE ALCANTARA
06	 06118	SANCTI SPIRITUS
06	 06120	SANTA AMALIA
06	 06121	SANTA MARTA
06	 06124	SEGURA DE LEON
06	 06125	SIRUELA
06	 06126	SOLANA DE LOS BARROS
06	 06127	TALARRUBIAS
06	 06128	TALAVERA LA REAL
06	 06129	TALIGA
06	 06130	TAMUREJO
06	 06131	TORRE DE MIGUEL SESMERO
06	 06132	TORREMAYOR
06	 06133	TORREMEJIA
06	 06134	TRASIERRA
06	 06135	TRUJILLANOS
06	 06136	USAGRE
06	 06137	VALDECABALLEROS
06	 06169	VALDELACALZADA
06	 06138	VALDETORRES
06	 06139	VALENCIA DE LAS TORRES
06	 06140	VALENCIA DEL MOMBUEY
06	 06141	VALENCIA DEL VENTOSO
06	 06146	VALLE DE LA SERENA
06	 06147	VALLE DE MATAMOROS
06	 06148	VALLE DE SANTA ANA
06	 06142	VALVERDE DE BURGUILLOS
06	 06143	VALVERDE DE LEGANES
06	 06144	VALVERDE DE LLERENA
06	 06145	VALVERDE DE MERIDA
06	 06149	VILLAFRANCA DE LOS BARROS
06	 06150	VILLAGARCIA DE LA TORRE
06	 06151	VILLAGONZALO
06	 06152	VILLALBA DE LOS BARROS
06	 06153	VILLANUEVA DE LA SERENA
06	 06154	VILLANUEVA DEL FRESNO
06	 06156	VILLAR DE RENA
06	 06155	VILLAR DEL REY
06	 06157	VILLARTA DE LOS MONTES
06	 06158	ZAFRA
06	 06159	ZAHINOS
06	 06160	ZALAMEA DE LA SERENA
06	 06161	ZARZA CAPILLA
07	 07002	ALAIOR
07	 07001	ALARO
07	 07003	ALCUDIA
07	 07004	ALGAIDA
07	 07005	ANDRATX
07	 07066	ARIANY
07	 07006	ARTA
07	 07007	BANYALBUFAR
07	 07008	BINISSALEM
07	 07009	BUGER
07	 07010	BUNYOLA
07	 07011	CALVIA
07	 07012	CAMPANET
07	 07013	CAMPOS
07	 07014	CAPDEPERA
07	 07015	CIUTADELLA DE MENORCA
07	 07016	CONSELL
07	 07017	COSTITX
07	 07018	DEIA
07	 07026	EIVISSA
07	 07064	ES CASTELL
07	 07037	ES MERCADAL
07	 07067	ES MIGJORN GRAN
07	 07019	ESCORCA
07	 07020	ESPORLES
07	 07021	ESTELLENCS
07	 07022	FELANITX
07	 07023	FERRERIES
07	 07024	FORMENTERA
07	 07025	FORNALUTX
07	 07027	INCA
07	 07028	LLORET DE VISTALEGRE
07	 07029	LLOSETA
07	 07030	LLUBI
07	 07031	LLUCMAJOR
07	 07033	MANACOR
07	 07034	MANCOR DE LA VALL
07	 07032	MAO MAHON
07	 07035	MARIA DE LA SALUT
07	 07036	MARRATXI
07	 07038	MONTUIRI
07	 07039	MURO
07	 07040	PALMA
07	 07041	PETRA
07	 07042	POLLEN A
07	 07043	PORRERES
07	 07045	PUIGPUNYENT
07	 07044	SA POBLA
07	 07046	SANT ANTONI DE PORTMANY
07	 07049	SANT JOAN
07	 07050	SANT JOAN DE LABRITJA
07	 07048	SANT JOSEP DE SA TALAIA
07	 07051	SANT LLOREN  DES CARDASSAR
07	 07052	SANT LLUIS
07	 07053	SANTA EUGENIA
07	 07054	SANTA EULARIA DES RIU
07	 07055	SANTA MARGALIDA
07	 07056	SANTA MARIA DEL CAMI
07	 07057	SANTANYI
07	 07058	SELVA
07	 07047	SENCELLES
07	 07059	SES SALINES
07	 07060	SINEU
07	 07061	SOLLER
07	 07062	SON SERVERA
07	 07063	VALLDEMOSSA
07	 07065	VILAFRANCA DE BONANY
08	 08001	ABRERA
08	 08002	AGUILAR DE SEGARRA
08	 08014	AIGUAFREDA
08	 08003	ALELLA
08	 08004	ALPENS
08	 08006	ARENYS DE MAR
08	 08007	ARENYS DE MUNT
08	 08008	ARGEN OLA
08	 08009	ARGENTONA
08	 08010	ARTES
08	 08011	AVIA
08	 08012	AVINYO
08	 08013	AVINYONET DEL PENEDES
08	 08015	BADALONA
08	 08312	BADIA DEL VALLES
08	 08016	BAGA
08	 08017	BALENYA
08	 08018	BALSARENY
08	 08252	BARBERA DEL VALLES
08	 08900	BARCELONA
08	 08020	BEGUES
08	 08021	BELLPRAT
08	 08022	BERGA
08	 08023	BIGUES I RIELLS
08	 08024	BORREDA
08	 08028	CABRERA D ANOIA
08	 08029	CABRERA DE MAR
08	 08030	CABRILS
08	 08031	CALAF
08	 08034	CALDERS
08	 08033	CALDES DE MONTBUI
08	 08032	CALDES D ESTRAC
08	 08035	CALELLA
08	 08224	CALLDETENES
08	 08037	CALLUS
08	 08036	CALONGE DE SEGARRA
08	 08038	CAMPINS
08	 08039	CANET DE MAR
08	 08040	CANOVELLES
08	 08041	CANOVES I SAMALUS
08	 08042	CANYELLES
08	 08043	CAPELLADES
08	 08044	CAPOLAT
08	 08045	CARDEDEU
08	 08046	CARDONA
08	 08047	CARME
08	 08048	CASSERRES
08	 08056	CASTELL DE L ARENY
08	 08051	CASTELLAR DE N HUG
08	 08049	CASTELLAR DEL RIU
08	 08050	CASTELLAR DEL VALLES
08	 08052	CASTELLBELL I EL VILAR
08	 08053	CASTELLBISBAL
08	 08054	CASTELLCIR
08	 08055	CASTELLDEFELS
08	 08057	CASTELLET I LA GORNAL
08	 08059	CASTELLFOLLIT DE RIUBREGOS
08	 08058	CASTELLFOLLIT DEL BOIX
08	 08060	CASTELLGALI
08	 08061	CASTELLNOU DE BAGES
08	 08062	CASTELLOLI
08	 08063	CASTELLTER OL
08	 08064	CASTELLVI DE LA MARCA
08	 08065	CASTELLVI DE ROSANES
08	 08066	CENTELLES
08	 08268	CERCS
08	 08266	CERDANYOLA DEL VALLES
08	 08067	CERVELLO
08	 08068	COLLBATO
08	 08069	COLLSUSPINA
08	 08070	COPONS
08	 08071	CORBERA DE LLOBREGAT
08	 08072	CORNELLA DE LLOBREGAT
08	 08073	CUBELLES
08	 08074	DOSRIUS
08	 08025	EL BRUC
08	 08026	EL BRULL
08	 08117	EL MASNOU
08	 08157	EL PAPIOL
08	 08163	EL PLA DEL PENEDES
08	 08181	EL PONT DE VILOMARA I ROCAFORT
08	 08168	EL PRAT DE LLOBREGAT
08	 08161	ELS HOSTALETS DE PIEROLA
08	 08169	ELS PRATS DE REI
08	 08075	ESPARREGUERA
08	 08076	ESPLUGUES DE LLOBREGAT
08	 08254	ESQUIROL  L
08	 08133	FIGARO MONTMANY
08	 08079	FIGOLS
08	 08081	FOGARS DE LA SELVA
08	 08080	FOGARS DE MONTCLUS
08	 08082	FOLGUEROLES
08	 08083	FONOLLOSA
08	 08084	FONT RUBI
08	 08089	GAIA
08	 08086	GALLIFA
08	 08088	GAVA
08	 08090	GELIDA
08	 08091	GIRONELLA
08	 08092	GISCLARENY
08	 08094	GRANERA
08	 08095	GRANOLLERS
08	 08096	GUALBA
08	 08098	GUARDIOLA DE BERGUEDA
08	 08099	GURB
08	 08101	IGUALADA
08	 08102	JORBA
08	 08005	L  AMETLLA DEL VALLES
08	 08077	L  ESPUNYOLA
08	 08078	L  ESTANY
08	 08087	LA GARRIGA
08	 08093	LA GRANADA
08	 08103	LA LLACUNA
08	 08104	LA LLAGOSTA
08	 08141	LA NOU DE BERGUEDA
08	 08313	LA PALMA DE CERVELLO
08	 08164	LA POBLA DE CLARAMUNT
08	 08165	LA POBLA DE LILLET
08	 08176	LA QUAR
08	 08180	LA ROCA DEL VALLES
08	 08286	LA TORRE DE CLARAMUNT
08	 08027	LES CABANYES
08	 08085	LES FRANQUESES DEL VALLES
08	 08115	LES MASIES DE RODA
08	 08116	LES MASIES DE VOLTREGA
08	 08100	L HOSPITALET DE LLOBREGAT
08	 08106	LLI A D AMUNT
08	 08107	LLI A DE VALL
08	 08105	LLINARS DEL VALLES
08	 08108	LLU A
08	 08109	MALGRAT DE MAR
08	 08110	MALLA
08	 08111	MANLLEU
08	 08112	MANRESA
08	 08242	MARGANELL
08	 08113	MARTORELL
08	 08114	MARTORELLES
08	 08118	MASQUEFA
08	 08119	MATADEPERA
08	 08120	MATARO
08	 08121	MEDIONA
08	 08137	MOIA
08	 08122	MOLINS DE REI
08	 08123	MOLLET DEL VALLES
08	 08127	MONISTROL DE CALDERS
08	 08126	MONISTROL DE MONTSERRAT
08	 08124	MONTCADA I REIXAC
08	 08129	MONTCLAR
08	 08130	MONTESQUIU
08	 08125	MONTGAT
08	 08131	MONTMAJOR
08	 08132	MONTMANEU
08	 08134	MONTMELO
08	 08135	MONTORNES DEL VALLES
08	 08136	MONTSENY
08	 08128	MUNTANYOLA
08	 08138	MURA
08	 08139	NAVARCLES
08	 08140	NAVAS
08	 08142	ODENA
08	 08144	OLERDOLA
08	 08145	OLESA DE BONESVALLS
08	 08146	OLESA DE MONTSERRAT
08	 08147	OLIVELLA
08	 08148	OLOST
08	 08143	OLVAN
08	 08149	ORIS
08	 08150	ORISTA
08	 08151	ORPI
08	 08152	ORRIUS
08	 08153	PACS DEL PENEDES
08	 08154	PALAFOLLS
08	 08155	PALAU SOLITA I PLEGAMANS
08	 08156	PALLEJA
08	 08158	PARETS DEL VALLES
08	 08159	PERAFITA
08	 08160	PIERA
08	 08162	PINEDA DE MAR
08	 08166	POLINYA
08	 08167	PONTONS
08	 08170	PRATS DE LLU ANES
08	 08230	PREMIA DE DALT
08	 08171	PREMIA DE MAR
08	 08173	PUIGDALBER
08	 08174	PUIG REIG
08	 08175	PUJALT
08	 08177	RAJADELL
08	 08178	RELLINARS
08	 08179	RIPOLLET
08	 08182	RODA DE TER
08	 08183	RUBI
08	 08184	RUBIO
08	 08185	RUPIT I PRUIT
08	 08186	SABADELL
08	 08187	SAGAS
08	 08189	SALDES
08	 08190	SALLENT
08	 08193	SANT ADRIA DE BESOS
08	 08194	SANT AGUSTI DE LLU ANES
08	 08195	SANT ANDREU DE LA BARCA
08	 08196	SANT ANDREU DE LLAVANERES
08	 08197	SANT ANTONI DE VILAMAJOR
08	 08198	SANT BARTOMEU DEL GRAU
08	 08199	SANT BOI DE LLOBREGAT
08	 08200	SANT BOI DE LLU ANES
08	 08202	SANT CEBRIA DE VALLALTA
08	 08201	SANT CELONI
08	 08203	SANT CLIMENT DE LLOBREGAT
08	 08204	SANT CUGAT DEL VALLES
08	 08205	SANT CUGAT SESGARRIGUES
08	 08206	SANT ESTEVE DE PALAUTORDERA
08	 08207	SANT ESTEVE SESROVIRES
08	 08209	SANT FELIU DE CODINES
08	 08210	SANT FELIU DE LLOBREGAT
08	 08211	SANT FELIU SASSERRA
08	 08208	SANT FOST DE CAMPSENTELLES
08	 08212	SANT FRUITOS DE BAGES
08	 08214	SANT HIPOLIT DE VOLTREGA
08	 08192	SANT ISCLE DE VALLALTA
08	 08215	SANT JAUME DE FRONTANYA
08	 08225	SANT JOAN DE VILATORRADA
08	 08216	SANT JOAN DESPI
08	 08311	SANT JULIA DE CERDANYOLA
08	 08218	SANT JULIA DE VILATORTA
08	 08219	SANT JUST DESVERN
08	 08220	SANT LLOREN  D HORTONS
08	 08221	SANT LLOREN  SAVALL
08	 08223	SANT MARTI D ALBARS
08	 08222	SANT MARTI DE CENTELLES
08	 08226	SANT MARTI DE TOUS
08	 08227	SANT MARTI SARROCA
08	 08228	SANT MARTI SESGUEIOLES
08	 08229	SANT MATEU DE BAGES
08	 08231	SANT PERE DE RIBES
08	 08232	SANT PERE DE RIUDEBITLLES
08	 08233	SANT PERE DE TORELLO
08	 08234	SANT PERE DE VILAMAJOR
08	 08188	SANT PERE SALLAVINERA
08	 08235	SANT POL DE MAR
08	 08236	SANT QUINTI DE MEDIONA
08	 08237	SANT QUIRZE DE BESORA
08	 08238	SANT QUIRZE DEL VALLES
08	 08239	SANT QUIRZE SAFAJA
08	 08240	SANT SADURNI D ANOIA
08	 08241	SANT SADURNI D OSORMORT
08	 08097	SANT SALVADOR DE GUARDIOLA
08	 08262	SANT VICEN  DE CASTELLET
08	 08264	SANT VICEN  DE MONTALT
08	 08265	SANT VICEN  DE TORELLO
08	 08263	SANT VICEN  DELS HORTS
08	 08243	SANTA CECILIA DE VOLTREGA
08	 08244	SANTA COLOMA DE CERVELLO
08	 08245	SANTA COLOMA DE GRAMENET
08	 08246	SANTA EUGENIA DE BERGA
08	 08247	SANTA EULALIA DE RIUPRIMER
08	 08248	SANTA EULALIA DE RON ANA
08	 08249	SANTA FE DEL PENEDES
08	 08250	SANTA MARGARIDA DE MONTBUI
08	 08251	SANTA MARGARIDA I ELS MONJOS
08	 08253	SANTA MARIA DE BESORA
08	 08256	SANTA MARIA DE MARTORELLES
08	 08255	SANTA MARIA DE MERLES
08	 08257	SANTA MARIA DE MIRALLES
08	 08259	SANTA MARIA DE PALAUTORDERA
08	 08258	SANTA MARIA D OLO
08	 08260	SANTA PERPETUA DE MOGODA
08	 08261	SANTA SUSANNA
08	 08191	SANTPEDOR
08	 08267	SENTMENAT
08	 08269	SEVA
08	 08270	SITGES
08	 08271	SOBREMUNT
08	 08272	SORA
08	 08273	SUBIRATS
08	 08274	SURIA
08	 08276	TAGAMANENT
08	 08277	TALAMANCA
08	 08278	TARADELL
08	 08275	TAVERNOLES
08	 08280	TAVERTET
08	 08281	TEIA
08	 08279	TERRASSA
08	 08282	TIANA
08	 08283	TONA
08	 08284	TORDERA
08	 08285	TORELLO
08	 08287	TORRELAVIT
08	 08288	TORRELLES DE FOIX
08	 08289	TORRELLES DE LLOBREGAT
08	 08290	ULLASTRELL
08	 08291	VACARISSES
08	 08292	VALLBONA D ANOIA
08	 08293	VALLCEBRE
08	 08295	VALLGORGUINA
08	 08296	VALLIRANA
08	 08297	VALLROMANES
08	 08298	VECIANA
08	 08299	VIC
08	 08300	VILADA
08	 08302	VILADECANS
08	 08301	VILADECAVALLS
08	 08306	VILAFRANCA DEL PENEDES
08	 08307	VILALBA SASSERRA
08	 08304	VILANOVA DE SAU
08	 08303	VILANOVA DEL CAMI
08	 08310	VILANOVA DEL VALLES
08	 08308	VILANOVA I LA GELTRU
08	 08213	VILASSAR DE DALT
08	 08217	VILASSAR DE MAR
08	 08305	VILOBI DEL PENEDES
08	 08309	VIVER I SERRATEIX
09	 09001	ABAJAS
09	 09003	ADRADA DE HAZA
09	 09006	AGUAS CANDIDAS
09	 09007	AGUILAR DE BUREBA
09	 09009	ALBILLOS
09	 09010	ALCOCERO DE MOLA
09	 09011	ALFOZ DE BRICIA
09	 09290	ALFOZ DE QUINTANADUEÑAS
09	 09012	ALFOZ DE SANTA GADEA
09	 09013	ALTABLE
09	 09016	AMEYUGO
09	 09017	ANGUIX
09	 09018	ARANDA DE DUERO
09	 09019	ARANDILLA
09	 09020	ARAUZO DE MIEL
09	 09021	ARAUZO DE SALCE
09	 09022	ARAUZO DE TORRE
09	 09023	ARCOS
09	 09024	ARENILLAS DE RIOPISUERGA
09	 09026	ARIJA
09	 09027	ARLANZON
09	 09028	ARRAYA DE OCA
09	 09030	ATAPUERCA
09	 09033	AVELLANOSA DE MUÑO
09	 09034	BAHABON DE ESGUEVA
09	 09036	BAÑOS DE VALDEARADOS
09	 09037	BAÑUELOS DE BUREBA
09	 09038	BARBADILLO DE HERREROS
09	 09039	BARBADILLO DEL MERCADO
09	 09040	BARBADILLO DEL PEZ
09	 09042	BARRIO DE MUÑO
09	 09045	BARRIOS DE COLINA
09	 09047	BASCONCILLOS DEL TOZO
09	 09048	BASCUÑANA
09	 09049	BELBIMBRE
09	 09050	BELORADO
09	 09052	BERBERANA
09	 09053	BERLANGAS DE ROA
09	 09054	BERZOSA DE BUREBA
09	 09056	BOZOO
09	 09057	BRAZACORTA
09	 09058	BRIVIESCA
09	 09059	BUGEDO
09	 09060	BUNIEL
09	 09900	BURGOS
09	 09062	BUSTO DE BUREBA
09	 09063	CABAÑES DE ESGUEVA
09	 09064	CABEZON DE LA SIERRA
09	 09066	CALERUEGA
09	 09068	CAMPILLO DE ARANDA
09	 09069	CAMPOLARA
09	 09070	CANICOSA DE LA SIERRA
09	 09071	CANTABRANA
09	 09073	CARAZO
09	 09074	CARCEDO DE BUREBA
09	 09075	CARCEDO DE BURGOS
09	 09076	CARDEÑADIJO
09	 09077	CARDEÑAJIMENO
09	 09078	CARDEÑUELA RIOPICO
09	 09079	CARRIAS
09	 09080	CASCAJARES DE BUREBA
09	 09081	CASCAJARES DE LA SIERRA
09	 09082	CASTELLANOS DE CASTRO
09	 09086	CASTIL DE PEONES
09	 09085	CASTILDELGADO
09	 09087	CASTRILLO DE LA REINA
09	 09088	CASTRILLO DE LA VEGA
09	 09091	CASTRILLO DE RIOPISUERGA
09	 09089	CASTRILLO DEL VAL
09	 09093	CASTRILLO MOTA DE JUDIOS
09	 09094	CASTROJERIZ
09	 09065	CAVIA
09	 09096	CAYUELA
09	 09097	CEBRECOS
09	 09098	CELADA DEL CAMINO
09	 09101	CEREZO DE RIO TIRON
09	 09103	CERRATON DE JUARROS
09	 09104	CIADONCHA
09	 09105	CILLAPERLATA
09	 09106	CILLERUELO DE ABAJO
09	 09107	CILLERUELO DE ARRIBA
09	 09108	CIRUELOS DE CERVERA
09	 09111	COGOLLOS
09	 09112	CONDADO DE TREVIÑO
09	 09113	CONTRERAS
09	 09115	CORUÑA DEL CONDE
09	 09116	COVARRUBIAS
09	 09117	CUBILLO DEL CAMPO
09	 09118	CUBO DE BUREBA
09	 09122	CUEVAS DE SAN CLEMENTE
09	 09123	ENCIO
09	 09125	ESPINOSA DE CERVERA
09	 09127	ESPINOSA DE LOS MONTEROS
09	 09126	ESPINOSA DEL CAMINO
09	 09128	ESTEPAR
09	 09130	FONTIOSO
09	 09131	FRANDOVINEZ
09	 09132	FRESNEDA DE LA SIERRA TIRON
09	 09133	FRESNEÑA
09	 09134	FRESNILLO DE LAS DUEÑAS
09	 09135	FRESNO DE RIO TIRON
09	 09136	FRESNO DE RODILLA
09	 09137	FRIAS
09	 09138	FUENTEBUREBA
09	 09139	FUENTECEN
09	 09140	FUENTELCESPED
09	 09141	FUENTELISENDO
09	 09142	FUENTEMOLINOS
09	 09143	FUENTENEBRO
09	 09144	FUENTESPINA
09	 09146	GALBARROS
09	 09151	GRIJALBA
09	 09152	GRISALEÑA
09	 09154	GUMIEL DE IZAN
09	 09155	GUMIEL DE MERCADO
09	 09157	HACINAS
09	 09158	HAZA
09	 09162	HONTANAS
09	 09163	HONTANGAS
09	 09165	HONTORIA DE LA CANTERA
09	 09167	HONTORIA DE VALDEARADOS
09	 09166	HONTORIA DEL PINAR
09	 09170	HORNILLOS DEL CAMINO
09	 09172	HORTIGUELA
09	 09173	HOYALES DE ROA
09	 09175	HUERMECES
09	 09176	HUERTA DE ARRIBA
09	 09177	HUERTA DE REY
09	 09178	HUMADA
09	 09179	HURONES
09	 09180	IBEAS DE JUARROS
09	 09181	IBRILLOS
09	 09182	IGLESIARRUBIA
09	 09183	IGLESIAS
09	 09184	ISAR
09	 09185	ITERO DEL CASTILLO
09	 09186	JARAMILLO DE LA FUENTE
09	 09187	JARAMILLO QUEMADO
09	 09192	JUNTA DE TRASLALOMA
09	 09193	JUNTA DE VILLALBA DE LOSA
09	 09194	JURISDICCION DE LARA
09	 09195	JURISDICCION DE SAN ZADORNIL
09	 09120	LA CUEVA DE ROA
09	 09147	LA GALLEGA
09	 09171	LA HORRA
09	 09284	LA PUEBLA DE ARGANZON
09	 09323	LA REVILLA Y AHEDO
09	 09377	LA SEQUERA DE HAZA
09	 09434	LA VID DE BUREBA
09	 09433	LA VID Y BARRIOS
09	 09169	LAS HORMAZAS
09	 09307	LAS QUINTANILLAS
09	 09197	LERMA
09	 09199	LLANO DE BUREBA
09	 09014	LOS ALTOS
09	 09031	LOS AUSINES
09	 09035	LOS BALBASES
09	 09044	LOS BARRIOS DE BUREBA
09	 09200	MADRIGAL DEL MONTE
09	 09201	MADRIGALEJO DEL MONTE
09	 09202	MAHAMUD
09	 09203	MAMBRILLA DE CASTREJON
09	 09204	MAMBRILLAS DE LARA
09	 09205	MAMOLAR
09	 09206	MANCILES
09	 09211	MAZUELA
09	 09213	MECERREYES
09	 09214	MEDINA DE POMAR
09	 09216	MELGAR DE FERNAMENTAL
09	 09218	MERINDAD DE CUESTA URRIA
09	 09219	MERINDAD DE MONTIJA
09	 09409	MERINDAD DE RIO UBIERNA
09	 09220	MERINDAD DE SOTOSCUEVA
09	 09221	MERINDAD DE VALDEPORRES
09	 09222	MERINDAD DE VALDIVIELSO
09	 09223	MILAGROS
09	 09224	MIRANDA DE EBRO
09	 09225	MIRAVECHE
09	 09226	MODUBAR DE LA EMPAREDADA
09	 09228	MONASTERIO DE LA SIERRA
09	 09229	MONASTERIO DE RODILLA
09	 09230	MONCALVILLO
09	 09231	MONTERRUBIO DE LA DEMANDA
09	 09232	MONTORIO
09	 09233	MORADILLO DE ROA
09	 09235	NAVA DE ROA
09	 09236	NAVAS DE BUREBA
09	 09237	NEBREDA
09	 09238	NEILA
09	 09241	OLMEDILLO DE ROA
09	 09242	OLMILLOS DE MUÑO
09	 09245	OÑA
09	 09246	OQUILLAS
09	 09248	ORBANEJA RIOPICO
09	 09250	PADILLA DE ABAJO
09	 09251	PADILLA DE ARRIBA
09	 09252	PADRONES DE BUREBA
09	 09254	PALACIOS DE LA SIERRA
09	 09255	PALACIOS DE RIOPISUERGA
09	 09256	PALAZUELOS DE LA SIERRA
09	 09257	PALAZUELOS DE MUÑO
09	 09258	PAMPLIEGA
09	 09259	PANCORBO
09	 09261	PARDILLA
09	 09263	PARTIDO DE LA SIERRA EN TOBALI
09	 09264	PEDROSA DE DUERO
09	 09267	PEDROSA DE RIO URBEL
09	 09265	PEDROSA DEL PARAMO
09	 09266	PEDROSA DEL PRINCIPE
09	 09269	PEÑARANDA DE DUERO
09	 09270	PERAL DE ARLANZA
09	 09273	PIERNIGAS
09	 09274	PINEDA DE LA SIERRA
09	 09275	PINEDA TRASMONTE
09	 09276	PINILLA DE LOS BARRUECOS
09	 09277	PINILLA DE LOS MOROS
09	 09278	PINILLA TRASMONTE
09	 09280	POZA DE LA SAL
09	 09281	PRADANOS DE BUREBA
09	 09282	PRADOLUENGO
09	 09283	PRESENCIO
09	 09285	PUENTEDURA
09	 09287	QUEMADA
09	 09289	QUINTANA DEL PIDIO
09	 09288	QUINTANABUREBA
09	 09291	QUINTANAELEZ
09	 09296	QUINTANAORTUÑO
09	 09297	QUINTANAPALLA
09	 09298	QUINTANAR DE LA SIERRA
09	 09301	QUINTANAVIDES
09	 09304	QUINTANILLA DE LA MATA
09	 09303	QUINTANILLA DEL AGUA Y TORDUEL
09	 09305	QUINTANILLA DEL COCO
09	 09308	QUINTANILLA SAN GARCIA
09	 09311	QUINTANILLA VIVAR
09	 09312	RABANERA DEL PINAR
09	 09313	RABANOS
09	 09314	RABE DE LAS CALZADAS
09	 09316	REBOLLEDO DE LA TORRE
09	 09317	REDECILLA DEL CAMINO
09	 09318	REDECILLA DEL CAMPO
09	 09319	REGUMIEL DE LA SIERRA
09	 09320	REINOSO
09	 09322	RETUERTA
09	 09325	REVILLA DEL CAMPO
09	 09327	REVILLA VALLEJERA
09	 09326	REVILLARRUZ
09	 09328	REZMONDO
09	 09329	RIOCAVADO DE LA SIERRA
09	 09332	ROA
09	 09334	ROJAS
09	 09336	ROYUELA DE RIO FRANCO
09	 09337	RUBENA
09	 09338	RUBLACEDO DE ABAJO
09	 09339	RUCANDIO
09	 09340	SALAS DE BUREBA
09	 09341	SALAS DE LOS INFANTES
09	 09343	SALDAÑA DE BURGOS
09	 09345	SALINILLAS DE BUREBA
09	 09346	SAN ADRIAN DE JUARROS
09	 09348	SAN JUAN DEL MONTE
09	 09349	SAN MAMES DE BURGOS
09	 09350	SAN MARTIN DE RUBIALES
09	 09351	SAN MILLAN DE LARA
09	 09372	SAN VICENTE DEL VALLE
09	 09354	SANTA CECILIA
09	 09356	SANTA CRUZ DE LA SALCEDA
09	 09357	SANTA CRUZ DEL VALLE URBION
09	 09358	SANTA GADEA DEL CID
09	 09359	SANTA INES
09	 09361	SANTA MARIA DEL CAMPO
09	 09362	SANTA MARIA DEL INVIERNO
09	 09363	SANTA MARIA DEL MERCADILLO
09	 09364	SANTA MARIA RIBARREDONDA
09	 09366	SANTA OLALLA DE BUREBA
09	 09367	SANTIBAÑEZ DE ESGUEVA
09	 09368	SANTIBAÑEZ DEL VAL
09	 09370	SANTO DOMINGO DE SILOS
09	 09373	SARGENTES DE LA LORA
09	 09374	SARRACIN
09	 09375	SASAMON
09	 09378	SOLARANA
09	 09380	SORDILLOS
09	 09381	SOTILLO DE LA RIBERA
09	 09384	SOTRAGERO
09	 09385	SOTRESGUDO
09	 09386	SUSINOS DEL PARAMO
09	 09387	TAMARON
09	 09389	TARDAJOS
09	 09390	TEJADA
09	 09392	TERRADILLOS DE ESGUEVA
09	 09393	TINIEBLAS DE LA SIERRA
09	 09394	TOBAR
09	 09396	TORDOMAR
09	 09398	TORRECILLA DEL MONTE
09	 09399	TORREGALINDO
09	 09400	TORRELARA
09	 09401	TORREPADRE
09	 09402	TORRESANDINO
09	 09403	TORTOLES DE ESGUEVA
09	 09404	TOSANTOS
09	 09406	TRESPADERNE
09	 09407	TUBILLA DEL AGUA
09	 09408	TUBILLA DEL LAGO
09	 09410	URBEL DEL CASTILLO
09	 09412	VADOCONDES
09	 09415	VALDEANDE
09	 09417	VALDEZATE
09	 09418	VALDORROS
09	 09420	VALLARTA DE BUREBA
09	 09331	VALLE DE LAS NAVAS
09	 09191	VALLE DE LOSA
09	 09421	VALLE DE MANZANEDO
09	 09422	VALLE DE MENA
09	 09423	VALLE DE OCA
09	 09369	VALLE DE SANTIBAÑEZ
09	 09376	VALLE DE SEDANO
09	 09424	VALLE DE TOBALINA
09	 09425	VALLE DE VALDEBEZANA
09	 09426	VALLE DE VALDELAGUNA
09	 09427	VALLE DE VALDELUCIO
09	 09428	VALLE DE ZAMANZAS
09	 09429	VALLEJERA
09	 09430	VALLES DE PALENZUELA
09	 09431	VALLUERCANES
09	 09419	VALMALA
09	 09435	VILEÑA
09	 09439	VILLADIEGO
09	 09440	VILLAESCUSA DE ROA
09	 09441	VILLAESCUSA LA SOMBRIA
09	 09442	VILLAESPASA
09	 09443	VILLAFRANCA MONTES DE OCA
09	 09445	VILLAFRUELA
09	 09446	VILLAGALIJO
09	 09447	VILLAGONZALO PEDERNALES
09	 09450	VILLAHOZ
09	 09451	VILLALBA DE DUERO
09	 09452	VILLALBILLA DE BURGOS
09	 09453	VILLALBILLA DE GUMIEL
09	 09455	VILLALDEMIRO
09	 09456	VILLALMANZO
09	 09458	VILLAMAYOR DE LOS MONTES
09	 09459	VILLAMAYOR DE TREVIÑO
09	 09460	VILLAMBISTIA
09	 09461	VILLAMEDIANILLA
09	 09462	VILLAMIEL DE LA SIERRA
09	 09463	VILLANGOMEZ
09	 09464	VILLANUEVA DE ARGAÑO
09	 09465	VILLANUEVA DE CARAZO
09	 09466	VILLANUEVA DE GUMIEL
09	 09470	VILLANUEVA DE TEBA
09	 09471	VILLAQUIRAN DE LA PUEBLA
09	 09472	VILLAQUIRAN DE LOS INFANTES
09	 09473	VILLARCAYO DE MERINDAD DE CAST
09	 09474	VILLARIEZO
09	 09477	VILLASANDINO
09	 09480	VILLASUR DE HERREROS
09	 09481	VILLATUELDA
09	 09483	VILLAVERDE DEL MONTE
09	 09484	VILLAVERDE MOGINA
09	 09488	VILLAYERNO MORQUILLAS
09	 09489	VILLAZOPEQUE
09	 09490	VILLEGAS
09	 09493	VILLORUEBO
09	 09436	VILORIA DE RIOJA
09	 09437	VILVIESTRE DEL PINAR
09	 09496	VIZCAINOS
09	 09498	ZAEL
09	 09500	ZARZOSA DE RIO PISUERGA
09	 09501	ZAZUAR
09	 09503	ZUÑEDA
10	 10001	ABADIA
10	 10002	ABERTURA
10	 10003	ACEBO
10	 10004	ACEHUCHE
10	 10005	ACEITUNA
10	 10006	AHIGAL
10	 10224	ALAGON DEL RIO
10	 10007	ALBALA
10	 10008	ALCANTARA
10	 10009	ALCOLLARIN
10	 10010	ALCUESCAR
10	 10012	ALDEA DEL CANO
10	 10011	ALDEACENTENERA
10	 10014	ALDEANUEVA DE LA VERA
10	 10015	ALDEANUEVA DEL CAMINO
10	 10016	ALDEHUELA DE JERTE
10	 10017	ALIA
10	 10018	ALISEDA
10	 10019	ALMARAZ
10	 10020	ALMOHARIN
10	 10022	ARROYO DE LA LUZ
10	 10024	ARROYOMOLINOS
10	 10023	ARROYOMOLINOS DE LA VERA
10	 10025	BAÑOS DE MONTEMAYOR
10	 10026	BARRADO
10	 10027	BELVIS DE MONROY
10	 10028	BENQUERENCIA
10	 10029	BERROCALEJO
10	 10030	BERZOCANA
10	 10031	BOHONAL DE IBOR
10	 10032	BOTIJA
10	 10033	BROZAS
10	 10034	CABAÑAS DEL CASTILLO
10	 10035	CABEZABELLOSA
10	 10036	CABEZUELA DEL VALLE
10	 10037	CABRERO
10	 10900	CACERES
10	 10039	CACHORRILLA
10	 10040	CADALSO
10	 10041	CALZADILLA
10	 10042	CAMINOMORISCO
10	 10043	CAMPILLO DE DELEITOSA
10	 10044	CAMPO LUGAR
10	 10045	CAÑAMERO
10	 10046	CAÑAVERAL
10	 10047	CARBAJO
10	 10048	CARCABOSO
10	 10049	CARRASCALEJO
10	 10050	CASAR DE CACERES
10	 10051	CASAR DE PALOMERO
10	 10052	CASARES DE LAS HURDES
10	 10053	CASAS DE DON ANTONIO
10	 10054	CASAS DE DON GOMEZ
10	 10057	CASAS DE MILLAN
10	 10058	CASAS DE MIRAVETE
10	 10055	CASAS DEL CASTAÑAR
10	 10056	CASAS DEL MONTE
10	 10059	CASATEJADA
10	 10060	CASILLAS DE CORIA
10	 10061	CASTAÑAR DE IBOR
10	 10062	CECLAVIN
10	 10063	CEDILLO
10	 10064	CEREZO
10	 10065	CILLEROS
10	 10066	COLLADO DE LA VERA
10	 10067	CONQUISTA DE LA SIERRA
10	 10068	CORIA
10	 10069	CUACOS DE YUSTE
10	 10071	DELEITOSA
10	 10072	DESCARGAMARIA
10	 10086	EL GORDO
10	 10188	EL TORNO
10	 10073	ELJAS
10	 10074	ESCURIAL
10	 10076	FRESNEDOSO DE IBOR
10	 10077	GALISTEO
10	 10078	GARCIAZ
10	 10080	GARGANTA LA OLLA
10	 10081	GARGANTILLA
10	 10082	GARGUERA
10	 10083	GARROVILLAS DE ALCONETAR
10	 10084	GARVIN
10	 10085	GATA
10	 10090	GUADALUPE
10	 10091	GUIJO DE CORIA
10	 10092	GUIJO DE GALISTEO
10	 10093	GUIJO DE GRANADILLA
10	 10094	GUIJO DE SANTA BARBARA
10	 10095	HERGUIJUELA
10	 10096	HERNAN PEREZ
10	 10097	HERRERA DE ALCANTARA
10	 10098	HERRERUELA
10	 10099	HERVAS
10	 10100	HIGUERA
10	 10101	HINOJAL
10	 10102	HOLGUERA
10	 10103	HOYOS
10	 10104	HUELAGA
10	 10105	IBAHERNANDO
10	 10106	JARAICEJO
10	 10107	JARAIZ DE LA VERA
10	 10108	JARANDILLA DE LA VERA
10	 10109	JARILLA
10	 10110	JERTE
10	 10013	LA ALDEA DEL OBISPO
10	 10070	LA CUMBRE
10	 10079	LA GARGANTA
10	 10088	LA GRANJA
10	 10147	LA PESGA
10	 10111	LADRILLAR
10	 10112	LOGROSAN
10	 10113	LOSAR DE LA VERA
10	 10114	MADRIGAL DE LA VERA
10	 10115	MADRIGALEJO
10	 10116	MADROÑERA
10	 10117	MAJADAS
10	 10118	MALPARTIDA DE CACERES
10	 10119	MALPARTIDA DE PLASENCIA
10	 10120	MARCHAGAZ
10	 10121	MATA DE ALCANTARA
10	 10122	MEMBRIO
10	 10123	MESAS DE IBOR
10	 10124	MIAJADAS
10	 10125	MILLANES
10	 10126	MIRABEL
10	 10127	MOHEDAS DE GRANADILLA
10	 10128	MONROY
10	 10129	MONTANCHEZ
10	 10130	MONTEHERMOSO
10	 10131	MORALEJA
10	 10132	MORCILLO
10	 10133	NAVACONCEJO
10	 10134	NAVALMORAL DE LA MATA
10	 10135	NAVALVILLAR DE IBOR
10	 10136	NAVAS DEL MADROÑO
10	 10137	NAVEZUELAS
10	 10138	NUÑOMORAL
10	 10139	OLIVA DE PLASENCIA
10	 10140	PALOMERO
10	 10141	PASARON DE LA VERA
10	 10142	PEDROSO DE ACIM
10	 10143	PERALEDA DE LA MATA
10	 10144	PERALEDA DE SAN ROMAN
10	 10145	PERALES DEL PUERTO
10	 10146	PESCUEZA
10	 10148	PIEDRAS ALBAS
10	 10149	PINOFRANQUEADO
10	 10150	PIORNAL
10	 10151	PLASENCIA
10	 10152	PLASENZUELA
10	 10153	PORTAJE
10	 10154	PORTEZUELO
10	 10155	POZUELO DE ZARZON
10	 10227	PUEBLONUEVO DE MIRAMONTES
10	 10156	PUERTO DE SANTA CRUZ
10	 10157	REBOLLAR
10	 10158	RIOLOBOS
10	 10159	ROBLEDILLO DE GATA
10	 10160	ROBLEDILLO DE LA VERA
10	 10161	ROBLEDILLO DE TRUJILLO
10	 10162	ROBLEDOLLANO
10	 10163	ROMANGORDO
10	 10901	ROSALEJO
10	 10164	RUANES
10	 10165	SALORINO
10	 10166	SALVATIERRA DE SANTIAGO
10	 10167	SAN MARTIN DE TREVEJO
10	 10168	SANTA ANA
10	 10169	SANTA CRUZ DE LA SIERRA
10	 10170	SANTA CRUZ DE PANIAGUA
10	 10171	SANTA MARTA DE MAGASCA
10	 10172	SANTIAGO DE ALCANTARA
10	 10173	SANTIAGO DEL CAMPO
10	 10174	SANTIBAÑEZ EL ALTO
10	 10175	SANTIBAÑEZ EL BAJO
10	 10176	SAUCEDILLA
10	 10177	SEGURA DE TORO
10	 10178	SERRADILLA
10	 10179	SERREJON
10	 10180	SIERRA DE FUENTES
10	 10181	TALAVAN
10	 10183	TALAVERUELA DE LA VERA
10	 10184	TALAYUELA
10	 10185	TEJEDA DE TIETAR
10	 10226	TIETAR
10	 10186	TORIL
10	 10187	TORNAVACAS
10	 10191	TORRE DE DON MIGUEL
10	 10192	TORRE DE SANTA MARIA
10	 10189	TORRECILLA DE LOS ANGELES
10	 10190	TORRECILLAS DE LA TIESA
10	 10194	TORREJON EL RUBIO
10	 10193	TORREJONCILLO
10	 10195	TORREMENGA
10	 10196	TORREMOCHA
10	 10197	TORREORGAZ
10	 10198	TORREQUEMADA
10	 10199	TRUJILLO
10	 10200	VALDASTILLAS
10	 10201	VALDECAÑAS DE TAJO
10	 10202	VALDEFUENTES
10	 10203	VALDEHUNCAR
10	 10204	VALDELACASA DE TAJO
10	 10205	VALDEMORALES
10	 10206	VALDEOBISPO
10	 10207	VALENCIA DE ALCANTARA
10	 10208	VALVERDE DE LA VERA
10	 10209	VALVERDE DEL FRESNO
10	 10225	VEGAVIANA
10	 10210	VIANDAR DE LA VERA
10	 10211	VILLA DEL CAMPO
10	 10212	VILLA DEL REY
10	 10213	VILLAMESIAS
10	 10214	VILLAMIEL
10	 10215	VILLANUEVA DE LA SIERRA
10	 10216	VILLANUEVA DE LA VERA
10	 10218	VILLAR DE PLASENCIA
10	 10217	VILLAR DEL PEDROSO
10	 10219	VILLASBUENAS DE GATA
10	 10220	ZARZA DE GRANADILLA
10	 10221	ZARZA DE MONTANCHEZ
10	 10222	ZARZA LA MAYOR
10	 10223	ZORITA
11	 11001	ALCALA DE LOS GAZULES
11	 11002	ALCALA DEL VALLE
11	 11004	ALGECIRAS
11	 11005	ALGODONALES
11	 11007	BARBATE
11	 11043	BENALUP CASAS VIEJAS
11	 11009	BENAOCAZ
11	 11900	CADIZ
11	 11013	CASTELLAR DE LA FRONTERA
11	 11015	CHICLANA DE LA FRONTERA
11	 11016	CHIPIONA
11	 11014	CONIL DE LA FRONTERA
11	 11011	EL BOSQUE
11	 11018	EL GASTOR
11	 11027	EL PUERTO DE SANTA MARIA
11	 11019	GRAZALEMA
11	 11021	JIMENA DE LA FRONTERA
11	 11022	LA LINEA DE LA CONCEPCION
11	 11008	LOS BARRIOS
11	 11023	MEDINA SIDONIA
11	 11024	OLVERA
11	 11025	PATERNA DE RIVERA
11	 11028	PUERTO REAL
11	 11029	PUERTO SERRANO
11	 11030	ROTA
11	 11031	SAN FERNANDO
11	 11045	SAN MARTIN DEL TESORILLO
11	 11033	SAN ROQUE
11	 11032	SANLUCAR DE BARRAMEDA
11	 11034	SETENIL DE LAS BODEGAS
11	 11035	TARIFA
11	 11036	TORRE ALHAQUIME
11	 11037	TREBUJENA
11	 11038	UBRIQUE
11	 11039	VEJER DE LA FRONTERA
11	 11040	VILLALUENGA DEL ROSARIO
11	 11042	ZAHARA
12	 12002	AIN
12	 12003	ALBOCASSER
12	 12004	ALCALA DE XIVERT
12	 12006	ALCUDIA DE VEO
12	 12007	ALFONDEGUILLA
12	 12008	ALGIMIA DE ALMONACID
12	 12009	ALMASSORA
12	 12010	ALMEDIJAR
12	 12011	ALMENARA
12	 12012	ALTURA
12	 12013	ARAÑUEL
12	 12014	ARES DEL MAESTRAT
12	 12015	ARGELITA
12	 12016	ARTANA
12	 12001	ATZENETA DEL MAESTRAT
12	 12017	AYODAR
12	 12018	AZUEBAR
12	 12020	BARRACAS
12	 12022	BEJIS
12	 12024	BENAFER
12	 12025	BENAFIGOS
12	 12026	BENASSAL
12	 12027	BENICARLO
12	 12028	BENICASIM   BENICASSIM
12	 12029	BENLLOCH
12	 12021	BETXI
12	 12032	BORRIANA   BURRIANA
12	 12031	BORRIOL
12	 12033	CABANES
12	 12034	CALIG
12	 12036	CANET LO ROIG
12	 12037	CASTELL DE CABRES
12	 12038	CASTELLFORT
12	 12039	CASTELLNOVO
12	 12900	CASTELLO DE LA PLANA
12	 12041	CASTILLO DE VILLAMALEFA
12	 12042	CATI
12	 12043	CAUDIEL
12	 12044	CERVERA DEL MAESTRE
12	 12053	CHILCHES XILXES
12	 12055	CHODOS   XODOS
12	 12056	CHOVAR
12	 12045	CINCTORRES
12	 12046	CIRAT
12	 12048	CORTES DE ARENOSO
12	 12049	COSTUR
12	 12050	COVES DE VINROMA LES
12	 12051	CULLA
12	 12115	EL TORO
12	 12057	ESLIDA
12	 12058	ESPADILLA
12	 12059	FANZARA
12	 12060	FIGUEROLES
12	 12061	FORCALL
12	 12063	FUENTE LA REINA
12	 12064	FUENTES DE AYODAR
12	 12065	GAIBIEL
12	 12067	GELDO
12	 12068	HERBES
12	 12069	HIGUERAS
12	 12071	JERICA
12	 12070	LA JANA
12	 12074	LA LLOSA
12	 12075	LA MATA DE MORELLA
12	 12093	LA POBLA DE BENIFASSA
12	 12094	LA POBLA TORNESA
12	 12098	LA SALZADELLA
12	 12103	LA SERRATELLA
12	 12119	LA TORRE D EN BESORA
12	 12126	LA VALL D UIXO
12	 12136	LA VILAVELLA
12	 12005	L ALCORA
12	 12143	LES ALQUERIES ALQUERIAS DEL NI
12	 12072	LLUCENA LUCENA DEL CID
12	 12073	LUDIENTE
12	 12076	MATET
12	 12077	MONCOFA
12	 12078	MONTAN
12	 12079	MONTANEJOS
12	 12080	MORELLA
12	 12081	NAVAJAS
12	 12082	NULES
12	 12083	OLOCAU DEL REY
12	 12084	ONDA
12	 12085	ORPESA OROPESA DEL MAR
12	 12087	PALANQUES
12	 12088	PAVIAS
12	 12089	PENISCOLA   PEÑISCOLA
12	 12090	PINA DE MONTALGRAO
12	 12091	PORTELL DE MORELLA
12	 12092	PUEBLA DE ARENOSO
12	 12095	RIBESALBES
12	 12096	ROSSELL
12	 12097	SACAÑET
12	 12101	SAN RAFAEL DEL RIO
12	 12144	SANT JOAN DE MORO
12	 12099	SANT JORDI SAN JORGE
12	 12100	SANT MATEU
12	 12102	SANTA MAGDALENA DE PULPIS
12	 12104	SEGORBE
12	 12105	SIERRA ENGARCERAN
12	 12106	SONEJA
12	 12107	SOT DE FERRER
12	 12108	SUERAS SUERA
12	 12109	TALES
12	 12110	TERESA
12	 12111	TIRIG
12	 12112	TODOLELLA
12	 12113	TOGA
12	 12114	TORAS
12	 12116	TORRALBA DEL PINAR
12	 12120	TORRE D EN DOMENEC
12	 12117	TORREBLANCA
12	 12118	TORRECHIVA
12	 12121	TRAIGUERA
12	 12122	USERAS   LES USERES
12	 12124	VALL D ALBA
12	 12125	VALL DE ALMONACID
12	 12123	VALLAT
12	 12127	VALLIBONA
12	 12128	VILAFAMES
12	 12129	VILAFRANCA VILLAFRANCA DEL CID
12	 12132	VILANOVA D ALCOLEA
12	 12134	VILAR DE CANES
12	 12135	VILA REAL
12	 12130	VILLAHERMOSA DEL RIO
12	 12131	VILLAMALUR
12	 12133	VILLANUEVA DE VIVER
12	 12137	VILLORES
12	 12138	VINAROS
12	 12139	VISTABELLA DEL MAESTRAT
12	 12140	VIVER
12	 12052	XERT
12	 12141	ZORITA DEL MAESTRAZGO
12	 12142	ZUCAINA
13	 13001	ABENOJAR
13	 13002	AGUDO
13	 13003	ALAMILLO
13	 13004	ALBALADEJO
13	 13005	ALCAZAR DE SAN JUAN
13	 13006	ALCOBA
13	 13007	ALCOLEA DE CALATRAVA
13	 13008	ALCUBILLAS
13	 13009	ALDEA DEL REY
13	 13010	ALHAMBRA
13	 13011	ALMADEN
13	 13012	ALMADENEJOS
13	 13013	ALMAGRO
13	 13014	ALMEDINA
13	 13015	ALMODOVAR DEL CAMPO
13	 13016	ALMURADIEL
13	 13017	ANCHURAS
13	 13101	ARENALES DE SAN GREGORIO
13	 13018	ARENAS DE SAN JUAN
13	 13019	ARGAMASILLA DE ALBA
13	 13020	ARGAMASILLA DE CALATRAVA
13	 13021	ARROBA DE LOS MONTES
13	 13022	BALLESTEROS DE CALATRAVA
13	 13023	BOLAÑOS DE CALATRAVA
13	 13024	BRAZATORTAS
13	 13025	CABEZARADOS
13	 13026	CABEZARRUBIAS DEL PUERTO
13	 13027	CALZADA DE CALATRAVA
13	 13028	CAMPO DE CRIPTANA
13	 13029	CAÑADA DE CALATRAVA
13	 13030	CARACUEL DE CALATRAVA
13	 13031	CARRION DE CALATRAVA
13	 13032	CARRIZOSA
13	 13033	CASTELLAR DE SANTIAGO
13	 13038	CHILLON
13	 13900	CIUDAD REAL
13	 13035	CORRAL DE CALATRAVA
13	 13037	COZAR
13	 13039	DAIMIEL
13	 13099	EL ROBLEDO
13	 13040	FERNAN CABALLERO
13	 13041	FONTANAREJO
13	 13042	FUENCALIENTE
13	 13043	FUENLLANA
13	 13044	FUENTE EL FRESNO
13	 13045	GRANATULA DE CALATRAVA
13	 13046	GUADALMEZ
13	 13047	HERENCIA
13	 13048	HINOJOSAS DE CALATRAVA
13	 13049	HORCAJO DE LOS MONTES
13	 13079	LA SOLANA
13	 13050	LAS LABORES
13	 13102	LLANOS DEL CAUDILLO
13	 13036	LOS CORTIJOS
13	 13067	LOS POZUELOS DE CVA
13	 13051	LUCIANA
13	 13052	MALAGON
13	 13053	MANZANARES
13	 13054	MEMBRILLA
13	 13055	MESTANZA
13	 13056	MIGUELTURRA
13	 13057	MONTIEL
13	 13058	MORAL DE CALATRAVA
13	 13059	NAVALPINO
13	 13060	NAVAS DE ESTENA
13	 13061	PEDRO MUÑOZ
13	 13062	PICON
13	 13063	PIEDRABUENA
13	 13064	POBLETE
13	 13065	PORZUNA
13	 13066	POZUELO DE CALATRAVA
13	 13068	PUEBLA DE DON RODRIGO
13	 13069	PUEBLA DEL PRINCIPE
13	 13070	PUERTO LAPICE
13	 13071	PUERTOLLANO
13	 13072	RETUERTA DEL BULLAQUE
13	 13100	RUIDERA
13	 13073	SACERUELA
13	 13074	SAN CARLOS DEL VALLE
13	 13075	SAN LORENZO DE CALATRAVA
13	 13076	SANTA CRUZ DE LOS CAÑAMOS
13	 13077	SANTA CRUZ DE MUDELA
13	 13078	SOCUELLAMOS
13	 13080	SOLANA DEL PINO
13	 13081	TERRINCHES
13	 13082	TOMELLOSO
13	 13083	TORRALBA DE CALATRAVA
13	 13084	TORRE DE JUAN ABAD
13	 13085	TORRENUEVA
13	 13086	VALDEMANCO DEL ESTERAS
13	 13087	VALDEPEÑAS
13	 13088	VALENZUELA DE CALATRAVA
13	 13089	VILLAHERMOSA
13	 13090	VILLAMANRIQUE
13	 13091	VILLAMAYOR DE CALATRAVA
13	 13092	VILLANUEVA DE LA FUENTE
13	 13093	VILLANUEVA DE LOS INFANTES
13	 13094	VILLANUEVA DE SAN CARLOS
13	 13095	VILLAR DEL POZO
13	 13096	VILLARRUBIA DE LOS OJOS
13	 13097	VILLARTA DE SAN JUAN
13	 13098	VISO DEL MARQUES
14	 14001	ADAMUZ
14	 14002	AGUILAR DE LA FRONTERA
14	 14003	ALCARACEJOS
14	 14004	ALMEDINILLA
14	 14005	ALMODOVAR DEL RIO
14	 14006	AÑORA
14	 14007	BAENA
14	 14008	BELALCAZAR
14	 14009	BELMEZ
14	 14010	BENAMEJI
14	 14011	BLAZQUEZ
14	 14012	BUJALANCE
14	 14013	CABRA
14	 14014	CAÑETE DE LAS TORRES
14	 14015	CARCABUEY
14	 14016	CARDEÑA
14	 14019	CASTRO DEL RIO
14	 14020	CONQUISTA
14	 14900	CORDOBA
14	 14022	DOÑA MENCIA
14	 14023	DOS TORRES
14	 14018	EL CARPIO
14	 14074	EL VISO
14	 14024	ENCINAS REALES
14	 14025	ESPEJO
14	 14026	ESPIEL
14	 14027	FERNAN NUÑEZ
14	 14076	FUENTE CARRETEROS
14	 14028	FUENTE LA LANCHA
14	 14029	FUENTE OBEJUNA
14	 14030	FUENTE PALMERA
14	 14031	FUENTE TOJAR
14	 14033	GUADALCAZAR
14	 14034	GUIJO
14	 14035	HINOJOSA DEL DUQUE
14	 14036	HORNACHUELOS
14	 14037	IZNAJAR
14	 14017	LA CARLOTA
14	 14032	LA GRANJUELA
14	 14077	LA GUIJARROSA
14	 14057	LA RAMBLA
14	 14065	LA VICTORIA
14	 14038	LUCENA
14	 14039	LUQUE
14	 14040	MONTALBAN DE CORDOBA
14	 14041	MONTEMAYOR
14	 14042	MONTILLA
14	 14043	MONTORO
14	 14044	MONTURQUE
14	 14045	MORILES
14	 14046	NUEVA CARTEYA
14	 14047	OBEJO
14	 14048	PALENCIANA
14	 14049	PALMA DEL RIO
14	 14050	PEDRO ABAD
14	 14051	PEDROCHE
14	 14052	PEÑARROYA PUEBLONUEVO
14	 14053	POSADAS
14	 14054	POZOBLANCO
14	 14055	PRIEGO DE CORDOBA
14	 14056	PUENTE GENIL
14	 14058	RUTE
14	 14059	SAN SEBASTIAN DE LOS BALLESTER
14	 14061	SANTA EUFEMIA
14	 14060	SANTAELLA
14	 14062	TORRECAMPO
14	 14063	VALENZUELA
14	 14064	VALSEQUILLO
14	 14066	VILLA DEL RIO
14	 14067	VILLAFRANCA DE CORDOBA
14	 14068	VILLAHARTA
14	 14069	VILLANUEVA DE CORDOBA
14	 14070	VILLANUEVA DEL DUQUE
14	 14071	VILLANUEVA DEL REY
14	 14072	VILLARALTO
14	 14073	VILLAVICIOSA DE CORDOBA
14	 14075	ZUHEROS
15	 15007	A BAÑA
15	 15018	A CAPELA
15	 15900	A CORUÑA
15	 15042	A LARACHA
15	 15068	A POBRA DO CARAMIÑAL
15	 15001	ABEGONDO
15	 15002	AMES
15	 15003	ARANGA
15	 15004	ARES
15	 15005	ARTEIXO
15	 15006	ARZUA
15	 15071	AS PONTES DE GARCIA RODRIGUEZ
15	 15082	AS SOMOZAS
15	 15008	BERGONDO
15	 15009	BETANZOS
15	 15010	BOIMORTO
15	 15011	BOIRO
15	 15012	BOQUEIXON
15	 15013	BRION
15	 15014	CABANA DE BERGANTIÑOS
15	 15015	CABANAS
15	 15016	CAMARIÑAS
15	 15017	CAMBRE
15	 15019	CARBALLO
15	 15095	CARIÑO
15	 15020	CARNOTA
15	 15021	CARRAL
15	 15022	CEDEIRA
15	 15023	CEE
15	 15024	CERCEDA
15	 15025	CERDIDO
15	 15026	CESURAS
15	 15027	COIROS
15	 15028	CORCUBION
15	 15029	CORISTANCO
15	 15031	CULLEREDO
15	 15032	CURTIS
15	 15033	DODRO
15	 15034	DUMBRIA
15	 15036	FENE
15	 15037	FERROL
15	 15038	FISTERRA
15	 15039	FRADES
15	 15040	IRIXOA
15	 15041	LAXE
15	 15043	LOUSAME
15	 15044	MALPICA DE BERGANTIÑOS
15	 15045	MAÑON
15	 15046	MAZARICOS
15	 15047	MELIDE
15	 15048	MESIA
15	 15049	MIÑO
15	 15050	MOECHE
15	 15051	MONFERO
15	 15052	MUGARDOS
15	 15054	MUROS
15	 15053	MUXIA
15	 15055	NARON
15	 15056	NEDA
15	 15057	NEGREIRA
15	 15058	NOIA
15	 15067	O PINO
15	 15059	OLEIROS
15	 15060	ORDES
15	 15061	OROSO
15	 15062	ORTIGUEIRA
15	 15063	OUTES
15	 15064	OZA DOS RIOS
15	 15065	PADERNE
15	 15066	PADRON
15	 15069	PONTECESO
15	 15070	PONTEDEUME
15	 15072	PORTO DO SON
15	 15073	RIANXO
15	 15074	RIBEIRA
15	 15075	ROIS
15	 15076	SADA
15	 15077	SAN SADURNIÑO
15	 15078	SANTA COMBA
15	 15079	SANTIAGO DE COMPOSTELA
15	 15080	SANTISO
15	 15081	SOBRADO
15	 15083	TEO
15	 15084	TOQUES
15	 15085	TORDOIA
15	 15086	TOURO
15	 15087	TRAZO
15	 15089	VAL DO DUBRA
15	 15088	VALDOVIÑO
15	 15090	VEDRA
15	 15092	VILARMAIOR
15	 15091	VILASANTAR
15	 15093	VIMIANZO
15	 15094	ZAS
16	 16001	ABIA DE LA OBISPALIA
16	 16003	ALARCON
16	 16004	ALBALADEJO DEL CUENDE
16	 16005	ALBALATE DE LAS NOGUERAS
16	 16006	ALBENDEA
16	 16008	ALCALA DE LA VEGA
16	 16009	ALCANTUD
16	 16010	ALCAZAR DEL REY
16	 16011	ALCOHUJATE
16	 16012	ALCONCHEL DE LA ESTRELLA
16	 16013	ALGARRA
16	 16014	ALIAGUILLA
16	 16016	ALMENDROS
16	 16017	ALMODOVAR DEL PINAR
16	 16018	ALMONACID DEL MARQUESADO
16	 16019	ALTAREJOS
16	 16020	ARANDILLA DEL ARROYO
16	 16021	ARCAS
16	 16023	ARCOS DE LA SIERRA
16	 16024	ARGUISUELAS
16	 16025	ARRANCACEPAS
16	 16026	ATALAYA DEL CAÑAVATE
16	 16027	BARAJAS DE MELO
16	 16029	BARCHIN DEL HOYO
16	 16030	BASCUÑANA DE SAN PEDRO
16	 16031	BEAMUD
16	 16032	BELINCHON
16	 16033	BELMONTE
16	 16034	BELMONTEJO
16	 16035	BETETA
16	 16037	BONICHES
16	 16039	BUCIEGAS
16	 16040	BUENACHE DE ALARCON
16	 16041	BUENACHE DE LA SIERRA
16	 16042	BUENDIA
16	 16043	CAMPILLO DE ALTOBUEY
16	 16044	CAMPILLOS PARAVIENTOS
16	 16045	CAMPILLOS SIERRA
16	 16060	CAMPOS DEL PARAISO
16	 16046	CANALEJAS DEL ARROYO
16	 16047	CAÑADA DEL HOYO
16	 16048	CAÑADA JUNCOSA
16	 16049	CAÑAMARES
16	 16051	CAÑAVERAS
16	 16052	CAÑAVERUELAS
16	 16053	CAÑETE
16	 16054	CAÑIZARES
16	 16056	CARBONERAS DE GUADAZAON
16	 16057	CARDENETE
16	 16058	CARRASCOSA
16	 16059	CARRASCOSA DE HARO
16	 16061	CASAS DE BENITEZ
16	 16062	CASAS DE FERNANDO ALONSO
16	 16063	CASAS DE GARCIMOLINA
16	 16064	CASAS DE GUIJARRO
16	 16065	CASAS DE HARO
16	 16066	CASAS DE LOS PINOS
16	 16067	CASASIMARRO
16	 16068	CASTEJON
16	 16069	CASTILLEJO DE INIESTA
16	 16071	CASTILLEJO SIERRA
16	 16073	CASTILLO DE GARCIMUÑOZ
16	 16072	CASTILLO ALBARAÑEZ
16	 16074	CERVERA DEL LLANO
16	 16022	CHILLARON DE CUENCA
16	 16084	CHUMILLAS
16	 16900	CUENCA
16	 16080	CUEVA DEL HIERRO
16	 16002	EL ACEBRON
16	 16050	EL CAÑAVATE
16	 16103	EL HERRUMBLAR
16	 16106	EL HITO
16	 16162	EL PEDERNOSO
16	 16164	EL PERAL
16	 16167	EL PICAZO
16	 16178	EL POZUELO
16	 16180	EL PROVENCIO
16	 16098	EL VALLE DE ALTOMIRA
16	 16085	ENGUIDANOS
16	 16086	FRESNEDA DE ALTAREJOS
16	 16087	FRESNEDA DE LA SIERRA
16	 16089	FUENTE DE PEDRO NAHARRO
16	 16090	FUENTELESPINO DE HARO
16	 16091	FUENTELESPINO DE MOYA
16	 16119	FUENTENAVA DE JABAGA
16	 16092	FUENTES
16	 16095	FUERTESCUSA
16	 16096	GABALDON
16	 16097	GARABALLA
16	 16099	GASCUEÑA
16	 16100	GRAJA DE CAMPALBO
16	 16101	GRAJA DE INIESTA
16	 16102	HENAREJOS
16	 16107	HONRUBIA
16	 16108	HONTANAYA
16	 16109	HONTECILLAS
16	 16111	HORCAJO DE SANTIAGO
16	 16112	HUELAMO
16	 16113	HUELVES
16	 16114	HUERGUINA
16	 16115	HUERTA DE LA OBISPALIA
16	 16116	HUERTA DEL MARQUESADO
16	 16117	HUETE
16	 16118	INIESTA
16	 16007	LA ALBERCA DE ZANCARA
16	 16015	LA ALMARCHA
16	 16075	LA CIERVA
16	 16088	LA FRONTERA
16	 16104	LA HINOJOSA
16	 16161	LA PARRA DE LAS VEGAS
16	 16165	LA PERALEJA
16	 16166	LA PESQUERA
16	 16121	LAGUNA DEL MARQUESADO
16	 16122	LAGUNASECA
16	 16123	LANDETE
16	 16127	LAS MAJADAS
16	 16132	LAS MESAS
16	 16163	LAS PEDROÑERAS
16	 16238	LAS VALERAS
16	 16124	LEDAÑA
16	 16125	LEGANIEL
16	 16105	LOS HINOJOSOS
16	 16230	LOS VALDECOLMENAS
16	 16128	MARIANA
16	 16129	MASEGOSA
16	 16133	MINGLANILLA
16	 16134	MIRA
16	 16137	MONREAL DEL LLANO
16	 16138	MONTALBANEJO
16	 16139	MONTALBO
16	 16140	MONTEAGUDO DE LAS SALINAS
16	 16141	MOTA DE ALTAREJOS
16	 16142	MOTA DEL CUERVO
16	 16143	MOTILLA DEL PALANCAR
16	 16144	MOYA
16	 16146	NARBONETA
16	 16148	OLIVARES DE JUCAR
16	 16149	OLMEDA DE LA CUESTA
16	 16150	OLMEDA DEL REY
16	 16151	OLMEDILLA DE ALARCON
16	 16152	OLMEDILLA DE ELIZ
16	 16154	OSA DE LA VEGA
16	 16155	PAJARON
16	 16156	PAJARONCILLO
16	 16157	PALOMARES DEL CAMPO
16	 16158	PALOMERA
16	 16159	PARACUELLOS
16	 16160	PAREDES
16	 16168	PINAREJO
16	 16169	PINEDA DE GIGUELA
16	 16170	PIQUERAS DEL CASTILLO
16	 16171	PORTALRUBIO DE GUADAMEJUD
16	 16172	PORTILLA
16	 16174	POYATOS
16	 16175	POZOAMARGO
16	 16177	POZORRUBIELOS DE LA MANCHA
16	 16176	POZORRUBIO DE SANTIAGO
16	 16179	PRIEGO
16	 16181	PUEBLA DE ALMENARA
16	 16182	PUEBLA DEL SALVADOR
16	 16183	QUINTANAR DEL REY
16	 16184	RADA DE HARO
16	 16185	REILLO
16	 16189	ROZALEN DEL MONTE
16	 16193	SACEDA TRASIERRA
16	 16195	SAELICES
16	 16196	SALINAS DEL MANZANO
16	 16197	SALMERONCILLOS
16	 16198	SALVACAÑETE
16	 16199	SAN CLEMENTE
16	 16200	SAN LORENZO DE LA PARRILLA
16	 16201	SAN MARTIN DE BONICHES
16	 16202	SAN PEDRO PALMICHES
16	 16203	SANTA CRUZ DE MOYA
16	 16205	SANTA MARIA DE LOS LLANOS
16	 16204	SANTA MARIA DEL CAMPO RUS
16	 16206	SANTA MARIA DEL VAL
16	 16207	SISANTE
16	 16208	SOLERA DE GABALDON
16	 16210	SOTORRIBAS
16	 16211	TALAYUELAS
16	 16212	TARANCON
16	 16213	TEBAR
16	 16214	TEJADILLOS
16	 16215	TINAJAS
16	 16218	TORRALBA
16	 16220	TORREJONCILLO DEL REY
16	 16221	TORRUBIA DEL CAMPO
16	 16222	TORRUBIA DEL CASTILLO
16	 16224	TRAGACETE
16	 16225	TRESJUNCOS
16	 16226	TRIBALDOS
16	 16227	UCLES
16	 16228	UÑA
16	 16233	VALDEMECA
16	 16234	VALDEMORILLO DE LA SIERRA
16	 16236	VALDEMORO SIERRA
16	 16237	VALDEOLIVAS
16	 16232	VALDETORTOLA
16	 16240	VALHERMOSO DE LA FUENTE
16	 16243	VALSALOBRE
16	 16245	VALVERDE DE JUCAR
16	 16246	VALVERDEJO
16	 16247	VARA DE REY
16	 16248	VEGA DEL CODORNO
16	 16249	VELLISCA
16	 16252	VILLACONEJOS DE TRABAQUE
16	 16253	VILLAESCUSA DE HARO
16	 16254	VILLAGARCIA DEL LLANO
16	 16255	VILLALBA DE LA SIERRA
16	 16256	VILLALBA DEL REY
16	 16257	VILLALGORDO DEL MARQUESADO
16	 16258	VILLALPARDO
16	 16259	VILLAMAYOR DE SANTIAGO
16	 16260	VILLANUEVA DE GUADAMEJUD
16	 16261	VILLANUEVA DE LA JARA
16	 16263	VILLAR DE CAÑAS
16	 16264	VILLAR DE DOMINGO GARCIA
16	 16265	VILLAR DE LA ENCINA
16	 16273	VILLAR DE OLALLA
16	 16268	VILLAR DEL HUMO
16	 16269	VILLAR DEL INFANTADO
16	 16270	VILLAR Y VELASCO
16	 16274	VILLAREJO DE FUENTES
16	 16275	VILLAREJO DE LA PEÑUELA
16	 16277	VILLAREJO PERIESTEBAN
16	 16280	VILLARES DEL SAZ
16	 16281	VILLARRUBIO
16	 16282	VILLARTA
16	 16276	VILLAS DE LA VENTOSA
16	 16283	VILLAVERDE Y PASACONSOL
16	 16284	VILLORA
16	 16285	VINDEL
16	 16286	YEMEDA
16	 16287	ZAFRA DE ZANCARA
16	 16288	ZAFRILLA
16	 16289	ZARZA DE TAJO
16	 16290	ZARZUELA
17	 17001	AGULLANA
17	 17002	AIGUAVIVA
17	 17003	ALBANYA
17	 17004	ALBONS
17	 17006	ALP
17	 17007	AMER
17	 17008	ANGLES
17	 17009	ARBUCIES
17	 17010	ARGELAGUER
17	 17012	AVINYONET DE PUIGVENTOS
17	 17016	BANYOLES
17	 17018	BASCARA
17	 17014	BEGUR
17	 17021	BELLCAIRE D EMPORDA
17	 17022	BESALU
17	 17023	BESCANO
17	 17024	BEUDA
17	 17249	BIURE
17	 17026	BLANES
17	 17032	BOADELLA I LES ESCAULES
17	 17027	BOLVIR
17	 17028	BORDILS
17	 17029	BORRASSA
17	 17030	BREDA
17	 17031	BRUNYOLA
17	 17034	CABANELLES
17	 17033	CABANES
17	 17035	CADAQUES
17	 17037	CALDES DE MALAVELLA
17	 17038	CALONGE I SANT ANTONI
17	 17039	CAMOS
17	 17040	CAMPDEVANOL
17	 17041	CAMPELLES
17	 17042	CAMPLLONG
17	 17043	CAMPRODON
17	 17044	CANET D ADRI
17	 17045	CANTALLOPS
17	 17046	CAPMANY
17	 17049	CASSA DE LA SELVA
17	 17051	CASTELLFOLLIT DE LA ROCA
17	 17052	CASTELLO D EMPURIES
17	 17053	CASTELL PLATJA D ARO I S AGARO
17	 17054	CELRA
17	 17055	CERVIA DE TER
17	 17056	CISTELLA
17	 17059	COLERA
17	 17060	COLOMERS
17	 17062	COR A
17	 17061	CORNELLA DEL TERRI
17	 17063	CRESPIA
17	 17064	CRUILLES   MONELLS   ST SAD
17	 17065	DARNIUS
17	 17066	DAS
17	 17005	EL FAR D EMPORDA
17	 17149	EL PORT DE LA SELVA
17	 17069	ESPINELVES
17	 17070	ESPOLLA
17	 17071	ESPONELLA
17	 17072	FIGUERES
17	 17073	FLA A
17	 17074	FOIXA
17	 17036	FONTANALS DE CERDANYA
17	 17075	FONTANILLES
17	 17076	FONTCOBERTA
17	 17077	FORALLAC
17	 17078	FORNELLS DE LA SELVA
17	 17079	FORTIA
17	 17081	GARRIGAS
17	 17082	GARRIGOLES
17	 17083	GARRIGUELLA
17	 17084	GER
17	 17085	GIRONA
17	 17086	GOMBREN
17	 17087	GUALTA
17	 17088	GUILS DE CERDANYA
17	 17089	HOSTALRIC
17	 17090	ISOVOL
17	 17091	JAFRE
17	 17094	JUIA
17	 17025	LA BISBAL D EMPORDA
17	 17201	LA CELLERA DE TER
17	 17093	LA JONQUERA
17	 17138	LA PERA
17	 17200	LA SELVA DE MAR
17	 17207	LA TALLADA D EMPORDA
17	 17015	LA VAJOL
17	 17221	LA VALL DE BIANYA
17	 17017	LA VALL D EN BAS
17	 17011	L ARMENTERA
17	 17103	LES LLOSSES
17	 17142	LES PLANES D HOSTOLES
17	 17148	LES PRESES
17	 17068	L ESCALA
17	 17095	LLADO
17	 17096	LLAGOSTERA
17	 17097	LLAMBILLES
17	 17098	LLANARS
17	 17099	LLAN A
17	 17100	LLERS
17	 17101	LLIVIA
17	 17102	LLORET DE MAR
17	 17108	MA ANET DE CABRENYS
17	 17109	MA ANET DE LA SELVA
17	 17104	MADREMANYA
17	 17110	MAIA DE MONTCAL
17	 17106	MASARAC
17	 17107	MASSANES
17	 17105	MERANGES
17	 17112	MIERES
17	 17113	MOLLET DE PERALADA
17	 17114	MOLLO
17	 17116	MONTAGUT I OIX
17	 17117	MONT RAS
17	 17118	NAVATA
17	 17119	OGASSA
17	 17121	OLOT
17	 17122	ORDIS
17	 17123	OSOR
17	 17124	PALAFRUGELL
17	 17125	PALAMOS
17	 17126	PALAU DE SANTA EULALIA
17	 17129	PALAU SATOR
17	 17127	PALAU SAVERDERA
17	 17131	PALOL DE REVARDIT
17	 17132	PALS
17	 17133	PARDINES
17	 17134	PARLAVA
17	 17136	PAU
17	 17137	PEDRET I MARZA
17	 17140	PERALADA
17	 17143	PLANOLES
17	 17144	PONT DE MOLINS
17	 17145	PONTOS
17	 17146	PORQUERES
17	 17147	PORTBOU
17	 17150	PUIGCERDA
17	 17151	QUART
17	 17047	QUERALBS
17	 17152	RABOS
17	 17153	REGENCOS
17	 17154	RIBES DE FRESER
17	 17155	RIELLS I VIABREA
17	 17156	RIPOLL
17	 17157	RIUDARENES
17	 17158	RIUDAURA
17	 17159	RIUDELLOTS DE LA SELVA
17	 17160	RIUMORS
17	 17161	ROSES
17	 17162	RUPIA
17	 17163	SALES DE LLIERCA
17	 17164	SALT
17	 17166	SANT ANDREU SALOU
17	 17195	SANT ANIOL DE FINESTRES
17	 17167	SANT CLIMENT SESCEBES
17	 17169	SANT FELIU DE BUIXALLEU
17	 17170	SANT FELIU DE GUIXOLS
17	 17171	SANT FELIU DE PALLEROLS
17	 17172	SANT FERRIOL
17	 17173	SANT GREGORI
17	 17174	SANT HILARI SACALM
17	 17175	SANT JAUME DE LLIERCA
17	 17177	SANT JOAN DE LES ABADESSES
17	 17178	SANT JOAN DE MOLLET
17	 17197	SANT JOAN LES FONTS
17	 17176	SANT JORDI DESVALLS
17	 17179	SANT JULIA DE RAMIS
17	 17251	SANT JULIA DEL LLOR I BONMATI
17	 17180	SANT LLOREN  DE LA MUGA
17	 17181	SANT MARTI DE LLEMENA
17	 17182	SANT MARTI VELL
17	 17183	SANT MIQUEL DE CAMPMAJOR
17	 17184	SANT MIQUEL DE FLUVIA
17	 17185	SANT MORI
17	 17186	SANT PAU DE SEGURIES
17	 17187	SANT PERE PESCADOR
17	 17191	SANTA COLOMA DE FARNERS
17	 17192	SANTA CRISTINA D ARO
17	 17194	SANTA LLOGAIA D ALGUEMA
17	 17196	SANTA PAU
17	 17198	SARRIA DE TER
17	 17199	SAUS  CAMALLERA I LLAMPAIES
17	 17202	SERINYA
17	 17203	SERRA DE DARO
17	 17204	SETCASES
17	 17205	SILS
17	 17057	SIURANA
17	 17206	SUSQUEDA
17	 17209	TERRADES
17	 17210	TORRENT
17	 17211	TORROELLA DE FLUVIA
17	 17212	TORROELLA DE MONTGRI
17	 17213	TORTELLA
17	 17214	TOSES
17	 17215	TOSSA DE MAR
17	 17217	ULLA
17	 17218	ULLASTRET
17	 17216	ULTRAMORT
17	 17220	URUS
17	 17222	VALLFOGONA DE RIPOLLES
17	 17223	VALL LLOBREGA
17	 17224	VENTALLO
17	 17225	VERGES
17	 17226	VIDRA
17	 17227	VIDRERES
17	 17228	VILABERTRAN
17	 17229	VILABLAREIX
17	 17231	VILADAMAT
17	 17230	VILADASENS
17	 17232	VILADEMULS
17	 17234	VILADRAU
17	 17235	VILAFANT
17	 17237	VILAJU GA
17	 17238	VILALLONGA DE TER
17	 17240	VILAMACOLUM
17	 17241	VILAMALLA
17	 17242	VILAMANISCLE
17	 17243	VILANANT
17	 17245	VILA SACRA
17	 17236	VILAUR
17	 17248	VILOBI D ONYAR
17	 17247	VILOPRIU
18	 18002	AGRON
18	 18003	ALAMEDILLA
18	 18004	ALBOLOTE
18	 18005	ALBONDON
18	 18006	ALBUÑAN
18	 18007	ALBUÑOL
18	 18008	ALBUÑUELAS
18	 18011	ALDEIRE
18	 18012	ALFACAR
18	 18013	ALGARINEJO
18	 18014	ALHAMA DE GRANADA
18	 18015	ALHENDIN
18	 18016	ALICUN DE ORTEGA
18	 18017	ALMEGIJAR
18	 18018	ALMUÑECAR
18	 18130	ALPUJARRA DE LA SIERRA
18	 18019	ALQUIFE
18	 18021	ARENAS DEL REY
18	 18022	ARMILLA
18	 18023	ATARFE
18	 18024	BAZA
18	 18025	BEAS DE GRANADA
18	 18026	BEAS DE GUADIX
18	 18028	BENALUA
18	 18029	BENALUA DE LAS VILLAS
18	 18030	BENAMAUREL
18	 18031	BERCHULES
18	 18033	BUBION
18	 18034	BUSQUISTAR
18	 18035	CACIN
18	 18036	CADIAR
18	 18037	CAJAR
18	 18038	CALICASAS
18	 18039	CAMPOTEJAR
18	 18040	CANILES
18	 18041	CAÑAR
18	 18043	CAPILEIRA
18	 18044	CARATAUNAS
18	 18045	CASTARAS
18	 18046	CASTILLEJAR
18	 18047	CASTRIL
18	 18048	CENES DE LA VEGA
18	 18060	CHAUCHINA
18	 18062	CHIMENEAS
18	 18064	CHURRIANA DE LA VEGA
18	 18049	CIJUELA
18	 18050	COGOLLOS DE GUADIX
18	 18051	COGOLLOS DE LA VEGA
18	 18052	COLOMERA
18	 18054	CORTES DE BAZA
18	 18055	CORTES Y GRAENA
18	 18199	CUEVAS DEL CAMPO
18	 18057	CULLAR
18	 18058	CULLAR VEGA
18	 18065	DARRO
18	 18066	DEHESAS DE GUADIX
18	 18202	DEHESAS VIEJAS
18	 18068	DEIFONTES
18	 18069	DIEZMA
18	 18070	DILAR
18	 18071	DOLAR
18	 18204	DOMINGO PEREZ DE GRANADA
18	 18072	DUDAR
18	 18073	DURCAL
18	 18105	EL PINAR
18	 18132	EL VALLE
18	 18074	ESCUZAR
18	 18076	FERREIRA
18	 18078	FONELAS
18	 18079	FORNES
18	 18080	FREILA
18	 18081	FUENTE VAQUEROS
18	 18084	GALERA
18	 18085	GOBERNADOR
18	 18086	GOJAR
18	 18087	GOR
18	 18088	GORAFE
18	 18900	GRANADA
18	 18090	GUADAHORTUNA
18	 18091	GUADIX
18	 18095	GUALCHOS
18	 18096	GUEJAR SIERRA
18	 18097	GUEVEJAR
18	 18098	HUELAGO
18	 18099	HUENEJA
18	 18100	HUESCAR
18	 18101	HUETOR DE SANTILLAN
18	 18102	HUETOR TAJAR
18	 18103	HUETOR VEGA
18	 18104	ILLORA
18	 18106	ITRABO
18	 18107	IZNALLOZ
18	 18108	JATAR
18	 18109	JAYENA
18	 18110	JEREZ DEL MARQUESADO
18	 18111	JETE
18	 18113	JUN
18	 18114	JUVILES
18	 18116	LA CALAHORRA
18	 18127	LA MALAHA
18	 18157	LA PEZA
18	 18163	LA TAHA
18	 18197	LA ZUBIA
18	 18117	LACHAR
18	 18118	LANJARON
18	 18119	LANTEIRA
18	 18083	LAS GABIAS
18	 18063	LECRIN
18	 18121	LENTEGI
18	 18122	LOBRAS
18	 18123	LOJA
18	 18092	LOS GUAJARES
18	 18124	LUGROS
18	 18125	LUJAR
18	 18128	MARACENA
18	 18129	MARCHAL
18	 18133	MOCLIN
18	 18134	MOLVIZAR
18	 18135	MONACHIL
18	 18137	MONTEFRIO
18	 18138	MONTEJICAR
18	 18139	MONTILLANA
18	 18140	MORALEDA DE ZAFAYONA
18	 18141	MORELABOR
18	 18142	MOTRIL
18	 18144	MURTAS
18	 18120	NEVADA
18	 18146	NIGUELAS
18	 18147	NIVAR
18	 18148	OGIJARES
18	 18149	ORCE
18	 18150	ORGIVA
18	 18151	OTIVAR
18	 18153	PADUL
18	 18154	PAMPANEIRA
18	 18155	PEDRO MARTINEZ
18	 18156	PELIGROS
18	 18160	PINOS GENIL
18	 18161	PINOS PUENTE
18	 18162	PIÑAR
18	 18164	POLICAR
18	 18165	POLOPOS
18	 18166	PORTUGOS
18	 18167	PUEBLA DE DON FADRIQUE
18	 18168	PULIANAS
18	 18170	PURULLENA
18	 18171	QUENTAR
18	 18173	RUBITE
18	 18174	SALAR
18	 18176	SALOBREÑA
18	 18177	SANTA CRUZ DEL COMERCIO
18	 18178	SANTA FE
18	 18179	SOPORTUJAR
18	 18180	SORVILAN
18	 18181	TORRE CARDELA
18	 18205	TORRENUEVA COSTA
18	 18182	TORVIZCON
18	 18183	TREVELEZ
18	 18185	TURON
18	 18186	UGIJAR
18	 18201	VALDERRUBIO
18	 18059	VALLE DEL ZALABI
18	 18187	VALOR
18	 18020	VEGAS DEL GENIL
18	 18188	VELEZ DE BENAUDALLA
18	 18189	VENTAS DE HUELMA
18	 18152	VILLA DE OTURA
18	 18053	VILLAMENA
18	 18191	VILLANUEVA DE LAS TORRES
18	 18192	VILLANUEVA MESIA
18	 18193	VIZNAR
18	 18196	ZAFARRAYA
18	 18200	ZAGRA
18	 18198	ZUJAR
19	 19001	ABANADES
19	 19002	ABLANQUE
19	 19003	ADOBES
19	 19005	ALAMINOS
19	 19006	ALARILLA
19	 19007	ALBALATE DE ZORITA
19	 19008	ALBARES
19	 19009	ALBENDIEGO
19	 19011	ALCOCER
19	 19012	ALCOLEA DE LAS PEÑAS
19	 19013	ALCOLEA DEL PINAR
19	 19015	ALCOROCHES
19	 19018	ALDEANUEVA DE GUADALAJARA
19	 19020	ALGAR DE MESA
19	 19021	ALGORA
19	 19022	ALHONDIGA
19	 19023	ALIQUE
19	 19024	ALMADRONES
19	 19026	ALMOGUERA
19	 19027	ALMONACID DE ZORITA
19	 19028	ALOCEN
19	 19029	ALOVERA
19	 19032	ALUSTANTE
19	 19036	ANGON
19	 19037	ANGUITA
19	 19038	ANQUELA DEL DUCADO
19	 19039	ANQUELA DEL PEDREGAL
19	 19041	ARANZUEQUE
19	 19042	ARBANCON
19	 19043	ARBETETA
19	 19045	ARGECILLA
19	 19046	ARMALLONES
19	 19047	ARMUÑA DE TAJUÑA
19	 19048	ARROYO DE LAS FRAGUAS
19	 19050	ATANZON
19	 19051	ATIENZA
19	 19052	AUÑON
19	 19054	AZUQUECA DE HENARES
19	 19055	BAIDES
19	 19058	BAÑOS DE TAJO
19	 19059	BAÑUELOS
19	 19060	BARRIOPEDRO
19	 19062	BERNINCHES
19	 19065	BRIHUEGA
19	 19066	BUDIA
19	 19067	BUJALARO
19	 19069	BUSTARES
19	 19070	CABANILLAS DEL CAMPO
19	 19072	CAMPILLO DE DUEÑAS
19	 19073	CAMPILLO DE RANAS
19	 19074	CAMPISABALOS
19	 19077	CANREDONDO
19	 19078	CANTALOJAS
19	 19079	CAÑIZAR
19	 19084	CASA DE UCEDA
19	 19087	CASAS DE SAN GALINDO
19	 19088	CASPUEÑAS
19	 19089	CASTEJON DE HENARES
19	 19090	CASTELLAR DE LA MUELA
19	 19092	CASTILFORTE
19	 19094	CASTILNUEVO
19	 19095	CENDEJAS DE ENMEDIO
19	 19096	CENDEJAS DE LA TORRE
19	 19097	CENTENERA
19	 19124	CHECA
19	 19125	CHEQUILLA
19	 19127	CHILLARON DEL REY
19	 19126	CHILOECHES
19	 19101	CIFUENTES
19	 19103	CINCOVILLAS
19	 19104	CIRUELAS
19	 19105	CIRUELOS DEL PINAR
19	 19107	COBETA
19	 19109	COGOLLOR
19	 19110	COGOLLUDO
19	 19113	CONDEMIOS DE ABAJO
19	 19114	CONDEMIOS DE ARRIBA
19	 19115	CONGOSTRINA
19	 19116	COPERNAL
19	 19118	CORDUENTE
19	 19128	DRIEBES
19	 19129	DURON
19	 19081	EL CARDOSO DE LA SIERRA
19	 19085	EL CASAR
19	 19122	EL CUBILLO DE UCEDA
19	 19236	EL OLIVAR
19	 19241	EL ORDIAL
19	 19254	EL PEDREGAL
19	 19265	EL POBO DE DUEÑAS
19	 19279	EL RECUENCO
19	 19313	EL SOTILLO
19	 19130	EMBID
19	 19131	ESCAMILLA
19	 19132	ESCARICHE
19	 19133	ESCOPETE
19	 19134	ESPINOSA DE HENARES
19	 19135	ESPLEGARES
19	 19136	ESTABLES
19	 19137	ESTRIEGANA
19	 19138	FONTANAR
19	 19139	FUEMBELLIDA
19	 19140	FUENCEMILLAN
19	 19142	FUENTELAHIGUERA DE ALBATAGES
19	 19143	FUENTELENCINA
19	 19144	FUENTELSAZ
19	 19145	FUENTELVIEJO
19	 19146	FUENTENOVILLA
19	 19148	GAJANEJOS
19	 19149	GALAPAGOS
19	 19150	GALVE DE SORBE
19	 19154	GASCUEÑA DE BORNOVA
19	 19900	GUADALAJARA
19	 19158	HENCHE
19	 19159	HERAS DE AYUSO
19	 19160	HERRERIA
19	 19161	HIENDELAENCINA
19	 19162	HIJES
19	 19164	HITA
19	 19165	HOMBRADOS
19	 19168	HONTOBA
19	 19169	HORCHE
19	 19171	HORTEZUELA DE OCEN
19	 19173	HUERMECES DEL CERRO
19	 19174	HUERTAHERNANDO
19	 19177	HUEVA
19	 19178	HUMANES
19	 19179	ILLANA
19	 19181	INIESTOLA
19	 19182	INVIERNAS LAS
19	 19184	IRUESTE
19	 19185	JADRAQUE
19	 19186	JIRUEQUE
19	 19064	LA BODERA
19	 19172	LA HUERCE
19	 19213	LA MIERLA
19	 19216	LA MIÑOSA
19	 19238	LA OLMEDA DE JADRAQUE
19	 19325	LA TOBA
19	 19402	LA YUNTA
19	 19190	LEDANCA
19	 19191	LORANCA DE TAJUÑA
19	 19192	LUPIANA
19	 19193	LUZAGA
19	 19194	LUZON
19	 19196	MAJAELRAYO
19	 19197	MALAGA DEL FRESNO
19	 19198	MALAGUILLA
19	 19199	MANDAYONA
19	 19200	MANTIEL
19	 19201	MARANCHON
19	 19202	MARCHAMALO
19	 19203	MASEGOSO DE TAJUÑA
19	 19204	MATARRUBIA
19	 19205	MATILLAS
19	 19206	MAZARETE
19	 19207	MAZUECOS
19	 19208	MEDRANDA
19	 19209	MEGINA
19	 19210	MEMBRILLERA
19	 19212	MIEDES DE ATIENZA
19	 19215	MILLANA
19	 19214	MILMARCOS
19	 19217	MIRABUENO
19	 19218	MIRALRIO
19	 19219	MOCHALES
19	 19220	MOHERNANDO
19	 19221	MOLINA DE ARAGON
19	 19222	MONASTERIO
19	 19223	MONDEJAR
19	 19224	MONTARRON
19	 19226	MORATILLA DE LOS MELEROS
19	 19227	MORENILLA
19	 19230	MUDUEX
19	 19233	NAVAS DE JADRAQUE
19	 19234	NEGREDO
19	 19235	OCENTEJO
19	 19237	OLMEDA DE COBETA
19	 19242	OREA
19	 19249	PALMACES DE JADRAQUE
19	 19250	PARDOS
19	 19251	PAREDES DE SIGUENZA
19	 19252	PAREJA
19	 19253	PASTRANA
19	 19257	PEÑALEN
19	 19258	PEÑALVER
19	 19259	PERALEJOS DE LAS TRUCHAS
19	 19260	PERALVECHE
19	 19261	PINILLA DE JADRAQUE
19	 19262	PINILLA DE MOLINA
19	 19263	PIOZ
19	 19264	PIQUERAS
19	 19266	POVEDA DE LA SIERRA
19	 19269	POZO DE ALMOGUERA
19	 19270	POZO DE GUADALAJARA
19	 19271	PRADENA DE ATIENZA
19	 19272	PRADOS REDONDOS
19	 19273	PUEBLA DE BELEÑA
19	 19274	PUEBLA DE VALLES
19	 19276	QUER
19	 19278	REBOLLOSA DE JADRAQUE
19	 19281	RENERA
19	 19282	RETIENDAS
19	 19283	RIBA DE SAELICES
19	 19286	RILLO DE GALLO
19	 19287	RIOFRIO DEL LLANO
19	 19289	ROBLEDILLO DE MOHERNANDO
19	 19290	ROBLEDO DE CORPES
19	 19292	ROMANILLOS DE ATIENZA
19	 19293	ROMANONES
19	 19294	RUEDA DE LA SIERRA
19	 19296	SACECORBO
19	 19297	SACEDON
19	 19298	SAELICES DE LA SAL
19	 19299	SALMERON
19	 19300	SAN ANDRES DEL CONGOSTO
19	 19301	SAN ANDRES DEL REY
19	 19303	SANTIUSTE
19	 19304	SAUCA
19	 19305	SAYATON
19	 19306	SELAS
19	 19307	SEMILLAS
19	 19308	SETILES
19	 19309	SIENES
19	 19310	SIGUENZA
19	 19311	SOLANILLOS DEL EXTREMO
19	 19312	SOMOLINOS
19	 19315	SOTODOSOS
19	 19316	TAMAJON
19	 19318	TARAGUDO
19	 19319	TARAVILLA
19	 19320	TARTANEDO
19	 19321	TENDILLA
19	 19323	TERZAGA
19	 19324	TIERZO
19	 19328	TORDELLEGO
19	 19327	TORDELRABANO
19	 19329	TORDESILOS
19	 19331	TORIJA
19	 19337	TORRE DEL BURGO
19	 19335	TORRECUADRADA DE MOLINA
19	 19336	TORRECUADRADILLA
19	 19338	TORREJON DEL REY
19	 19339	TORREMOCHA DE JADRAQUE
19	 19340	TORREMOCHA DEL CAMPO
19	 19341	TORREMOCHA DEL PINAR
19	 19342	TORREMOCHUELA
19	 19345	TORRUBIA
19	 19346	TORTOLA DE HENARES
19	 19348	TORTUERA
19	 19349	TORTUERO
19	 19350	TRAID
19	 19351	TRIJUEQUE
19	 19352	TRILLO
19	 19354	UCEDA
19	 19355	UJADOS
19	 19357	UTANDE
19	 19358	VALDARACHAS
19	 19359	VALDEARENAS
19	 19360	VALDEAVELLANO
19	 19361	VALDEAVERUELO
19	 19362	VALDECONCHA
19	 19363	VALDEGRUDAS
19	 19365	VALDELCUBO
19	 19367	VALDENUÑO FERNANDEZ
19	 19368	VALDEPEÑAS DE LA SIERRA
19	 19369	VALDERREBOLLO
19	 19372	VALDESOTOS
19	 19374	VALFERMOSO DE TAJUÑA
19	 19375	VALHERMOSO
19	 19376	VALTABLADO DEL RIO
19	 19377	VALVERDE DE LOS ARROYOS
19	 19380	VIANA DE JADRAQUE
19	 19384	VILLANUEVA DE ALCORON
19	 19385	VILLANUEVA DE ARGECILLA
19	 19386	VILLANUEVA DE LA TORRE
19	 19389	VILLARES DE JADRAQUE
19	 19390	VILLASECA DE HENARES
19	 19391	VILLASECA DE UCEDA
19	 19394	VILLEL DE MESA
19	 19395	VIÑUELAS
19	 19396	YEBES
19	 19397	YEBRA
19	 19399	YELAMOS DE ABAJO
19	 19400	YELAMOS DE ARRIBA
19	 19401	YUNQUERA DE HENARES
19	 19403	ZAOREJAS
19	 19404	ZARZUELA DE JADRAQUE
19	 19405	ZORITA DE LOS CANES
21	 21001	ALAJAR
21	 21002	ALJARAQUE
21	 21004	ALMONASTER LA REAL
21	 21005	ALMONTE
21	 21006	ALOSNO
21	 21007	ARACENA
21	 21008	AROCHE
21	 21009	ARROYOMOLINOS DE LEON
21	 21010	AYAMONTE
21	 21011	BEAS
21	 21012	BERROCAL
21	 21013	BOLLULLOS PAR DEL CONDADO
21	 21014	BONARES
21	 21015	CABEZAS RUBIAS
21	 21016	CALA
21	 21017	CALAÑAS
21	 21019	CAMPOFRIO
21	 21020	CAÑAVERAL DE LEON
21	 21021	CARTAYA
21	 21022	CASTAÑO DEL ROBLEDO
21	 21030	CHUCENA
21	 21024	CORTECONCEPCION
21	 21025	CORTEGANA
21	 21026	CORTELAZOR
21	 21027	CUMBRES DE ENMEDIO
21	 21028	CUMBRES DE SAN BARTOLOME
21	 21029	CUMBRES MAYORES
21	 21003	EL ALMENDRO
21	 21018	EL CAMPILLO
21	 21023	EL CERRO DE ANDEVALO
21	 21037	EL GRANADO
21	 21031	ENCINASOLA
21	 21032	ESCACENA DEL CAMPO
21	 21033	FUENTEHERIDOS
21	 21034	GALAROZA
21	 21035	GIBRALEON
21	 21038	HIGUERA DE LA SIERRA
21	 21039	HINOJALES
21	 21040	HINOJOS
21	 21900	HUELVA
21	 21042	ISLA CRISTINA
21	 21043	JABUGO
21	 21036	LA GRANADA DE RIOTINTO
21	 21051	LA NAVA
21	 21054	LA PALMA DEL CONDADO
21	 21080	LA ZARZA   PERRUNAL
21	 21044	LEPE
21	 21045	LINARES DE LA SIERRA
21	 21048	LOS MARINES
21	 21046	LUCENA DEL PUERTO
21	 21047	MANZANILLA
21	 21049	MINAS DE RIOTINTO
21	 21050	MOGUER
21	 21052	NERVA
21	 21053	NIEBLA
21	 21055	PALOS DE LA FRONTERA
21	 21056	PATERNA DEL CAMPO
21	 21057	PAYMOGO
21	 21058	PUEBLA DE GUZMAN
21	 21059	PUERTO MORAL
21	 21079	PUNTA UMBRIA
21	 21060	ROCIANA DEL CONDADO
21	 21061	ROSAL DE LA FRONTERA
21	 21062	SAN BARTOLOME DE LA TORRE
21	 21063	SAN JUAN DEL PUERTO
21	 21065	SAN SILVESTRE DE GUZMAN
21	 21064	SANLUCAR DE GUADIANA
21	 21066	SANTA ANA LA REAL
21	 21067	SANTA BARBARA DE CASA
21	 21068	SANTA OLALLA DEL CALA
21	 21069	TRIGUEROS
21	 21070	VALDELARCO
21	 21071	VALVERDE DEL CAMINO
21	 21072	VILLABLANCA
21	 21073	VILLALBA DEL ALCOR
21	 21074	VILLANUEVA DE LAS CRUCES
21	 21075	VILLANUEVA DE LOS CASTILLEJOS
21	 21076	VILLARRASA
21	 21077	ZALAMEA LA REAL
21	 21078	ZUFRE
22	 22001	ABIEGO
22	 22002	ABIZANDA
22	 22005	ADAHUESCA
22	 22007	AGUERO
22	 22009	AINSA SOBRARBE
22	 22010	AISA
22	 22011	ALBALATE DE CINCA
22	 22012	ALBALATILLO
22	 22013	ALBELDA
22	 22015	ALBERO ALTO
22	 22016	ALBERO BAJO
22	 22018	ALBERUELA DE TUBO
22	 22019	ALCALA DE GURREA
22	 22020	ALCALA DEL OBISPO
22	 22021	ALCAMPELL
22	 22022	ALCOLEA DE CINCA
22	 22023	ALCUBIERRE
22	 22024	ALERRE
22	 22025	ALFANTEGA
22	 22027	ALMUDEVAR
22	 22028	ALMUNIA DE SAN JUAN
22	 22029	ALMUNIENTE
22	 22030	ALQUEZAR
22	 22031	ALTORRICON
22	 22032	ANGUES
22	 22034	ANSO
22	 22035	ANTILLON
22	 22039	ARAGUES DEL PUERTO
22	 22044	AREN
22	 22045	ARGAVIESO
22	 22046	ARGUIS
22	 22049	AYERBE
22	 22050	AZANUY ALINS
22	 22051	AZARA
22	 22052	AZLOR
22	 22053	BAELLS
22	 22054	BAILO
22	 22055	BALDELLOU
22	 22056	BALLOBAR
22	 22059	BANASTAS
22	 22061	BARBASTRO
22	 22063	BARBUES
22	 22064	BARBUÑALES
22	 22065	BARCABO
22	 22067	BELVER DE CINCA
22	 22068	BENABARRE
22	 22069	BENASQUE
22	 22071	BERANUY
22	 22072	BERBEGAL
22	 22079	BIELSA
22	 22080	BIERGE
22	 22081	BIESCAS
22	 22082	BINACED
22	 22083	BINEFAR
22	 22085	BISAURRI
22	 22086	BISCARRUES
22	 22087	BLECUA Y TORRES
22	 22089	BOLTAÑA
22	 22090	BONANSA
22	 22092	BORAU
22	 22094	BROTO
22	 22038	CALDEARENAS
22	 22102	CAMPO
22	 22103	CAMPORRELLS
22	 22073	CANAL DE BERDUN
22	 22104	CANDASNOS
22	 22105	CANFRANC
22	 22106	CAPDESASO
22	 22107	CAPELLA
22	 22109	CASBAS DE HUESCA
22	 22113	CASTEJON DE MONEGROS
22	 22115	CASTEJON DE SOS
22	 22112	CASTEJON DEL PUENTE
22	 22116	CASTELFLORITE
22	 22117	CASTIELLO DE JACA
22	 22118	CASTIGALEU
22	 22120	CASTILLAZUELO
22	 22121	CASTILLONROY
22	 22132	CHALAMERA
22	 22133	CHIA
22	 22134	CHIMILLAS
22	 22123	COLUNGO
22	 22161	EL GRADO
22	 22261	EL PUEYO DE ARAGUAS
22	 22140	ESPLUS
22	 22144	ESTADA
22	 22145	ESTADILLA
22	 22147	ESTOPIÑAN DEL CASTILLO
22	 22148	FAGO
22	 22149	FANLO
22	 22152	FISCAL
22	 22153	FONZ
22	 22154	FORADADA DEL TOSCAR
22	 22155	FRAGA
22	 22160	GISTAIN
22	 22162	GRAÑEN
22	 22163	GRAUS
22	 22167	GURREA DE GALLEGO
22	 22170	HOZ DE JACA
22	 22169	HOZ Y COSTEAN
22	 22172	HUERTO
22	 22901	HUESCA
22	 22174	IBIECA
22	 22175	IGRIES
22	 22176	ILCHE
22	 22272	ISABENA
22	 22178	JACA
22	 22179	JASA
22	 22350	LA FUEVA
22	 22256	LA PUEBLA DE CASTRO
22	 22088	LA SOTONERA
22	 22185	LABUERDA
22	 22189	LALUENGA
22	 22190	LALUEZA
22	 22191	LANAJA
22	 22193	LAPERDIGUERA
22	 22270	LAS PEÑAS DE RIGLOS
22	 22196	LASCELLAS PONZANO
22	 22197	LASCUARRE
22	 22198	LASPAULES
22	 22199	LASPUÑA
22	 22205	LOARRE
22	 22206	LOPORZANO
22	 22207	LOSCORRALES
22	 22208	LUPIÑEN ORTILLA
22	 22215	MONESMA Y CAJIGAR
22	 22216	MONFLORITE LASCASAS
22	 22217	MONTANUY
22	 22218	MONZON
22	 22222	NAVAL
22	 22226	NOVALES
22	 22227	NUENO
22	 22230	OLVENA
22	 22231	ONTIÑENA
22	 22235	OSSO DE CINCA
22	 22236	PALO
22	 22239	PANTICOSA
22	 22241	PEÑALBA
22	 22242	PERALTA DE ALCOFEA
22	 22243	PERALTA DE CALASANZ
22	 22244	PERALTILLA
22	 22245	PERARRUA
22	 22246	PERTUSA
22	 22249	PIRACES
22	 22250	PLAN
22	 22252	POLEÑINO
22	 22255	POZAN DE VERO
22	 22259	PUENTE DE MONTAÑANA
22	 22288	PUENTE LA REINA DE JACA
22	 22260	PUERTOLAS
22	 22264	PUEYO DE SANTA CRUZ
22	 22266	QUICENA
22	 22271	ROBRES
22	 22275	SABIÑANIGO
22	 22276	SAHUN
22	 22277	SALAS ALTAS
22	 22278	SALAS BAJAS
22	 22279	SALILLAS
22	 22282	SALLENT DE GALLEGO
22	 22283	SAN ESTEBAN DE LITERA
22	 22285	SAN JUAN DE PLAN
22	 22253	SAN MIGUEL DEL CINCA
22	 22284	SANGARREN
22	 22286	SANTA CILIA
22	 22287	SANTA CRUZ DE LA SEROS
22	 22171	SANTA MARIA DE DULCIS
22	 22291	SANTALIESTRA Y SAN QUILEZ
22	 22294	SARIÑENA
22	 22298	SECASTILLA
22	 22299	SEIRA
22	 22301	SENA
22	 22303	SENES DE ALCUBIERRE
22	 22305	SESA
22	 22306	SESUE
22	 22309	SIETAMO
22	 22313	SOPEIRA
22	 22315	TAMARITE DE LITERA
22	 22316	TARDIENTA
22	 22317	TELLA SIN
22	 22318	TIERZ
22	 22320	TOLVA
22	 22321	TORLA ORDESA
22	 22323	TORRALBA DE ARAGON
22	 22324	TORRE LA RIBERA
22	 22325	TORRENTE DE CINCA
22	 22326	TORRES DE ALCANADRE
22	 22327	TORRES DE BARBUES
22	 22332	TRAMACED
22	 22336	VALFARTA
22	 22337	VALLE DE BARDAJI
22	 22168	VALLE DE HECHO
22	 22338	VALLE DE LIERP
22	 22339	VELILLA DE CINCA
22	 22351	VENCILLON
22	 22341	VIACAMP Y LITERA
22	 22342	VICIEN
22	 22343	VILLANOVA
22	 22344	VILLANUA
22	 22345	VILLANUEVA DE SIGENA
22	 22347	YEBRA DE BASA
22	 22348	YESERO
22	 22349	ZAIDIN
23	 23001	ALBANCHEZ DE MAGINA
23	 23002	ALCALA LA REAL
23	 23003	ALCAUDETE
23	 23004	ALDEAQUEMADA
23	 23005	ANDUJAR
23	 23006	ARJONA
23	 23007	ARJONILLA
23	 23008	ARQUILLOS
23	 23102	ARROYO DEL OJANCO
23	 23009	BAEZA
23	 23010	BAILEN
23	 23011	BAÑOS DE LA ENCINA
23	 23012	BEAS DE SEGURA
23	 23013	BEDMAR Y GARCIEZ
23	 23014	BEGIJAR
23	 23015	BELMEZ DE LA MORALEDA
23	 23016	BENATAE
23	 23017	CABRA DEL SANTO CRISTO
23	 23018	CAMBIL
23	 23019	CAMPILLO DE ARENAS
23	 23020	CANENA
23	 23021	CARBONEROS
23	 23023	CARCHELES
23	 23025	CASTELLAR
23	 23026	CASTILLO DE LOCUBIN
23	 23027	CAZALILLA
23	 23028	CAZORLA
23	 23029	CHICLANA DE SEGURA
23	 23030	CHILLUEVAR
23	 23031	ESCAÑUELA
23	 23032	ESPELUY
23	 23033	FRAILES
23	 23034	FUENSANTA DE MARTOS
23	 23035	FUERTE DEL REY
23	 23037	GENAVE
23	 23039	GUARROMAN
23	 23041	HIGUERA DE CALATRAVA
23	 23042	HINOJARES
23	 23043	HORNOS
23	 23044	HUELMA
23	 23045	HUESA
23	 23046	IBROS
23	 23048	IZNATORAF
23	 23049	JABALQUINTO
23	 23900	JAEN
23	 23051	JAMILENA
23	 23052	JIMENA
23	 23053	JODAR
23	 23024	LA CAROLINA
23	 23038	LA GUARDIA DE JAEN
23	 23047	LA IRUELA
23	 23072	LA PUERTA DE SEGURA
23	 23040	LAHIGUERA
23	 23054	LARVA
23	 23055	LINARES
23	 23056	LOPERA
23	 23099	LOS VILLARES
23	 23057	LUPION
23	 23058	MANCHA REAL
23	 23059	MARMOLEJO
23	 23060	MARTOS
23	 23061	MENGIBAR
23	 23062	MONTIZON
23	 23063	NAVAS DE SAN JUAN
23	 23064	NOALEJO
23	 23065	ORCERA
23	 23066	PEAL DE BECERRO
23	 23067	PEGALAJAR
23	 23069	PORCUNA
23	 23070	POZO ALCON
23	 23071	PUENTE DE GENAVE
23	 23073	QUESADA
23	 23074	RUS
23	 23075	SABIOTE
23	 23076	SANTA ELENA
23	 23077	SANTIAGO DE CALATRAVA
23	 23078	SANTIAGO PONTONES
23	 23079	SANTISTEBAN DEL PUERTO
23	 23080	SANTO TOME
23	 23081	SEGURA DE LA SIERRA
23	 23082	SILES
23	 23084	SORIHUELA DEL GUADALIMAR
23	 23085	TORREBLASCOPEDRO
23	 23086	TORREDELCAMPO
23	 23087	TORREDONJIMENO
23	 23088	TORREPEROGIL
23	 23090	TORRES
23	 23091	TORRES DE ALBANCHEZ
23	 23092	UBEDA
23	 23093	VALDEPEÑAS DE JAEN
23	 23094	VILCHES
23	 23095	VILLACARRILLO
23	 23096	VILLANUEVA DE LA REINA
23	 23097	VILLANUEVA DEL ARZOBISPO
23	 23098	VILLARDOMPARDO
23	 23101	VILLARRODRIGO
23	 23100	VILLATORRES
24	 24001	ACEBEDO
24	 24002	ALGADEFE
24	 24003	ALIJA DEL INFANTADO
24	 24004	ALMANZA
24	 24006	ARDON
24	 24007	ARGANZA
24	 24009	ASTORGA
24	 24010	BALBOA
24	 24012	BARJAS
24	 24015	BEMBIBRE
24	 24016	BENAVIDES
24	 24017	BENUZA
24	 24018	BERCIANOS DEL PARAMO
24	 24019	BERCIANOS DEL REAL CAMINO
24	 24020	BERLANGA DEL BIERZO
24	 24021	BOCA DE HUERGANO
24	 24022	BOÑAR
24	 24023	BORRENES
24	 24024	BRAZUELO
24	 24026	BURON
24	 24027	BUSTILLO DEL PARAMO
24	 24028	CABAÑAS RARAS
24	 24029	CABREROS DEL RIO
24	 24030	CABRILLANES
24	 24031	CACABELOS
24	 24032	CALZADA DEL COTO
24	 24033	CAMPAZAS
24	 24035	CAMPO DE VILLAVIDEL
24	 24036	CAMPONARAYA
24	 24039	CARMENES
24	 24040	CARRACEDELO
24	 24041	CARRIZO
24	 24042	CARROCERA
24	 24043	CARUCEDO
24	 24044	CASTILFALE
24	 24045	CASTRILLO DE CABRERA
24	 24046	CASTRILLO DE LA VALDUERNA
24	 24048	CASTROCALBON
24	 24049	CASTROCONTRIGO
24	 24051	CASTROPODAME
24	 24052	CASTROTIERRA DE VALMADRIGAL
24	 24053	CEA
24	 24054	CEBANICO
24	 24055	CEBRONES DEL RIO
24	 24067	CHOZAS DE ABAJO
24	 24056	CIMANES DE LA VEGA
24	 24057	CIMANES DEL TEJAR
24	 24058	CISTIERNA
24	 24059	CONGOSTO
24	 24060	CORBILLOS DE LOS OTEROS
24	 24061	CORULLON
24	 24062	CREMENES
24	 24063	CUADROS
24	 24064	CUBILLAS DE LOS OTEROS
24	 24065	CUBILLAS DE RUEDA
24	 24066	CUBILLOS DEL SIL
24	 24068	DESTRIANA
24	 24025	EL BURGO RANERO
24	 24069	ENCINEDO
24	 24071	ESCOBAR DE CAMPOS
24	 24072	FABERO
24	 24073	FOLGOSO DE LA RIBERA
24	 24075	FRESNO DE LA VEGA
24	 24076	FUENTES DE CARBAJAL
24	 24078	GARRAFE DE TORIO
24	 24079	GORDALIZA DEL PINO
24	 24080	GORDONCILLO
24	 24081	GRADEFES
24	 24082	GRAJAL DE CAMPOS
24	 24083	GUSENDOS DE LOS OTEROS
24	 24084	HOSPITAL DE ORBIGO
24	 24085	IGUEÑA
24	 24086	IZAGRE
24	 24088	JOARILLA DE LAS MATAS
24	 24005	LA ANTIGUA
24	 24011	LA BAÑEZA
24	 24070	LA ERCINA
24	 24117	LA POLA DE GORDON
24	 24137	LA ROBLA
24	 24196	LA VECILLA
24	 24089	LAGUNA DALGA
24	 24090	LAGUNA DE NEGRILLOS
24	 24106	LAS OMAÑAS
24	 24900	LEON
24	 24094	LLAMAS DE LA RIBERA
24	 24013	LOS BARRIOS DE LUNA
24	 24092	LUCILLO
24	 24093	LUYEGO
24	 24095	MAGAZ DE CEPEDA
24	 24096	MANSILLA DE LAS MULAS
24	 24097	MANSILLA MAYOR
24	 24098	MARAÑA
24	 24099	MATADEON DE LOS OTEROS
24	 24100	MATALLANA DE TORIO
24	 24101	MATANZA
24	 24102	MOLINASECA
24	 24103	MURIAS DE PAREDES
24	 24104	NOCEDA DEL BIERZO
24	 24105	OENCIA
24	 24107	ONZONILLA
24	 24108	OSEJA DE SAJAMBRE
24	 24109	PAJARES DE LOS OTEROS
24	 24110	PALACIOS DE LA VALDUERNA
24	 24111	PALACIOS DEL SIL
24	 24113	PARAMO DEL SIL
24	 24115	PERANZANES
24	 24116	POBLADURA DE PELAYO GARCIA
24	 24118	PONFERRADA
24	 24119	POSADA DE VALDEON
24	 24120	POZUELO DEL PARAMO
24	 24121	PRADO DE LA GUZPEÑA
24	 24122	PRIARANZA DEL BIERZO
24	 24123	PRIORO
24	 24124	PUEBLA DE LILLO
24	 24125	PUENTE DE DOMINGO FLOREZ
24	 24126	QUINTANA DEL CASTILLO
24	 24127	QUINTANA DEL MARCO
24	 24128	QUINTANA Y CONGOSTO
24	 24130	REGUERAS DE ARRIBA
24	 24132	REYERO
24	 24133	RIAÑO
24	 24134	RIEGO DE LA VEGA
24	 24135	RIELLO
24	 24136	RIOSECO DE TAPIA
24	 24139	ROPERUELOS DEL PARAMO
24	 24140	SABERO
24	 24142	SAHAGUN
24	 24144	SAN ADRIAN DEL VALLE
24	 24145	SAN ANDRES DEL RABANEDO
24	 24147	SAN CRISTOBAL DE LA POLANTERA
24	 24148	SAN EMILIANO
24	 24149	SAN ESTEBAN DE NOGALES
24	 24151	SAN JUSTO DE LA VEGA
24	 24152	SAN MILLAN DE LOS CABALLEROS
24	 24153	SAN PEDRO BERCIANOS
24	 24146	SANCEDO
24	 24154	SANTA COLOMBA DE CURUEÑO
24	 24155	SANTA COLOMBA DE SOMOZA
24	 24156	SANTA CRISTINA DE VALMADRIGAL
24	 24157	SANTA ELENA DE JAMUZ
24	 24158	SANTA MARIA DE LA ISLA
24	 24161	SANTA MARIA DE ORDAS
24	 24159	SANTA MARIA DEL MONTE DE CEA
24	 24160	SANTA MARIA DEL PARAMO
24	 24162	SANTA MARINA DEL REY
24	 24163	SANTAS MARTAS
24	 24164	SANTIAGO MILLAS
24	 24165	SANTOVENIA DE LA VALDONCINA
24	 24166	SARIEGOS
24	 24167	SENA DE LUNA
24	 24168	SOBRADO
24	 24169	SOTO DE LA VEGA
24	 24170	SOTO Y AMIO
24	 24171	TORAL DE LOS GUZMANES
24	 24210	TORAL DE LOS VADOS
24	 24172	TORENO
24	 24173	TORRE DEL BIERZO
24	 24174	TRABADELO
24	 24175	TRUCHAS
24	 24176	TURCIA
24	 24177	URDIALES DEL PARAMO
24	 24188	VAL DE SAN LORENZO
24	 24178	VALDEFRESNO
24	 24179	VALDEFUENTES DEL PARAMO
24	 24180	VALDELUGUEROS
24	 24181	VALDEMORA
24	 24182	VALDEPIELAGO
24	 24183	VALDEPOLO
24	 24184	VALDERAS
24	 24185	VALDERREY
24	 24186	VALDERRUEDA
24	 24187	VALDESAMARIO
24	 24190	VALDEVIMBRE
24	 24191	VALENCIA DE DON JUAN
24	 24038	VALLE DE ANCARES
24	 24194	VALLECILLO
24	 24192	VALVERDE DE LA VIRGEN
24	 24193	VALVERDE ENRIQUE
24	 24199	VEGA DE ESPINAREDA
24	 24200	VEGA DE INFANZONES
24	 24201	VEGA DE VALCARCE
24	 24197	VEGACERVERA
24	 24203	VEGAQUEMADA
24	 24205	VEGAS DEL CONDADO
24	 24206	VILLABLINO
24	 24207	VILLABRAZ
24	 24209	VILLADANGOS DEL PARAMO
24	 24211	VILLADEMOR DE LA VEGA
24	 24213	VILLAFRANCA DEL BIERZO
24	 24214	VILLAGATON
24	 24215	VILLAMANDOS
24	 24138	VILLAMANIN
24	 24216	VILLAMAÑAN
24	 24217	VILLAMARTIN DE DON SANCHO
24	 24218	VILLAMEJIL
24	 24219	VILLAMOL
24	 24220	VILLAMONTAN DE LA VALDUERNA
24	 24221	VILLAMORATIEL DE LAS MATAS
24	 24222	VILLANUEVA DE LAS MANZANAS
24	 24223	VILLAOBISPO DE OTERO
24	 24224	VILLAORNATE Y CASTRO
24	 24225	VILLAQUEJIDA
24	 24226	VILLAQUILAMBRE
24	 24227	VILLAREJO DE ORBIGO
24	 24228	VILLARES DE ORBIGO
24	 24229	VILLASABARIEGO
24	 24230	VILLASELAN
24	 24231	VILLATURIEL
24	 24233	VILLAZALA
24	 24234	VILLAZANZO DE VALDERADUEY
24	 24235	ZOTES DEL PARAMO
25	 25001	ABELLA DE LA CONCA
25	 25002	AGER
25	 25003	AGRAMUNT
25	 25046	AITONA
25	 25005	ALAS I CERC
25	 25007	ALBATARREC
25	 25008	ALBESA
25	 25010	ALCANO
25	 25011	ALCARRAS
25	 25012	ALCOLETGE
25	 25013	ALFARRAS
25	 25014	ALFES
25	 25015	ALGERRI
25	 25016	ALGUAIRE
25	 25017	ALINS
25	 25019	ALMACELLES
25	 25020	ALMATRET
25	 25021	ALMENAR
25	 25022	ALOS DE BALAGUER
25	 25023	ALPICAT
25	 25299	ALT ANEU
25	 25025	ANGLESOLA
25	 25032	ARBECA
25	 25036	ARRES
25	 25039	ARSEGUEL
25	 25040	ARTESA DE LLEIDA
25	 25041	ARTESA DE SEGRE
25	 25044	ASPA
25	 25126	BAIX PALLARS
25	 25049	BALAGUER
25	 25050	BARBENS
25	 25053	BASSELLA
25	 25054	BAUSEN
25	 25055	BELIANES
25	 25212	BELLAGUARDA
25	 25056	BELLCAIRE D URGELL
25	 25057	BELL LLOC D URGELL
25	 25058	BELLMUNT D URGELL
25	 25059	BELLPUIG
25	 25060	BELLVER DE CERDANYA
25	 25061	BELLVIS
25	 25063	BENAVENT DE SEGRIA
25	 25067	BIOSCA
25	 25071	BOSSOST
25	 25068	BOVERA
25	 25072	CABANABONA
25	 25073	CABO
25	 25074	CAMARASA
25	 25075	CANEJAN
25	 25136	CASTELL DE MUR
25	 25076	CASTELLAR DE LA RIBERA
25	 25079	CASTELLDANS
25	 25080	CASTELLNOU DE SEANA
25	 25081	CASTELLO DE FARFANYA
25	 25082	CASTELLSERA
25	 25083	CAVA
25	 25084	CERVERA
25	 25085	CERVIA DE LES GARRIGUES
25	 25086	CIUTADILLA
25	 25089	CLARIANA DE CARDENER
25	 25092	COLL DE NARGO
25	 25090	CONCA DE DALT
25	 25094	CORBINS
25	 25095	CUBELLS
25	 25091	EL COGUL
25	 25198	EL PALAU D ANGLESOLA
25	 25210	EL POAL
25	 25278	EL PONT DE BAR
25	 25216	EL PONT DE SUERT
25	 25256	EL SOLERAS
25	 25316	EL VILOSELL
25	 25004	ELS ALAMUS
25	 25191	ELS OMELLONS
25	 25192	ELS OMELLS DE NA GAIA
25	 25031	ELS PLANS DE SIO
25	 25281	ELS TORMS
25	 25069	ES BORDES
25	 25104	ESPOT
25	 25110	ESTAMARIU
25	 25107	ESTARAS
25	 25108	ESTERRI D ANEU
25	 25109	ESTERRI DE CARDOS
25	 25111	FARRERA
25	 25112	FIGOLS I ALINYA
25	 25118	FONDARELLA
25	 25120	FORADADA
25	 25123	FULLEDA
25	 25241	GAVET DE LA CONCA
25	 25321	GIMENELLS I EL PLA DE LA FONT
25	 25128	GOLMES
25	 25129	GOSOL
25	 25132	GRANYANELLA
25	 25134	GRANYENA DE LES GARRIGUES
25	 25133	GRANYENA DE SEGARRA
25	 25138	GUIMERA
25	 25139	GUISSONA
25	 25140	GUIXERS
25	 25146	ISONA I CONCA DELLA
25	 25142	IVARS DE NOGUERA
25	 25143	IVARS D URGELL
25	 25144	IVORRA
25	 25147	JOSA I TUIXEN
25	 25149	JUNCOSA
25	 25150	JUNEDA
25	 25051	LA BARONIA DE RIALB
25	 25203	LA COMA I LA PEDRA
25	 25117	LA FLORESTA
25	 25122	LA FULIOLA
25	 25130	LA GRANADELLA
25	 25131	LA GRANJA D ESCARP
25	 25148	LA GUINGUETA D ANEU
25	 25171	LA MOLSOSA
25	 25211	LA POBLA DE CERVOLES
25	 25213	LA POBLA DE SEGUR
25	 25217	LA PORTELLA
25	 25043	LA SENTIU DE SIO
25	 25252	LA SEU D URGELL
25	 25284	LA TORRE DE CABDELLA
25	 25052	LA VALL DE BOI
25	 25302	LA VANSA I FORNOLS
25	 25006	L ALBAGES
25	 25009	L ALBI
25	 25152	LES
25	 25045	LES AVELLANES I SANTA LINYA
25	 25070	LES BORGES BLANQUES
25	 25190	LES OLUGES
25	 25185	LES VALLS D AGUILAR
25	 25026	LES VALLS DE VALIRA
25	 25102	L ESPLUGA CALVA
25	 25153	LINYOLA
25	 25154	LLADORRE
25	 25155	LLADURS
25	 25157	LLARDECANS
25	 25158	LLAVORSI
25	 25900	LLEIDA
25	 25159	LLES DE CERDANYA
25	 25162	LLIMIANA
25	 25163	LLOBERA
25	 25168	MAIALS
25	 25164	MALDA
25	 25166	MASSALCOREIG
25	 25167	MASSOTERES
25	 25169	MENARGUENS
25	 25170	MIRALCAMP
25	 25172	MOLLERUSSA
25	 25177	MONTELLA I MARTINET
25	 25028	MONTFERRER I CASTELLBO
25	 25174	MONTGAI
25	 25179	MONTOLIU DE LLEIDA
25	 25178	MONTOLIU DE SEGARRA
25	 25180	MONTORNES DE SEGARRA
25	 25183	NALEC
25	 25233	NAUT ARAN
25	 25184	NAVES
25	 25186	ODEN
25	 25187	OLIANA
25	 25188	OLIOLA
25	 25189	OLIUS
25	 25194	ORGANYA
25	 25196	OS DE BALAGUER
25	 25197	OSSO DE SIO
25	 25204	PENELLES
25	 25206	PERAMOLA
25	 25207	PINELL DE SOLSONES
25	 25208	PINOS
25	 25215	PONTS
25	 25218	PRATS I SANSOR
25	 25219	PREIXANA
25	 25220	PREIXENS
25	 25222	PRULLANS
25	 25223	PUIGGROS
25	 25224	PUIGVERD D AGRAMUNT
25	 25225	PUIGVERD DE LLEIDA
25	 25226	RIALP
25	 25240	RIBERA D ONDARA
25	 25209	RIBERA D URGELLET
25	 25228	RINER
25	 25229	RIU DE CERDANYA
25	 25232	ROSSELLO
25	 25234	SALAS DE PALLARS
25	 25235	SANAUJA
25	 25242	SANT ESTEVE DE LA SARGA
25	 25236	SANT GUIM DE FREIXENET
25	 25243	SANT GUIM DE LA PLANA
25	 25237	SANT LLOREN  DE MORUNYS
25	 25244	SANT MARTI DE RIUCORB
25	 25238	SANT RAMON
25	 25250	SARROCA DE BELLERA
25	 25249	SARROCA DE LLEIDA
25	 25251	SENTERADA
25	 25254	SEROS
25	 25255	SIDAMON
25	 25257	SOLSONA
25	 25259	SORIGUERA
25	 25261	SORT
25	 25262	SOSES
25	 25263	SUDANELL
25	 25264	SUNYER
25	 25268	TALARN
25	 25269	TALAVERA
25	 25272	TARREGA
25	 25273	TARRES
25	 25274	TARROJA DE SEGARRA
25	 25275	TERMENS
25	 25276	TIRVIA
25	 25277	TIURANA
25	 25279	TORA
25	 25282	TORNABOUS
25	 25283	TORREBESSES
25	 25285	TORREFARRERA
25	 25286	TORREFETA I FLOREJACS
25	 25287	TORREGROSSA
25	 25288	TORRELAMEU
25	 25289	TORRES DE SEGRE
25	 25290	TORRE SERONA
25	 25295	TREMP
25	 25227	VALL DE CARDOS
25	 25300	VALLBONA DE LES MONGES
25	 25301	VALLFOGONA DE BALAGUER
25	 25303	VERDU
25	 25304	VIELHA E MIJARAN
25	 25306	VILAGRASSA
25	 25307	VILALLER
25	 25309	VILAMOS
25	 25310	VILANOVA DE BELLPUIG
25	 25317	VILANOVA DE LA BARCA
25	 25311	VILANOVA DE L AGUDA
25	 25312	VILANOVA DE MEIA
25	 25313	VILANOVA DE SEGRIA
25	 25314	VILA SANA
25	 25319	VINAIXA
26	 26001	ABALOS
26	 26002	AGONCILLO
26	 26003	AGUILAR DEL RIO ALHAMA
26	 26004	AJAMIL DE CAMEROS
26	 26005	ALBELDA DE IREGUA
26	 26006	ALBERITE
26	 26007	ALCANADRE
26	 26008	ALDEANUEVA DE EBRO
26	 26009	ALESANCO
26	 26010	ALESON
26	 26011	ALFARO
26	 26012	ALMARZA DE CAMEROS
26	 26013	ANGUCIANA
26	 26014	ANGUIANO
26	 26015	ARENZANA DE ABAJO
26	 26016	ARENZANA DE ARRIBA
26	 26017	ARNEDILLO
26	 26018	ARNEDO
26	 26019	ARRUBAL
26	 26020	AUSEJO
26	 26021	AUTOL
26	 26022	AZOFRA
26	 26023	BADARAN
26	 26024	BAÑARES
26	 26026	BAÑOS DE RIO TOBIA
26	 26025	BAÑOS DE RIOJA
26	 26027	BERCEO
26	 26028	BERGASA
26	 26029	BERGASILLAS BAJERA
26	 26030	BEZARES
26	 26031	BOBADILLA
26	 26032	BRIEVA DE CAMEROS
26	 26033	BRIÑAS
26	 26034	BRIONES
26	 26035	CABEZON DE CAMEROS
26	 26036	CALAHORRA
26	 26037	CAMPROVIN
26	 26038	CANALES DE LA SIERRA
26	 26039	CANILLAS DE RIO TUERTO
26	 26040	CAÑAS
26	 26041	CARDENAS
26	 26042	CASALARREINA
26	 26043	CASTAÑARES DE RIOJA
26	 26044	CASTROVIEJO
26	 26045	CELLORIGO
26	 26046	CENICERO
26	 26047	CERVERA DEL RIO ALHAMA
26	 26048	CIDAMON
26	 26049	CIHURI
26	 26050	CIRUEÑA
26	 26051	CLAVIJO
26	 26052	CORDOVIN
26	 26053	CORERA
26	 26054	CORNAGO
26	 26055	CORPORALES
26	 26056	CUZCURRITA DE RIO TIRON
26	 26057	DAROCA DE RIOJA
26	 26122	EL RASILLO DE CAMEROS
26	 26123	EL REDAL
26	 26171	EL VILLAR DE ARNEDO
26	 26058	ENCISO
26	 26059	ENTRENA
26	 26060	ESTOLLO
26	 26061	EZCARAY
26	 26062	FONCEA
26	 26063	FONZALECHE
26	 26064	FUENMAYOR
26	 26065	GALBARRULI
26	 26066	GALILEA
26	 26067	GALLINERO DE CAMEROS
26	 26068	GIMILEO
26	 26069	GRAÑON
26	 26070	GRAVALOS
26	 26071	HARO
26	 26072	HERCE
26	 26073	HERRAMELLURI
26	 26074	HERVIAS
26	 26075	HORMILLA
26	 26076	HORMILLEJA
26	 26077	HORNILLOS DE CAMEROS
26	 26078	HORNOS DE MONCALVILLO
26	 26079	HUERCANOS
26	 26080	IGEA
26	 26081	JALON DE CAMEROS
26	 26082	LAGUNA DE CAMEROS
26	 26083	LAGUNILLA DEL JUBERA
26	 26084	LARDERO
26	 26086	LEDESMA DE LA COGOLLA
26	 26087	LEIVA
26	 26088	LEZA DE RIO LEZA
26	 26900	LOGROÑO
26	 26091	LUMBRERAS DE CAMEROS
26	 26092	MANJARRES
26	 26093	MANSILLA DE LA SIERRA
26	 26094	MANZANARES DE RIOJA
26	 26095	MATUTE
26	 26096	MEDRANO
26	 26099	MUNILLA
26	 26100	MURILLO DE RIO LEZA
26	 26101	MURO DE AGUAS
26	 26102	MURO EN CAMEROS
26	 26103	NAJERA
26	 26104	NALDA
26	 26105	NAVAJUN
26	 26106	NAVARRETE
26	 26107	NESTARES
26	 26108	NIEVA DE CAMEROS
26	 26109	OCHANDURI
26	 26097	OCON
26	 26110	OJACASTRO
26	 26111	OLLAURI
26	 26112	ORTIGOSA DE CAMEROS
26	 26113	PAZUENGOS
26	 26114	PEDROSO
26	 26115	PINILLOS
26	 26117	PRADEJON
26	 26118	PRADILLO
26	 26119	PREJANO
26	 26120	QUEL
26	 26121	RABANERA
26	 26124	RIBAFRECHA
26	 26125	RINCON DE SOTO
26	 26126	ROBRES DEL CASTILLO
26	 26127	RODEZNO
26	 26128	SAJAZARRA
26	 26129	SAN ASENSIO
26	 26130	SAN MILLAN DE LA COGOLLA
26	 26131	SAN MILLAN DE YECORA
26	 26132	SAN ROMAN DE CAMEROS
26	 26139	SAN TORCUATO
26	 26142	SAN VICENTE DE LA SONSIERRA
26	 26134	SANTA COLOMA
26	 26135	SANTA ENGRACIA DEL JUBERA
26	 26136	SANTA EULALIA BAJERA
26	 26138	SANTO DOMINGO DE LA CALZADA
26	 26140	SANTURDE DE RIOJA
26	 26141	SANTURDEJO
26	 26143	SOJUELA
26	 26144	SORZANO
26	 26145	SOTES
26	 26146	SOTO EN CAMEROS
26	 26147	TERROBA
26	 26148	TIRGO
26	 26149	TOBIA
26	 26150	TORMANTOS
26	 26153	TORRE EN CAMEROS
26	 26151	TORRECILLA EN CAMEROS
26	 26152	TORRECILLA SOBRE ALESANCO
26	 26154	TORREMONTALBO
26	 26155	TREVIANA
26	 26157	TRICIO
26	 26158	TUDELILLA
26	 26160	URUÑUELA
26	 26161	VALDEMADERA
26	 26162	VALGAÑON
26	 26163	VENTOSA
26	 26164	VENTROSA
26	 26165	VIGUERA
26	 26167	VILLALBA DE RIOJA
26	 26168	VILLALOBAR DE RIOJA
26	 26169	VILLAMEDIANA DE IREGUA
26	 26170	VILLANUEVA DE CAMEROS
26	 26172	VILLAR DE TORRE
26	 26173	VILLAREJO
26	 26174	VILLARROYA
26	 26175	VILLARTA QUINTANA
26	 26176	VILLAVELAYO
26	 26177	VILLAVERDE DE RIOJA
26	 26178	VILLOSLADA DE CAMEROS
26	 26179	VINIEGRA DE ABAJO
26	 26180	VINIEGRA DE ARRIBA
26	 26181	ZARRATON
26	 26182	ZARZOSA
26	 26184	ZORRAQUIN
27	 27018	A FONSAGRADA
27	 27044	A PASTORIZA
27	 27047	A POBRA DO BROLLON
27	 27048	A PONTENOVA
27	 27001	ABADIN
27	 27002	ALFOZ
27	 27003	ANTAS DE ULLA
27	 27037	AS NOGAIS
27	 27004	BALEIRA
27	 27036	BARALLA
27	 27005	BARREIROS
27	 27006	BECERREA
27	 27007	BEGONTE
27	 27008	BOVEDA
27	 27068	BURELA
27	 27009	CARBALLEDO
27	 27010	CASTRO DE REI
27	 27011	CASTROVERDE
27	 27012	CERVANTES
27	 27013	CERVO
27	 27016	CHANTADA
27	 27015	COSPEITO
27	 27017	FOLGOSO DO COUREL
27	 27019	FOZ
27	 27020	FRIOL
27	 27022	GUITIRIZ
27	 27023	GUNTIN
27	 27026	LANCARA
27	 27027	LOURENZA
27	 27900	LUGO
27	 27029	MEIRA
27	 27030	MONDOÑEDO
27	 27031	MONFORTE DE LEMOS
27	 27032	MONTERROSO
27	 27033	MURAS
27	 27034	NAVIA DE SUARNA
27	 27035	NEGUEIRA DE MUÑIZ
27	 27014	O CORGO
27	 27024	O INCIO
27	 27043	O PARAMO
27	 27058	O SAVIÑAO
27	 27063	O VALADOURO
27	 27064	O VICEDO
27	 27038	OUROL
27	 27039	OUTEIRO DE REI
27	 27040	PALAS DE REI
27	 27041	PANTON
27	 27042	PARADELA
27	 27045	PEDRAFITA DO CEBREIRO
27	 27046	POL
27	 27049	PORTOMARIN
27	 27050	QUIROGA
27	 27056	RABADE
27	 27051	RIBADEO
27	 27052	RIBAS DE SIL
27	 27053	RIBEIRA DE PIQUIN
27	 27054	RIOTORTO
27	 27055	SAMOS
27	 27057	SARRIA
27	 27059	SOBER
27	 27060	TABOADA
27	 27061	TRABADA
27	 27062	TRIACASTELA
27	 27065	VILALBA
27	 27067	VIVEIRO
27	 27021	XERMADE
27	 27025	XOVE
28	 28002	AJALVIR
28	 28003	ALAMEDA DEL VALLE
28	 28005	ALCALA DE HENARES
28	 28006	ALCOBENDAS
28	 28007	ALCORCON
28	 28008	ALDEA DEL FRESNO
28	 28009	ALGETE
28	 28010	ALPEDRETE
28	 28011	AMBITE
28	 28012	ANCHUELO
28	 28013	ARANJUEZ
28	 28014	ARGANDA DEL REY
28	 28015	ARROYOMOLINOS
28	 28017	BATRES
28	 28018	BECERRIL DE LA SIERRA
28	 28019	BELMONTE DE TAJO
28	 28021	BERZOSA DEL LOZOYA
28	 28022	BOADILLA DEL MONTE
28	 28024	BRAOJOS
28	 28025	BREA DE TAJO
28	 28026	BRUNETE
28	 28027	BUITRAGO DEL LOZOYA
28	 28028	BUSTARVIEJO
28	 28029	CABANILLAS DE LA SIERRA
28	 28031	CADALSO DE LOS VIDRIOS
28	 28032	CAMARMA DE ESTERUELAS
28	 28033	CAMPO REAL
28	 28034	CANENCIA
28	 28035	CARABAÑA
28	 28036	CASARRUBUELOS
28	 28037	CENICIENTOS
28	 28038	CERCEDILLA
28	 28039	CERVERA DE BUITRAGO
28	 28051	CHAPINERIA
28	 28052	CHINCHON
28	 28040	CIEMPOZUELOS
28	 28041	COBEÑA
28	 28046	COLLADO MEDIANO
28	 28047	COLLADO VILLALBA
28	 28043	COLMENAR DE OREJA
28	 28042	COLMENAR DEL ARROYO
28	 28045	COLMENAR VIEJO
28	 28044	COLMENAREJO
28	 28048	CORPA
28	 28049	COSLADA
28	 28050	CUBAS DE LA SAGRA
28	 28053	DAGANZO DE ARRIBA
28	 28004	EL ALAMO
28	 28016	EL ATAZAR
28	 28020	EL BERRUECO
28	 28023	EL BOALO
28	 28054	EL ESCORIAL
28	 28086	EL MOLAR
28	 28168	EL VELLON
28	 28055	ESTREMERA
28	 28056	FRESNEDILLAS DE LA OLIVA
28	 28057	FRESNO DE TOROTE
28	 28058	FUENLABRADA
28	 28059	FUENTE EL SAZ DE JARAMA
28	 28060	FUENTIDUEÑA DE TAJO
28	 28061	GALAPAGAR
28	 28062	GARGANTA DE LOS MONTES
28	 28063	GARGANTILLA DEL LOZOYA Y PINIL
28	 28064	GASCONES
28	 28065	GETAFE
28	 28066	GRIÑON
28	 28067	GUADALIX DE LA SIERRA
28	 28068	GUADARRAMA
28	 28070	HORCAJO DE LA SIERRA AOSLOS
28	 28071	HORCAJUELO DE LA SIERRA
28	 28072	HOYO DE MANZANARES
28	 28073	HUMANES DE MADRID
28	 28001	LA ACEBEDA
28	 28030	LA CABRERA
28	 28069	LA HIRUELA
28	 28138	LA SERNA DEL MONTE
28	 28127	LAS ROZAS DE MADRID
28	 28074	LEGANES
28	 28075	LOECHES
28	 28087	LOS MOLINOS
28	 28137	LOS SANTOS DE LA HUMOSA
28	 28076	LOZOYA
28	 28077	LOZOYUELA NAVAS SIETEIGLESIAS
28	 28078	MADARCOS
28	 28900	MADRID
28	 28080	MAJADAHONDA
28	 28082	MANZANARES EL REAL
28	 28083	MECO
28	 28084	MEJORADA DEL CAMPO
28	 28085	MIRAFLORES DE LA SIERRA
28	 28088	MONTEJO DE LA SIERRA
28	 28089	MORALEJA DE ENMEDIO
28	 28090	MORALZARZAL
28	 28091	MORATA DE TAJUÑA
28	 28092	MOSTOLES
28	 28093	NAVACERRADA
28	 28094	NAVALAFUENTE
28	 28095	NAVALAGAMELLA
28	 28096	NAVALCARNERO
28	 28097	NAVARREDONDA Y SAN MAMES
28	 28099	NAVAS DEL REY
28	 28100	NUEVO BAZTAN
28	 28101	OLMEDA DE LAS FUENTES
28	 28102	ORUSCO DE TAJUÑA
28	 28104	PARACUELLOS DE JARAMA
28	 28106	PARLA
28	 28107	PATONES
28	 28108	PEDREZUELA
28	 28109	PELAYOS DE LA PRESA
28	 28110	PERALES DE TAJUÑA
28	 28111	PEZUELA DE LAS TORRES
28	 28112	PINILLA DEL VALLE
28	 28113	PINTO
28	 28114	PIÑUECAR GANDULLAS
28	 28115	POZUELO DE ALARCON
28	 28116	POZUELO DEL REY
28	 28117	PRADENA DEL RINCON
28	 28118	PUEBLA DE LA SIERRA
28	 28185	PUENTES VIEJAS
28	 28119	QUIJORNA
28	 28120	RASCAFRIA
28	 28121	REDUEÑA
28	 28122	RIBATEJADA
28	 28123	RIVAS VACIAMADRID
28	 28124	ROBLEDILLO DE LA JARA
28	 28125	ROBLEDO DE CHAVELA
28	 28126	ROBREGORDO
28	 28128	ROZAS DE PUERTO REAL
28	 28129	SAN AGUSTIN DEL GUADALIX
28	 28130	SAN FERNANDO DE HENARES
28	 28131	SAN LORENZO DE EL ESCORIAL
28	 28132	SAN MARTIN DE LA VEGA
28	 28133	SAN MARTIN DE VALDEIGLESIAS
28	 28134	SAN SEBASTIAN DE LOS REYES
28	 28135	SANTA MARIA DE LA ALAMEDA
28	 28136	SANTORCAZ
28	 28140	SERRANILLOS DEL VALLE
28	 28141	SEVILLA LA NUEVA
28	 28143	SOMOSIERRA
28	 28144	SOTO DEL REAL
28	 28145	TALAMANCA DE JARAMA
28	 28146	TIELMES
28	 28147	TITULCIA
28	 28148	TORREJON DE ARDOZ
28	 28149	TORREJON DE LA CALZADA
28	 28150	TORREJON DE VELASCO
28	 28151	TORRELAGUNA
28	 28152	TORRELODONES
28	 28153	TORREMOCHA DE JARAMA
28	 28154	TORRES DE LA ALAMEDA
28	 28184	TRES CANTOS
28	 28155	VALDARACETE
28	 28156	VALDEAVERO
28	 28157	VALDELAGUNA
28	 28158	VALDEMANCO
28	 28159	VALDEMAQUEDA
28	 28160	VALDEMORILLO
28	 28161	VALDEMORO
28	 28162	VALDEOLMOS ALALPARDO
28	 28163	VALDEPIELAGOS
28	 28164	VALDETORRES DE JARAMA
28	 28165	VALDILECHA
28	 28166	VALVERDE DE ALCALA
28	 28167	VELILLA DE SAN ANTONIO
28	 28169	VENTURADA
28	 28171	VILLA DEL PRADO
28	 28170	VILLACONEJOS
28	 28172	VILLALBILLA
28	 28173	VILLAMANRIQUE DE TAJO
28	 28174	VILLAMANTA
28	 28175	VILLAMANTILLA
28	 28176	VILLANUEVA DE LA CAÑADA
28	 28178	VILLANUEVA DE PERALES
28	 28177	VILLANUEVA DEL PARDILLO
28	 28179	VILLAR DEL OLMO
28	 28180	VILLAREJO DE SALVANES
28	 28181	VILLAVICIOSA DE ODON
28	 28182	VILLAVIEJA DEL LOZOYA
28	 28183	ZARZALEJO
29	 29001	ALAMEDA
29	 29002	ALCAUCIN
29	 29003	ALFARNATE
29	 29004	ALFARNATEJO
29	 29005	ALGARROBO
29	 29006	ALGATOCIN
29	 29007	ALHAURIN DE LA TORRE
29	 29008	ALHAURIN EL GRANDE
29	 29009	ALMACHAR
29	 29010	ALMARGEN
29	 29011	ALMOGIA
29	 29012	ALORA
29	 29013	ALOZAINA
29	 29014	ALPANDEIRE
29	 29015	ANTEQUERA
29	 29016	ARCHEZ
29	 29017	ARCHIDONA
29	 29018	ARDALES
29	 29019	ARENAS
29	 29020	ARRIATE
29	 29021	ATAJATE
29	 29022	BENADALID
29	 29023	BENAHAVIS
29	 29024	BENALAURIA
29	 29025	BENALMADENA
29	 29026	BENAMARGOSA
29	 29027	BENAMOCARRA
29	 29028	BENAOJAN
29	 29029	BENARRABA
29	 29032	CAMPILLOS
29	 29033	CANILLAS DE ACEITUNO
29	 29034	CANILLAS DE ALBAIDA
29	 29035	CAÑETE LA REAL
29	 29036	CARRATRACA
29	 29037	CARTAJIMA
29	 29038	CARTAMA
29	 29039	CASABERMEJA
29	 29040	CASARABONELA
29	 29041	CASARES
29	 29042	COIN
29	 29043	COLMENAR
29	 29044	COMARES
29	 29045	COMPETA
29	 29046	CORTES DE LA FRONTERA
29	 29047	CUEVAS BAJAS
29	 29049	CUEVAS DE SAN MARCOS
29	 29048	CUEVAS DEL BECERRO
29	 29050	CUTAR
29	 29030	EL BORGE
29	 29031	EL BURGO
29	 29051	ESTEPONA
29	 29052	FARAJAN
29	 29053	FRIGILIANA
29	 29054	FUENGIROLA
29	 29055	FUENTE DE PIEDRA
29	 29056	GAUCIN
29	 29057	GENALGUACIL
29	 29058	GUARO
29	 29059	HUMILLADERO
29	 29060	IGUALEJA
29	 29061	ISTAN
29	 29062	IZNATE
29	 29063	JIMERA DE LIBAR
29	 29064	JUBRIQUE
29	 29065	JUZCAR
29	 29066	MACHARAVIAYA
29	 29900	MALAGA
29	 29068	MANILVA
29	 29069	MARBELLA
29	 29070	MIJAS
29	 29071	MOCLINEJO
29	 29072	MOLLINA
29	 29073	MONDA
29	 29101	MONTECORTO
29	 29074	MONTEJAQUE
29	 29075	NERJA
29	 29076	OJEN
29	 29077	PARAUTA
29	 29079	PERIANA
29	 29080	PIZARRA
29	 29081	PUJERRA
29	 29082	RINCON DE LA VICTORIA
29	 29083	RIOGORDO
29	 29084	RONDA
29	 29085	SALARES
29	 29086	SAYALONGA
29	 29087	SEDELLA
29	 29104	SERRATO
29	 29088	SIERRA DE YEGUAS
29	 29089	TEBA
29	 29090	TOLOX
29	 29103	TORREMOLINOS
29	 29091	TORROX
29	 29092	TOTALAN
29	 29093	VALLE DE ABDALAJIS
29	 29094	VELEZ MALAGA
29	 29095	VILLANUEVA DE ALGAIDAS
29	 29102	VILLANUEVA DE LA CONCEPCION
29	 29098	VILLANUEVA DE TAPIA
29	 29096	VILLANUEVA DEL ROSARIO
29	 29097	VILLANUEVA DEL TRABUCO
29	 29099	VIÑUELA
29	 29100	YUNQUERA
30	 30001	ABANILLA
30	 30002	ABARAN
30	 30003	AGUILAS
30	 30004	ALBUDEITE
30	 30005	ALCANTARILLA
30	 30006	ALEDO
30	 30007	ALGUAZAS
30	 30008	ALHAMA DE MURCIA
30	 30009	ARCHENA
30	 30010	BENIEL
30	 30011	BLANCA
30	 30012	BULLAS
30	 30013	CALASPARRA
30	 30014	CAMPOS DEL RIO
30	 30015	CARAVACA DE LA CRUZ
30	 30017	CEHEGIN
30	 30018	CEUTI
30	 30019	CIEZA
30	 30020	FORTUNA
30	 30022	JUMILLA
30	 30038	LAS TORRES DE COTILLAS
30	 30023	LIBRILLA
30	 30024	LORCA
30	 30025	LORQUI
30	 30045	LOS ALCAZARES
30	 30026	MAZARRON
30	 30027	MOLINA DE SEGURA
30	 30028	MORATALLA
30	 30029	MULA
30	 30030	MURCIA
30	 30031	OJOS
30	 30032	PLIEGO
30	 30033	PUERTO LUMBRERAS
30	 30034	RICOTE
30	 30035	SAN JAVIER
30	 30036	SAN PEDRO DEL PINATAR
30	 30044	SANTOMERA
30	 30037	TORRE PACHECO
30	 30039	TOTANA
30	 30040	ULEA
30	 30042	VILLANUEVA DEL RIO SEGURA
30	 30043	YECLA
32	 32004	A ARNOIA
32	 32015	A BOLA
32	 32035	A GUDIÑA
32	 32048	A MERCA
32	 32049	A MEZQUITA
32	 32060	A PEROXA
32	 32064	A POBRA DE TRIVES
32	 32073	A RUA
32	 32081	A TEIXEIRA
32	 32084	A VEIGA
32	 32002	ALLARIZ
32	 32003	AMOEIRO
32	 32005	AVION
32	 32006	BALTAR
32	 32007	BANDE
32	 32008	BAÑOS DE MOLGAS
32	 32009	BARBADAS
32	 32011	BEADE
32	 32012	BEARIZ
32	 32014	BOBORAS
32	 32017	CALVOS DE RANDIN
32	 32018	CARBALLEDA
32	 32019	CARBALLEDA DE AVIA
32	 32021	CARTELLE
32	 32023	CASTRELO DE MIÑO
32	 32022	CASTRELO DO VAL
32	 32024	CASTRO CALDELAS
32	 32025	CELANOVA
32	 32026	CENLLE
32	 32030	CHANDREXA DE QUEIXA
32	 32027	COLES
32	 32028	CORTEGADA
32	 32029	CUALEDRO
32	 32031	ENTRIMO
32	 32032	ESGOS
32	 32034	GOMESENDE
32	 32039	LAROUCO
32	 32040	LAZA
32	 32041	LEIRO
32	 32042	LOBEIRA
32	 32043	LOBIOS
32	 32044	MACEDA
32	 32045	MANZANEDA
32	 32046	MASIDE
32	 32047	MELON
32	 32050	MONTEDERRAMO
32	 32051	MONTERREI
32	 32052	MUIÑOS
32	 32053	NOGUEIRA DE RAMUIN
32	 32010	O BARCO DE VALDEORRAS
32	 32016	O BOLO
32	 32020	O CARBALLIÑO
32	 32036	O IRIXO
32	 32059	O PEREIRO DE AGUIAR
32	 32054	OIMBRA
32	 32013	OS BLANCOS
32	 32900	OURENSE
32	 32056	PADERNE DE ALLARIZ
32	 32057	PADRENDA
32	 32058	PARADA DE SIL
32	 32061	PETIN
32	 32062	PIÑOR
32	 32065	PONTEDEVA
32	 32063	PORQUEIRA
32	 32066	PUNXIN
32	 32067	QUINTELA DE LEIRADO
32	 32068	RAIRIZ DE VEIGA
32	 32069	RAMIRAS
32	 32070	RIBADAVIA
32	 32072	RIOS
32	 32074	RUBIA
32	 32075	SAN AMARO
32	 32076	SAN CIBRAO DAS VIÑAS
32	 32077	SAN CRISTOVO DE CEA
32	 32071	SAN XOAN DE RIO
32	 32078	SANDIAS
32	 32079	SARREAUS
32	 32080	TABOADELA
32	 32082	TOEN
32	 32083	TRASMIRAS
32	 32085	VEREA
32	 32086	VERIN
32	 32087	VIANA DO BOLO
32	 32088	VILAMARIN
32	 32089	VILAMARTIN DE VALDEORRAS
32	 32090	VILAR DE BARRIO
32	 32091	VILAR DE SANTOS
32	 32092	VILARDEVOS
32	 32093	VILARIÑO DE CONSO
32	 32033	XINZO DE LIMIA
32	 32037	XUNQUEIRA DE AMBIA
32	 32038	XUNQUEIRA DE ESPADANEDO
33	 33001	ALLANDE
33	 33002	ALLER
33	 33003	AMIEVA
33	 33004	AVILES
33	 33005	BELMONTE DE MIRANDA
33	 33006	BIMENES
33	 33007	BOAL
33	 33008	CABRALES
33	 33009	CABRANES
33	 33010	CANDAMO
33	 33012	CANGAS DE ONIS
33	 33011	CANGAS DEL NARCEA
33	 33013	CARAVIA
33	 33015	CASO
33	 33016	CASTRILLON
33	 33017	CASTROPOL
33	 33018	COAÑA
33	 33020	CORVERA DE ASTURIAS
33	 33021	CUDILLERO
33	 33022	DEGAÑA
33	 33023	EL FRANCO
33	 33026	GRADO
33	 33027	GRANDAS DE SALIME
33	 33028	IBIAS
33	 33029	ILLANO
33	 33030	ILLAS
33	 33031	LANGREO
33	 33054	LAS REGUERAS
33	 33032	LAVIANA
33	 33033	LENA
33	 33035	LLANERA
33	 33036	LLANES
33	 33037	MIERES
33	 33038	MORCIN
33	 33039	MUROS DE NALON
33	 33040	NAVA
33	 33041	NAVIA
33	 33042	NOREÑA
33	 33043	ONIS
33	 33900	OVIEDO
33	 33045	PARRES
33	 33046	PEÑAMELLERA ALTA
33	 33047	PEÑAMELLERA BAJA
33	 33048	PESOZ
33	 33049	PILOÑA
33	 33050	PONGA
33	 33051	PRAVIA
33	 33052	PROAZA
33	 33053	QUIROS
33	 33055	RIBADEDEVA
33	 33056	RIBADESELLA
33	 33057	RIBERA DE ARRIBA
33	 33058	RIOSA
33	 33059	SALAS
33	 33061	SAN MARTIN DE OSCOS
33	 33060	SAN MARTIN DEL REY AURELIO
33	 33063	SAN TIRSO DE ABRES
33	 33062	SANTA EULALIA DE OSCOS
33	 33064	SANTO ADRIANO
33	 33065	SARIEGO
33	 33066	SIERO
33	 33067	SOBRESCOBIO
33	 33068	SOMIEDO
33	 33069	SOTO DEL BARCO
33	 33070	TAPIA DE CASARIEGO
33	 33071	TARAMUNDI
33	 33072	TEVERGA
33	 33073	TINEO
33	 33034	VALDES
33	 33074	VEGADEO
33	 33075	VILLANUEVA DE OSCOS
33	 33077	VILLAYON
33	 33078	YERNES Y TAMEZA
34	 34001	ABARCA DE CAMPOS
34	 34003	ABIA DE LAS TORRES
34	 34004	AGUILAR DE CAMPOO
34	 34005	ALAR DEL REY
34	 34006	ALBA DE CERRATO
34	 34009	AMAYUELAS DE ARRIBA
34	 34010	AMPUDIA
34	 34011	AMUSCO
34	 34012	ANTIGUEDAD
34	 34015	ARCONADA
34	 34017	ASTUDILLO
34	 34018	AUTILLA DEL PINO
34	 34019	AUTILLO DE CAMPOS
34	 34020	AYUELA
34	 34022	BALTANAS
34	 34024	BAQUERIN DE CAMPOS
34	 34025	BARCENA DE CAMPOS
34	 34027	BARRUELO DE SANTULLAN
34	 34028	BASCONES DE OJEDA
34	 34029	BECERRIL DE CAMPOS
34	 34031	BELMONTE DE CAMPOS
34	 34032	BERZOSILLA
34	 34033	BOADA DE CAMPOS
34	 34035	BOADILLA DE RIOSECO
34	 34034	BOADILLA DEL CAMINO
34	 34036	BRAÑOSERA
34	 34037	BUENAVISTA DE VALDAVIA
34	 34038	BUSTILLO DE LA VEGA
34	 34039	BUSTILLO DEL PARAMO DE CARRION
34	 34041	CALAHORRA DE BOEDO
34	 34042	CALZADA DE LOS MOLINOS
34	 34045	CAPILLAS
34	 34046	CARDEÑOSA DE VOLPEJERA
34	 34047	CARRION DE LOS CONDES
34	 34048	CASTIL DE VELA
34	 34049	CASTREJON DE LA PEÑA
34	 34050	CASTRILLO DE DON JUAN
34	 34051	CASTRILLO DE ONIELO
34	 34052	CASTRILLO DE VILLAVEGA
34	 34053	CASTROMOCHO
34	 34056	CERVATOS DE LA CUEZA
34	 34057	CERVERA DE PISUERGA
34	 34058	CEVICO DE LA TORRE
34	 34059	CEVICO NAVERO
34	 34060	CISNEROS
34	 34061	COBOS DE CERRATO
34	 34062	COLLAZOS DE BOEDO
34	 34063	CONGOSTO DE VALDAVIA
34	 34064	CORDOVILLA LA REAL
34	 34066	CUBILLAS DE CERRATO
34	 34067	DEHESA DE MONTEJO
34	 34068	DEHESA DE ROMANOS
34	 34069	DUEÑAS
34	 34070	ESPINOSA DE CERRATO
34	 34071	ESPINOSA DE VILLAGONZALO
34	 34072	FRECHILLA
34	 34073	FRESNO DEL RIO
34	 34074	FROMISTA
34	 34076	FUENTES DE NAVA
34	 34077	FUENTES DE VALDEPERO
34	 34079	GRIJOTA
34	 34080	GUARDO
34	 34081	GUAZA DE CAMPOS
34	 34082	HERMEDES DE CERRATO
34	 34083	HERRERA DE PISUERGA
34	 34084	HERRERA DE VALDECAÑAS
34	 34086	HONTORIA DE CERRATO
34	 34087	HORNILLOS DE CERRATO
34	 34088	HUSILLOS
34	 34089	ITERO DE LA VEGA
34	 34166	LA PERNIA
34	 34140	LA PUEBLA DE VALDAVIA
34	 34175	LA SERNA
34	 34093	LA VID DE OJEDA
34	 34091	LAGARTOS
34	 34092	LANTADILLA
34	 34094	LEDIGOS
34	 34090	LOMA DE UCIEZA
34	 34096	LOMAS
34	 34098	MAGAZ DE PISUERGA
34	 34099	MANQUILLOS
34	 34100	MANTINOS
34	 34101	MARCILLA DE CAMPOS
34	 34102	MAZARIEGOS
34	 34103	MAZUECOS DE VALDEGINATE
34	 34104	MELGAR DE YUSO
34	 34106	MENESES DE CAMPOS
34	 34107	MICIECES DE OJEDA
34	 34108	MONZON DE CAMPOS
34	 34109	MORATINOS
34	 34110	MUDA
34	 34112	NOGAL DE LAS HUERTAS
34	 34113	OLEA DE BOEDO
34	 34114	OLMOS DE OJEDA
34	 34116	OSORNILLO
34	 34117	OSORNO LA MAYOR
34	 34900	PALENCIA
34	 34121	PALENZUELA
34	 34122	PARAMO DE BOEDO
34	 34123	PAREDES DE NAVA
34	 34124	PAYO DE OJEDA
34	 34125	PEDRAZA DE CAMPOS
34	 34126	PEDROSA DE LA VEGA
34	 34127	PERALES
34	 34129	PINO DEL RIO
34	 34130	PIÑA DE CAMPOS
34	 34131	POBLACION DE ARROYO
34	 34132	POBLACION DE CAMPOS
34	 34133	POBLACION DE CERRATO
34	 34134	POLENTINOS
34	 34135	POMAR DE VALDIVIA
34	 34136	POZA DE LA VEGA
34	 34137	POZO DE URAMA
34	 34139	PRADANOS DE OJEDA
34	 34141	QUINTANA DEL PUENTE
34	 34143	QUINTANILLA DE ONSOÑA
34	 34146	REINOSO DE CERRATO
34	 34147	RENEDO DE LA VEGA
34	 34149	REQUENA DE CAMPOS
34	 34151	RESPENDA DE LA PEÑA
34	 34152	REVENGA DE CAMPOS
34	 34154	REVILLA DE COLLAZOS
34	 34155	RIBAS DE CAMPOS
34	 34156	RIBEROS DE LA CUEZA
34	 34157	SALDAÑA
34	 34158	SALINAS DE PISUERGA
34	 34159	SAN CEBRIAN DE CAMPOS
34	 34160	SAN CEBRIAN DE MUDA
34	 34161	SAN CRISTOBAL DE BOEDO
34	 34163	SAN MAMES DE CAMPOS
34	 34165	SAN ROMAN DE LA CUBA
34	 34167	SANTA CECILIA DEL ALCOR
34	 34168	SANTA CRUZ DE BOEDO
34	 34169	SANTERVAS DE LA VEGA
34	 34170	SANTIBAÑEZ DE ECLA
34	 34171	SANTIBAÑEZ DE LA PEÑA
34	 34174	SANTOYO
34	 34177	SOTO DE CERRATO
34	 34176	SOTOBAÑADO Y PRIORATO
34	 34178	TABANERA DE CERRATO
34	 34179	TABANERA DE VALDAVIA
34	 34180	TAMARA DE CAMPOS
34	 34181	TARIEGO DE CERRATO
34	 34182	TORQUEMADA
34	 34184	TORREMORMOJON
34	 34185	TRIOLLO
34	 34186	VALBUENA DE PISUERGA
34	 34189	VALDEOLMILLOS
34	 34190	VALDERRABANO
34	 34192	VALDE UCIEZA
34	 34196	VALLE DE CERRATO
34	 34219	VALLE DEL RETORTILLO
34	 34199	VELILLA DEL RIO CARRION
34	 34023	VENTA DE BAÑOS
34	 34201	VERTAVILLO
34	 34202	VILLABASTA DE VALDAVIA
34	 34204	VILLACIDALER
34	 34205	VILLACONANCIO
34	 34206	VILLADA
34	 34208	VILLAELES DE VALDAVIA
34	 34210	VILLAHAN
34	 34211	VILLAHERREROS
34	 34213	VILLALACO
34	 34214	VILLALBA DE GUARDO
34	 34215	VILLALCAZAR DE SIRGA
34	 34216	VILLALCON
34	 34217	VILLALOBON
34	 34218	VILLALUENGA DE LA VEGA
34	 34220	VILLAMARTIN DE CAMPOS
34	 34221	VILLAMEDIANA
34	 34222	VILLAMERIEL
34	 34223	VILLAMORONTA
34	 34224	VILLAMUERA DE LA CUEZA
34	 34225	VILLAMURIEL DE CERRATO
34	 34228	VILLANUEVA DEL REBOLLAR
34	 34229	VILLANUÑO DE VALDAVIA
34	 34230	VILLAPROVEDO
34	 34231	VILLARMENTERO DE CAMPOS
34	 34232	VILLARRABE
34	 34233	VILLARRAMIEL
34	 34234	VILLASARRACINO
34	 34235	VILLASILA DE VALDAVIA
34	 34237	VILLATURDE
34	 34238	VILLAUMBRALES
34	 34239	VILLAVIUDAS
34	 34241	VILLERIAS DE CAMPOS
34	 34242	VILLODRE
34	 34243	VILLODRIGO
34	 34244	VILLOLDO
34	 34246	VILLOTA DEL PARAMO
34	 34247	VILLOVIECO
35	 35001	AGAETE
35	 35002	AGUIMES
35	 35003	ANTIGUA
35	 35004	ARRECIFE
35	 35005	ARTENARA
35	 35006	ARUCAS
35	 35007	BETANCURIA
35	 35008	FIRGAS
35	 35009	GALDAR
35	 35011	HARIA
35	 35012	INGENIO
35	 35021	LA ALDEA DE SAN NICOLAS
35	 35015	LA OLIVA
35	 35017	LAS PALMAS DE GRAN CANARIA
35	 35013	MOGAN
35	 35014	MOYA
35	 35016	PAJARA
35	 35018	PUERTO DEL ROSARIO
35	 35019	SAN BARTOLOME
35	 35020	SAN BARTOLOME DE TIRAJANA
35	 35022	SANTA BRIGIDA
35	 35023	SANTA LUCIA DE TIRAJANA
35	 35010	SANTA MARIA DE GUIA DE GRAN CA
35	 35024	TEGUISE
35	 35025	TEJEDA
35	 35026	TELDE
35	 35027	TEROR
35	 35028	TIAS
35	 35029	TINAJO
35	 35030	TUINEJE
35	 35032	VALLESECO
35	 35031	VALSEQUILLO DE GRAN CANARIA
35	 35033	VEGA DE SAN MATEO
35	 35034	YAIZA
36	 36009	A CAÑIZA
36	 36017	A ESTRADA
36	 36023	A GUARDA
36	 36062	A ILLA DE AROUSA
36	 36025	A LAMA
36	 36020	AGOLADA
36	 36001	ARBO
36	 36034	AS NEVES
36	 36002	BARRO
36	 36004	BUEU
36	 36005	CALDAS DE REIS
36	 36006	CAMBADOS
36	 36007	CAMPO LAMEIRO
36	 36008	CANGAS
36	 36010	CATOIRA
36	 36011	CERDEDO
36	 36012	COTOBADE
36	 36013	COVELO
36	 36014	CRECENTE
36	 36015	CUNTIS
36	 36016	DOZON
36	 36018	FORCAREI
36	 36019	FORNELOS DE MONTES
36	 36024	LALIN
36	 36026	MARIN
36	 36027	MEAÑO
36	 36028	MEIS
36	 36029	MOAÑA
36	 36030	MONDARIZ
36	 36031	MONDARIZ BALNEARIO
36	 36032	MORAÑA
36	 36033	MOS
36	 36022	O GROVE
36	 36039	O PORRIÑO
36	 36048	O ROSAL
36	 36036	OIA
36	 36037	PAZOS DE BORBEN
36	 36041	POIO
36	 36043	PONTE CALDELAS
36	 36042	PONTEAREAS
36	 36044	PONTECESURES
36	 36900	PONTEVEDRA
36	 36040	PORTAS
36	 36045	REDONDELA
36	 36046	RIBADUMIA
36	 36047	RODEIRO
36	 36049	SALCEDA DE CASELAS
36	 36050	SALVATERRA DE MIÑO
36	 36051	SANXENXO
36	 36052	SILLEDA
36	 36053	SOUTOMAIOR
36	 36054	TOMIÑO
36	 36055	TUI
36	 36056	VALGA
36	 36059	VILA DE CRUCES
36	 36058	VILABOA
36	 36060	VILAGARCIA DE AROUSA
36	 36061	VILANOVA DE AROUSA
37	 37001	ABUSEJO
37	 37002	AGALLAS
37	 37003	AHIGAL DE LOS ACEITEROS
37	 37004	AHIGAL DE VILLARINO
37	 37007	ALARAZ
37	 37008	ALBA DE TORMES
37	 37009	ALBA DE YELTES
37	 37012	ALCONADA
37	 37015	ALDEA DEL OBISPO
37	 37013	ALDEACIPRESTE
37	 37014	ALDEADAVILA DE LA RIBERA
37	 37016	ALDEALENGUA
37	 37017	ALDEANUEVA DE FIGUEROA
37	 37018	ALDEANUEVA DE LA SIERRA
37	 37019	ALDEARRODRIGO
37	 37020	ALDEARRUBIA
37	 37021	ALDEASECA DE ALBA
37	 37022	ALDEASECA DE LA FRONTERA
37	 37023	ALDEATEJADA
37	 37024	ALDEAVIEJA DE TORMES
37	 37025	ALDEHUELA DE LA BOVEDA
37	 37026	ALDEHUELA DE YELTES
37	 37027	ALMENARA DE TORMES
37	 37028	ALMENDRA
37	 37029	ANAYA DE ALBA
37	 37030	AÑOVER DE TORMES
37	 37031	ARABAYONA DE MOGICA
37	 37032	ARAPILES
37	 37033	ARCEDIANO
37	 37035	ARMENTEROS
37	 37038	BABILAFUENTE
37	 37039	BAÑOBAREZ
37	 37040	BARBADILLO
37	 37041	BARBALOS
37	 37042	BARCEO
37	 37044	BARRUECOPARDO
37	 37046	BEJAR
37	 37047	BELEÑA
37	 37049	BERMELLAR
37	 37050	BERROCAL DE HUEBRA
37	 37051	BERROCAL DE SALVATIERRA
37	 37052	BOADA
37	 37055	BOGAJO
37	 37057	BOVEDA DEL RIO ALMAR
37	 37058	BRINCONES
37	 37059	BUENAMADRE
37	 37060	BUENAVISTA
37	 37065	CABEZA DEL CABALLO
37	 37062	CABEZABELLOSA DE LA CALZADA
37	 37067	CABRERIZOS
37	 37068	CABRILLAS
37	 37069	CALVARRASA DE ABAJO
37	 37070	CALVARRASA DE ARRIBA
37	 37072	CALZADA DE DON DIEGO
37	 37073	CALZADA DE VALDUNCIEL
37	 37074	CAMPILLO DE AZABA
37	 37078	CANDELARIO
37	 37079	CANILLAS DE ABAJO
37	 37080	CANTAGALLO
37	 37081	CANTALAPIEDRA
37	 37082	CANTALPINO
37	 37083	CANTARACILLO
37	 37085	CARBAJOSA DE LA SAGRADA
37	 37086	CARPIO DE AZABA
37	 37087	CARRASCAL DE BARREGAS
37	 37088	CARRASCAL DEL OBISPO
37	 37089	CASAFRANCA
37	 37091	CASILLAS DE FLORES
37	 37092	CASTELLANOS DE MORISCOS
37	 37186	CASTELLANOS DE VILLIQUERA
37	 37096	CASTILLEJO DE MARTIN VIEJO
37	 37097	CASTRAZ
37	 37098	CEPEDA
37	 37099	CERECEDA DE LA SIERRA
37	 37100	CEREZAL DE PEÑAHORCADA
37	 37101	CERRALBO
37	 37103	CESPEDOSA DE TORMES
37	 37114	CHAGARCIA MEDIANERO
37	 37104	CILLEROS DE LA BASTIDA
37	 37106	CIPEREZ
37	 37107	CIUDAD RODRIGO
37	 37108	COCA DE ALBA
37	 37109	COLMENAR DE MONTEMAYOR
37	 37110	CORDOVILLA
37	 37112	CRISTOBAL
37	 37115	DIOS LE GUARDE
37	 37116	DOÑINOS DE LEDESMA
37	 37117	DOÑINOS DE SALAMANCA
37	 37118	EJEME
37	 37034	EL ARCO
37	 37054	EL BODON
37	 37061	EL CABACO
37	 37077	EL CAMPO DE PEÑARANDA
37	 37102	EL CERRO
37	 37113	EL CUBO DE DON SANCHO
37	 37178	EL MAILLO
37	 37181	EL MANZANO
37	 37236	EL PAYO
37	 37241	EL PEDROSO DE LA ARMUÑA
37	 37255	EL PINO DE TORMES
37	 37305	EL SAHUGO
37	 37321	EL TEJADO
37	 37328	EL TORNADIZO
37	 37120	ENCINA DE SAN SILVESTRE
37	 37121	ENCINAS DE ABAJO
37	 37122	ENCINAS DE ARRIBA
37	 37123	ENCINASOLA DE LOS COMENDADORES
37	 37124	ENDRINAL
37	 37125	ESCURIAL DE LA SIERRA
37	 37126	ESPADAÑA
37	 37127	ESPEJA
37	 37128	ESPINO DE LA ORBADA
37	 37129	FLORIDA DE LIEBANA
37	 37130	FORFOLEDA
37	 37131	FRADES DE LA SIERRA
37	 37133	FRESNEDOSO
37	 37134	FRESNO ALHANDIGA
37	 37136	FUENTEGUINALDO
37	 37137	FUENTELIANTE
37	 37138	FUENTERROBLE DE SALVATIERRA
37	 37139	FUENTES DE BEJAR
37	 37140	FUENTES DE OÑORO
37	 37141	GAJATES
37	 37142	GALINDO Y PERAHUY
37	 37143	GALINDUSTE
37	 37144	GALISANCHO
37	 37145	GALLEGOS DE ARGAÑAN
37	 37146	GALLEGOS DE SOLMIRON
37	 37147	GARCIBUEY
37	 37148	GARCIHERNANDEZ
37	 37149	GARCIRREY
37	 37151	GEJUELO DEL BARRO
37	 37152	GOLPEJAS
37	 37153	GOMECELLO
37	 37155	GUADRAMIRO
37	 37156	GUIJO DE AVILA
37	 37157	GUIJUELO
37	 37158	HERGUIJUELA DE CIUDAD RODRIGO
37	 37159	HERGUIJUELA DE LA SIERRA
37	 37160	HERGUIJUELA DEL CAMPO
37	 37161	HINOJOSA DE DUERO
37	 37162	HORCAJO DE MONTEMAYOR
37	 37163	HORCAJO MEDIANERO
37	 37165	HUERTA
37	 37166	IRUELOS
37	 37167	ITUERO DE AZABA
37	 37168	JUZBADO
37	 37005	LA ALAMEDA DE GARDON
37	 37006	LA ALAMEDILLA
37	 37010	LA ALBERCA
37	 37011	LA ALBERGUERIA DE ARGAÑAN
37	 37037	LA ATALAYA
37	 37045	LA BASTIDA
37	 37056	LA BOUZA
37	 37063	LA CABEZA DE BEJAR
37	 37071	LA CALZADA DE BEJAR
37	 37119	LA ENCINA
37	 37132	LA FREGENEDA
37	 37135	LA FUENTE DE SAN ESTEBAN
37	 37164	LA HOYA
37	 37187	LA MATA DE LEDESMA
37	 37189	LA MAYA
37	 37225	LA ORBADA
37	 37245	LA PEÑA
37	 37268	LA REDONDA
37	 37270	LA RINCONADA DE LA SIERRA
37	 37275	LA SAGRADA
37	 37311	LA SIERPE
37	 37317	LA TALA
37	 37350	LA VELLES
37	 37352	LA VIDOLA
37	 37384	LA ZARZA DE PUMAREDA
37	 37169	LAGUNILLA
37	 37170	LARRODRIGO
37	 37090	LAS CASAS DEL CONDE
37	 37349	LAS VEGUILLAS
37	 37171	LEDESMA
37	 37172	LEDRADA
37	 37173	LINARES DE RIOFRIO
37	 37302	LOS SANTOS
37	 37174	LUMBRALES
37	 37176	MACHACON
37	 37175	MACOTERA
37	 37177	MADROÑAL
37	 37179	MALPARTIDA
37	 37180	MANCERA DE ABAJO
37	 37182	MARTIAGO
37	 37184	MARTIN DE YELTES
37	 37183	MARTINAMOR
37	 37185	MASUECO
37	 37188	MATILLA DE LOS CAÑOS DEL RIO
37	 37190	MEMBRIBE DE LA SIERRA
37	 37191	MIEZA
37	 37192	MILANO
37	 37193	MIRANDA DE AZAN
37	 37194	MIRANDA DEL CASTAÑAR
37	 37195	MOGARRAZ
37	 37196	MOLINILLO
37	 37197	MONFORTE DE LA SIERRA
37	 37198	MONLEON
37	 37199	MONLERAS
37	 37200	MONSAGRO
37	 37201	MONTEJO
37	 37202	MONTEMAYOR DEL RIO
37	 37203	MONTERRUBIO DE ARMUÑA
37	 37204	MONTERRUBIO DE LA SIERRA
37	 37205	MORASVERDES
37	 37206	MORILLE
37	 37207	MORIÑIGO
37	 37208	MORISCOS
37	 37209	MORONTA
37	 37210	MOZARBEZ
37	 37212	NARROS DE MATALAYEGUA
37	 37214	NAVA DE BEJAR
37	 37215	NAVA DE FRANCIA
37	 37216	NAVA DE SOTROBAL
37	 37213	NAVACARROS
37	 37217	NAVALES
37	 37218	NAVALMORAL DE BEJAR
37	 37219	NAVAMORALES
37	 37220	NAVARREDONDA DE LA RINCONADA
37	 37222	NAVASFRIAS
37	 37223	NEGRILLA DE PALENCIA
37	 37224	OLMEDO DE CAMACES
37	 37226	PAJARES DE LA LAGUNA
37	 37227	PALACIOS DEL ARZOBISPO
37	 37229	PALACIOSRUBIOS
37	 37230	PALENCIA DE NEGRILLA
37	 37232	PARADA DE ARRIBA
37	 37233	PARADA DE RUBIALES
37	 37234	PARADINAS DE SAN JUAN
37	 37235	PASTORES
37	 37237	PEDRAZA DE ALBA
37	 37238	PEDROSILLO DE ALBA
37	 37239	PEDROSILLO DE LOS AIRES
37	 37240	PEDROSILLO EL RALO
37	 37242	PELABRAVO
37	 37243	PELARRODRIGUEZ
37	 37244	PELAYOS
37	 37246	PEÑACABALLERA
37	 37247	PEÑAPARDA
37	 37248	PEÑARANDA DE BRACAMONTE
37	 37249	PEÑARANDILLA
37	 37250	PERALEJOS DE ABAJO
37	 37251	PERALEJOS DE ARRIBA
37	 37252	PEREÑA DE LA RIBERA
37	 37253	PEROMINGO
37	 37254	PINEDAS
37	 37256	PITIEGUA
37	 37257	PIZARRAL
37	 37258	POVEDA DE LAS CINTAS
37	 37259	POZOS DE HINOJO
37	 37260	PUEBLA DE AZABA
37	 37261	PUEBLA DE SAN MEDEL
37	 37262	PUEBLA DE YELTES
37	 37263	PUENTE DEL CONGOSTO
37	 37264	PUERTAS
37	 37265	PUERTO DE BEJAR
37	 37266	PUERTO SEGURO
37	 37267	RAGAMA
37	 37269	RETORTILLO
37	 37271	ROBLEDA
37	 37272	ROBLIZA DE COJOS
37	 37273	ROLLAN
37	 37274	SAELICES EL CHICO
37	 37900	SALAMANCA
37	 37277	SALDEANA
37	 37278	SALMORAL
37	 37279	SALVATIERRA DE TORMES
37	 37280	SAN CRISTOBAL DE LA CUESTA
37	 37286	SAN ESTEBAN DE LA SIERRA
37	 37287	SAN FELICES DE LOS GALLEGOS
37	 37288	SAN MARTIN DEL CASTAÑAR
37	 37289	SAN MIGUEL DE VALERO
37	 37036	SAN MIGUEL DEL ROBLEDO
37	 37290	SAN MORALES
37	 37291	SAN MUÑOZ
37	 37293	SAN PEDRO DE ROZADOS
37	 37292	SAN PEDRO DEL VALLE
37	 37294	SAN PELAYO DE GUAREÑA
37	 37282	SANCHON DE LA RIBERA
37	 37283	SANCHON DE LA SAGRADA
37	 37284	SANCHOTELLO
37	 37281	SANCTI SPIRITUS
37	 37285	SANDO
37	 37295	SANTA MARIA DE SANDO
37	 37296	SANTA MARTA DE TORMES
37	 37298	SANTIAGO DE LA PUEBLA
37	 37299	SANTIBAÑEZ DE BEJAR
37	 37300	SANTIBAÑEZ DE LA SIERRA
37	 37301	SANTIZ
37	 37303	SARDON DE LOS FRAILES
37	 37304	SAUCELLE
37	 37306	SEPULCRO HILARIO
37	 37307	SEQUEROS
37	 37308	SERRADILLA DEL ARROYO
37	 37309	SERRADILLA DEL LLANO
37	 37312	SIETEIGLESIAS DE TORMES
37	 37313	SOBRADILLO
37	 37314	SORIHUELA
37	 37315	SOTOSERRANO
37	 37316	TABERA DE ABAJO
37	 37318	TAMAMES
37	 37319	TARAZONA DE GUAREÑA
37	 37320	TARDAGUILA
37	 37323	TEJEDA Y SEGOYUELA
37	 37324	TENEBRON
37	 37325	TERRADILLOS
37	 37326	TOPAS
37	 37327	TORDILLOS
37	 37330	TORRESMENUDAS
37	 37331	TRABANCA
37	 37332	TREMEDAL DE TORMES
37	 37333	VALDECARROS
37	 37334	VALDEFUENTES DE SANGUSIN
37	 37335	VALDEHIJADEROS
37	 37336	VALDELACASA
37	 37337	VALDELAGEVE
37	 37338	VALDELOSA
37	 37339	VALDEMIERQUE
37	 37340	VALDERRODRIGO
37	 37341	VALDUNCIEL
37	 37342	VALERO
37	 37346	VALLEJERA DE RIOFRIO
37	 37343	VALSALABROSO
37	 37344	VALVERDE DE VALDELACASA
37	 37345	VALVERDON
37	 37347	VECINOS
37	 37348	VEGA DE TIRADOS
37	 37351	VENTOSA DEL RIO ALMAR
37	 37354	VILLAFLORES
37	 37355	VILLAGONZALO DE TORMES
37	 37356	VILLALBA DE LOS LLANOS
37	 37357	VILLAMAYOR
37	 37358	VILLANUEVA DEL CONDE
37	 37359	VILLAR DE ARGAÑAN
37	 37360	VILLAR DE CIERVO
37	 37361	VILLAR DE GALLIMAZO
37	 37362	VILLAR DE LA YEGUA
37	 37363	VILLAR DE PERALONSO
37	 37364	VILLAR DE SAMANIEGO
37	 37365	VILLARES DE LA REINA
37	 37366	VILLARES DE YELTES
37	 37367	VILLARINO DE LOS AIRES
37	 37368	VILLARMAYOR
37	 37369	VILLARMUERTO
37	 37370	VILLASBUENAS
37	 37371	VILLASDARDO
37	 37372	VILLASECO DE LOS GAMITOS
37	 37373	VILLASECO DE LOS REYES
37	 37374	VILLASRUBIAS
37	 37375	VILLAVERDE DE GUAREÑA
37	 37376	VILLAVIEJA DE YELTES
37	 37377	VILLORIA
37	 37378	VILLORUELA
37	 37353	VILVESTRE
37	 37379	VITIGUDINO
37	 37380	YECLA DE YELTES
37	 37381	ZAMARRA
37	 37382	ZAMAYON
37	 37383	ZARAPICOS
37	 37385	ZORITA DE LA FRONTERA
38	 38001	ADEJE
38	 38002	AGULO
38	 38003	ALAJERO
38	 38004	ARAFO
38	 38005	ARICO
38	 38006	ARONA
38	 38007	BARLOVENTO
38	 38008	BREÑA ALTA
38	 38009	BREÑA BAJA
38	 38010	BUENAVISTA DEL NORTE
38	 38011	CANDELARIA
38	 38027	EL PASO
38	 38054	EL PINAR DE EL HIERRO
38	 38032	EL ROSARIO
38	 38044	EL TANQUE
38	 38012	FASNIA
38	 38013	FRONTERA
38	 38014	FUENCALIENTE DE LA PALMA
38	 38015	GARACHICO
38	 38016	GARAFIA
38	 38017	GRANADILLA DE ABONA
38	 38019	GUIA DE ISORA
38	 38020	GUIMAR
38	 38021	HERMIGUA
38	 38022	ICOD DE LOS VINOS
38	 38018	LA GUANCHA
38	 38025	LA MATANZA DE ACENTEJO
38	 38026	LA OROTAVA
38	 38051	LA VICTORIA DE ACENTEJO
38	 38024	LOS LLANOS DE ARIDANE
38	 38031	LOS REALEJOS
38	 38042	LOS SILOS
38	 38028	PUERTO DE LA CRUZ
38	 38029	PUNTAGORDA
38	 38030	PUNTALLANA
38	 38033	SAN ANDRES Y SAUCES
38	 38023	SAN CRISTOBAL DE LA LAGUNA
38	 38034	SAN JUAN DE LA RAMBLA
38	 38035	SAN MIGUEL DE ABONA
38	 38036	SAN SEBASTIAN DE LA GOMERA
38	 38037	SANTA CRUZ DE LA PALMA
38	 38900	SANTA CRUZ DE TENERIFE
38	 38039	SANTA URSULA
38	 38040	SANTIAGO DEL TEIDE
38	 38041	SAUZAL
38	 38043	TACORONTE
38	 38045	TAZACORTE
38	 38046	TEGUESTE
38	 38047	TIJARAFE
38	 38049	VALLE GRAN REY
38	 38050	VALLEHERMOSO
38	 38048	VALVERDE
38	 38052	VILAFLOR DE CHASNA
38	 38053	VILLA DE MAZO
39	 39001	ALFOZ DE LLOREDO
39	 39002	AMPUERO
39	 39003	ANIEVAS
39	 39004	ARENAS DE IGUÑA
39	 39005	ARGOÑOS
39	 39006	ARNUERO
39	 39007	ARREDONDO
39	 39009	BARCENA DE CICERO
39	 39010	BARCENA DE PIE DE CONCHA
39	 39011	BAREYO
39	 39012	CABEZON DE LA SAL
39	 39013	CABEZON DE LIEBANA
39	 39014	CABUERNIGA
39	 39015	CAMALEÑO
39	 39016	CAMARGO
39	 39027	CAMPOO DE ENMEDIO
39	 39017	CAMPOO DE YUSO
39	 39018	CARTES
39	 39019	CASTAÑEDA
39	 39020	CASTRO URDIALES
39	 39103	CDAD CAM CAB
39	 39021	CIEZA
39	 39022	CILLORIGO DE LIEBANA
39	 39023	COLINDRES
39	 39024	COMILLAS
39	 39025	CORRALES DE BUELNA
39	 39026	CORVERA DE TORANZO
39	 39008	EL ASTILLERO
39	 39028	ENTRAMBASAGUAS
39	 39029	ESCALANTE
39	 39030	GURIEZO
39	 39031	HAZAS DE CESTO
39	 39032	HERMANDAD DE CAMPOO DE SUSO
39	 39033	HERRERIAS
39	 39034	LAMASON
39	 39035	LAREDO
39	 39065	LAS ROZAS DE VALDEARROYO
39	 39036	LIENDO
39	 39037	LIERGANES
39	 39038	LIMPIAS
39	 39086	LOS TOJOS
39	 39039	LUENA
39	 39040	MARINA DE CUDEYO
39	 39041	MAZCUERRAS
39	 39042	MEDIO CUDEYO
39	 39043	MERUELO
39	 39044	MIENGO
39	 39045	MIERA
39	 39046	MOLLEDO
39	 39047	NOJA
39	 39048	PENAGOS
39	 39049	PEÑARRUBIA
39	 39050	PESAGUERO
39	 39051	PESQUERA
39	 39052	PIELAGOS
39	 39053	POLACIONES
39	 39054	POLANCO
39	 39055	POTES
39	 39056	PUENTE VIESGO
39	 39057	RAMALES DE LA VICTORIA
39	 39058	RASINES
39	 39059	REINOSA
39	 39060	REOCIN
39	 39061	RIBAMONTAN AL MAR
39	 39062	RIBAMONTAN AL MONTE
39	 39063	RIONANSA
39	 39064	RIOTUERTO
39	 39066	RUENTE
39	 39067	RUESGA
39	 39068	RUILOBA
39	 39069	SAN FELICES DE BUELNA
39	 39070	SAN MIGUEL DE AGUAYO
39	 39071	SAN PEDRO DEL ROMERAL
39	 39072	SAN ROQUE DE RIOMIERA
39	 39080	SAN VICENTE DE LA BARQUERA
39	 39073	SANTA CRUZ DE BEZANA
39	 39074	SANTA MARIA DE CAYON
39	 39900	SANTANDER
39	 39076	SANTILLANA DEL MAR
39	 39077	SANTIURDE DE REINOSA
39	 39078	SANTIURDE DE TORANZO
39	 39079	SANTOÑA
39	 39081	SARO
39	 39082	SELAYA
39	 39083	SOBA
39	 39084	SOLORZANO
39	 39085	SUANCES
39	 39087	TORRELAVEGA
39	 39088	TRESVISO
39	 39089	TUDANCA
39	 39090	UDIAS
39	 39095	VAL DE SAN VICENTE
39	 39091	VALDALIGA
39	 39092	VALDEOLEA
39	 39093	VALDEPRADO DEL RIO
39	 39094	VALDERREDIBLE
39	 39101	VALLE DE VILLAVERDE
39	 39096	VEGA DE LIEBANA
39	 39097	VEGA DE PAS
39	 39098	VILLACARRIEDO
39	 39099	VILLAESCUSA
39	 39100	VILLAFUFRE
39	 39102	VOTO
40	 40001	ABADES
40	 40002	ADRADA DE PIRON
40	 40003	ADRADOS
40	 40004	AGUILAFUENTE
40	 40005	ALCONADA DE MADERUELO
40	 40012	ALDEA REAL
40	 40006	ALDEALCORVO
40	 40007	ALDEALENGUA DE PEDRAZA
40	 40008	ALDEALENGUA DE SANTA MARIA
40	 40009	ALDEANUEVA DE LA SERREZUELA
40	 40010	ALDEANUEVA DEL CODONAL
40	 40013	ALDEASOÑA
40	 40014	ALDEHORNO
40	 40015	ALDEHUELA DEL CODONAL
40	 40017	ALDEONTE
40	 40018	ANAYA
40	 40019	AÑE
40	 40021	ARAHUETES
40	 40022	ARCONES
40	 40023	AREVALILLO DE CEGA
40	 40024	ARMUÑA
40	 40026	AYLLON
40	 40028	BARBOLLA
40	 40029	BASARDILLA
40	 40031	BERCIAL
40	 40032	BERCIMUEL
40	 40033	BERNARDOS
40	 40035	BERNUY DE PORREROS
40	 40036	BOCEGUILLAS
40	 40037	BRIEVA
40	 40038	CABALLAR
40	 40039	CABAÑAS DE POLENDOS
40	 40040	CABEZUELA
40	 40041	CALABAZAS DE FUENTIDUEÑA
40	 40043	CAMPO DE SAN PEDRO
40	 40044	CANTALEJO
40	 40045	CANTIMPALOS
40	 40191	CARABIAS
40	 40047	CARBONERO EL MAYOR
40	 40048	CARRASCAL DEL RIO
40	 40050	CASLA
40	 40051	CASTILLEJO DE MESLEON
40	 40053	CASTRO DE FUENTIDUEÑA
40	 40054	CASTROJIMENO
40	 40055	CASTROSERNA DE ABAJO
40	 40057	CASTROSERRACIN
40	 40058	CEDILLO DE LA TORRE
40	 40059	CEREZO DE ABAJO
40	 40060	CEREZO DE ARRIBA
40	 40075	CHAÑE
40	 40061	CILLERUELO DE SAN MAMES
40	 40063	COBOS DE FUENTIDUEÑA
40	 40065	COCA
40	 40066	CODORNIZ
40	 40067	COLLADO HERMOSO
40	 40068	CONDADO DE CASTILNOVO
40	 40069	CORRAL DE AYLLON
40	 40070	COZUELOS DE FUENTIDUEÑA
40	 40071	CUBILLO
40	 40072	CUELLAR
40	 40074	CUEVAS DE PROVANCO
40	 40078	DOMINGO GARCIA
40	 40079	DONHIERRO
40	 40081	DURUELO
40	 40087	EL ESPINAR
40	 40082	ENCINAS
40	 40083	ENCINILLAS
40	 40084	ESCALONA DEL PRADO
40	 40085	ESCARABAJOSA DE CABEZAS
40	 40086	ESCOBAR DE POLENDOS
40	 40088	ESPIRDO
40	 40091	FRESNEDA DE CUELLAR
40	 40092	FRESNO DE CANTESPINO
40	 40093	FRESNO DE LA FUENTE
40	 40094	FRUMALES
40	 40095	FUENTE DE SANTA CRUZ
40	 40096	FUENTE EL OLMO DE FUENTIDUEÑA
40	 40097	FUENTE EL OLMO DE ISCAR
40	 40100	FUENTEPELAYO
40	 40101	FUENTEPIÑEL
40	 40102	FUENTERREBOLLO
40	 40103	FUENTESAUCO DE FUENTIDUEÑA
40	 40105	FUENTESOTO
40	 40106	FUENTIDUEÑA
40	 40107	GALLEGOS
40	 40108	GARCILLAN
40	 40109	GOMEZSERRACIN
40	 40111	GRAJERA
40	 40114	HONRUBIA DE LA CUESTA
40	 40115	HONTALBILLA
40	 40116	HONTANARES DE ERESMA
40	 40120	ITUERO Y LAMA
40	 40122	JUARROS DE RIOMOROS
40	 40123	JUARROS DE VOLTOYA
40	 40130	LA LASTRILLA
40	 40131	LA LOSA
40	 40145	LA MATILLA
40	 40124	LABAJOS
40	 40125	LAGUNA DE CONTRERAS
40	 40127	LANGUILLA
40	 40128	LASTRAS DE CUELLAR
40	 40129	LASTRAS DEL POZO
40	 40119	LOS HUERTOS
40	 40134	MADERUELO
40	 40137	MARAZOLEJA
40	 40138	MARAZUELA
40	 40139	MARTIN MIGUEL
40	 40140	MARTIN MUÑOZ DE LA DEHESA
40	 40141	MARTIN MUÑOZ DE LAS POSADAS
40	 40142	MARUGAN
40	 40144	MATA DE CUELLAR
40	 40143	MATABUENA
40	 40146	MELQUE DE CERCOS
40	 40147	MEMBIBRE DE LA HOZ
40	 40148	MIGUELAÑEZ
40	 40150	MONTEJO DE AREVALO
40	 40151	MONTEJO DE LA VEGA DE LA SERRE
40	 40152	MONTERRUBIO
40	 40154	MORAL DE HORNUEZ
40	 40157	MOZONCILLO
40	 40158	MUÑOPEDRO
40	 40159	MUÑOVEROS
40	 40162	NAVA DE LA ASUNCION
40	 40163	NAVAFRIA
40	 40164	NAVALILLA
40	 40165	NAVALMANZANO
40	 40166	NAVARES DE AYUSO
40	 40167	NAVARES DE ENMEDIO
40	 40168	NAVARES DE LAS CUEVAS
40	 40169	NAVAS DE ORO
40	 40279	NAVAS DE RIOFRIO
40	 40170	NAVAS DE SAN ANTONIO
40	 40172	NIEVA
40	 40174	OLOMBRADA
40	 40175	OREJANA
40	 40177	ORTIGOSA DE PESTAÑO
40	 40176	ORTIGOSA DEL MONTE
40	 40178	OTERO DE HERREROS
40	 40180	PAJAREJOS
40	 40182	PALAZUELOS DE ERESMA
40	 40184	PEDRAZA
40	 40185	PELAYOS DEL ARROYO
40	 40187	PEROSILLO
40	 40188	PINAREJOS
40	 40189	PINARNEGRILLO
40	 40192	PRADENA
40	 40193	PUEBLA DE PEDRAZA
40	 40194	RAPARIEGOS
40	 40212	REAL SITIO DE SAN ILDEFONSO
40	 40195	REBOLLO
40	 40196	REMONDO
40	 40198	RIAGUAS DE SAN BARTOLOME
40	 40200	RIAZA
40	 40201	RIBOTA
40	 40202	RIOFRIO DE RIAZA
40	 40203	RODA DE ERESMA
40	 40204	SACRAMENIA
40	 40207	SAMBOAL
40	 40208	SAN CRISTOBAL DE CUELLAR
40	 40209	SAN CRISTOBAL DE LA VEGA
40	 40280	SAN CRISTOBAL DE SEGOVIA
40	 40213	SAN MARTIN Y MUDRIAN
40	 40214	SAN MIGUEL DE BERNUY
40	 40215	SAN PEDRO DE GAILLOS
40	 40210	SANCHONUÑO
40	 40211	SANGARCIA
40	 40217	SANTA MARIA LA REAL DE NIEVA
40	 40218	SANTA MARTA DEL CERRO
40	 40220	SANTIUSTE DE PEDRAZA
40	 40221	SANTIUSTE DE SAN JUAN BAUTISTA
40	 40222	SANTO DOMINGO DE PIRON
40	 40223	SANTO TOME DEL PUERTO
40	 40224	SAUQUILLO DE CABEZAS
40	 40225	SEBULCOR
40	 40900	SEGOVIA
40	 40227	SEPULVEDA
40	 40228	SEQUERA DE FRESNO
40	 40232	SOTILLO
40	 40233	SOTOSALBOS
40	 40234	TABANERA LA LUENGA
40	 40236	TOLOCIRIO
40	 40241	TORRE VAL DE SAN PEDRO
40	 40237	TORREADRADA
40	 40238	TORRECABALLEROS
40	 40239	TORRECILLA DEL PINAR
40	 40240	TORREIGLESIAS
40	 40242	TRESCASAS
40	 40243	TUREGANO
40	 40245	URUEÑAS
40	 40246	VALDEPRADOS
40	 40248	VALDEVACAS DE MONTEJO
40	 40249	VALDEVACAS Y GUIJAR
40	 40255	VALLE DE TABLADILLO
40	 40256	VALLELADO
40	 40257	VALLERUELA DE PEDRAZA
40	 40258	VALLERUELA DE SEPULVEDA
40	 40251	VALSECA
40	 40252	VALTIENDAS
40	 40253	VALVERDE DEL MAJANO
40	 40260	VEGANZONES
40	 40261	VEGAS DE MATUTE
40	 40262	VENTOSILLA Y TEJADILLA
40	 40263	VILLACASTIN
40	 40268	VILLAVERDE DE ISCAR
40	 40269	VILLAVERDE DE MONTEJO
40	 40270	VILLEGUILLO
40	 40272	YANGUAS DE ERESMA
40	 40274	ZARZUELA DEL MONTE
40	 40275	ZARZUELA DEL PINAR
41	 41001	AGUADULCE
41	 41002	ALANIS
41	 41003	ALBAIDA DEL ALJARAFE
41	 41004	ALCALA DE GUADAIRA
41	 41005	ALCALA DEL RIO
41	 41006	ALCOLEA DEL RIO
41	 41008	ALGAMITAS
41	 41009	ALMADEN DE LA PLATA
41	 41010	ALMENSILLA
41	 41011	ARAHAL
41	 41012	AZNALCAZAR
41	 41013	AZNALCOLLAR
41	 41014	BADOLATOSA
41	 41015	BENACAZON
41	 41016	BOLLULLOS DE LA MITACION
41	 41017	BORMUJOS
41	 41018	BRENES
41	 41019	BURGUILLOS
41	 41021	CAMAS
41	 41023	CANTILLANA
41	 41103	CAÑADA ROSAL
41	 41024	CARMONA
41	 41025	CARRION DE LOS CESPEDES
41	 41026	CASARICHE
41	 41027	CASTILBLANCO DE LOS ARROYOS
41	 41028	CASTILLEJA DE GUZMAN
41	 41029	CASTILLEJA DE LA CUESTA
41	 41030	CASTILLEJA DEL CAMPO
41	 41032	CAZALLA DE LA SIERRA
41	 41033	CONSTANTINA
41	 41034	CORIA DEL RIO
41	 41035	CORIPE
41	 41038	DOS HERMANAS
41	 41039	ECIJA
41	 41031	EL CASTILLO DE LAS GUARDAS
41	 41036	EL CORONIL
41	 41105	EL CUERVO DE SEVILLA
41	 41043	EL GARROBO
41	 41057	EL MADROÑO
41	 41106	EL PALMAR DE TROYA
41	 41073	EL PEDROSO
41	 41080	EL REAL DE LA JARA
41	 41083	EL RONQUILLO
41	 41084	EL RUBIO
41	 41090	EL SAUCEJO
41	 41102	EL VISO DEL ALCOR
41	 41040	ESPARTINAS
41	 41041	ESTEPA
41	 41042	FUENTES DE ANDALUCIA
41	 41044	GELVES
41	 41045	GERENA
41	 41046	GILENA
41	 41047	GINES
41	 41048	GUADALCANAL
41	 41049	GUILLENA
41	 41050	HERRERA
41	 41051	HUEVAR DEL ALJARAFE
41	 41104	ISLA MAYOR
41	 41007	LA ALGABA
41	 41022	LA CAMPANA
41	 41056	LA LUISIANA
41	 41077	LA PUEBLA DE CAZALLA
41	 41078	LA PUEBLA DE LOS INFANTES
41	 41079	LA PUEBLA DEL RIO
41	 41081	LA RINCONADA
41	 41082	LA RODA DE ANDALUCIA
41	 41052	LANTEJUELA
41	 41020	LAS CABEZAS DE SAN JUAN
41	 41066	LAS NAVAS DE LA CONCEPCION
41	 41053	LEBRIJA
41	 41054	LORA DE ESTEPA
41	 41055	LORA DEL RIO
41	 41037	LOS CORRALES
41	 41063	LOS MOLARES
41	 41069	LOS PALACIOS Y VILLAFRANCA
41	 41058	MAIRENA DEL ALCOR
41	 41059	MAIRENA DEL ALJARAFE
41	 41060	MARCHENA
41	 41061	MARINALEDA
41	 41062	MARTIN DE LA JARA
41	 41064	MONTELLANO
41	 41065	MORON DE LA FRONTERA
41	 41067	OLIVARES
41	 41068	OSUNA
41	 41070	PALOMARES DEL RIO
41	 41071	PARADAS
41	 41072	PEDRERA
41	 41074	PEÑAFLOR
41	 41075	PILAS
41	 41076	PRUNA
41	 41085	SALTERAS
41	 41086	SAN JUAN DE AZNALFARACHE
41	 41088	SAN NICOLAS DEL PUERTO
41	 41087	SANLUCAR LA MAYOR
41	 41089	SANTIPONCE
41	 41900	SEVILLA
41	 41092	TOCINA
41	 41093	TOMARES
41	 41094	UMBRETE
41	 41095	UTRERA
41	 41096	VALENCINA DE LA CONCEPCION
41	 41097	VILLAMANRIQUE DE LA CONDESA
41	 41100	VILLANUEVA DE SAN JUAN
41	 41098	VILLANUEVA DEL ARISCAL
41	 41099	VILLANUEVA DEL RIO Y MINAS
41	 41101	VILLAVERDE DEL RIO
42	 42002	ABEJAR
42	 42005	ADRADAS
42	 42006	AGREDA
42	 42012	ALCONABA
42	 42014	ALCUBILLA DE AVELLANEDA
42	 42015	ALCUBILLA DE LAS PEÑAS
42	 42018	ALDEALAFUENTE
42	 42019	ALDEALICES
42	 42020	ALDEALPOZO
42	 42021	ALDEALSEÑOR
42	 42024	ALDEHUELA DE PERIAÑEZ
42	 42026	ALENTISQUE
42	 42027	ALIUD
42	 42028	ALMAJANO
42	 42029	ALMALUEZ
42	 42031	ALMARZA
42	 42032	ALMAZAN
42	 42033	ALMAZUL
42	 42034	ALMENAR DE SORIA
42	 42035	ALPANSEQUE
42	 42038	ARANCON
42	 42039	ARCOS DE JALON
42	 42040	ARENILLAS
42	 42041	AREVALO DE LA SIERRA
42	 42045	AUSEJO DE LA SIERRA
42	 42047	BARAONA
42	 42048	BARCA
42	 42049	BARCONES
42	 42051	BAYUBAS DE ABAJO
42	 42052	BAYUBAS DE ARRIBA
42	 42055	BERATON
42	 42056	BERLANGA DE DUERO
42	 42058	BLACOS
42	 42059	BLIECOS
42	 42064	BORJABAD
42	 42065	BOROBIA
42	 42068	BUBEROS
42	 42070	BUITRAGO
42	 42071	BURGO DE OSMA CIUDAD DE OSMA
42	 42072	CABREJAS DEL CAMPO
42	 42073	CABREJAS DEL PINAR
42	 42075	CALATAÑAZOR
42	 42077	CALTOJAR
42	 42079	CANDILICHERA
42	 42081	CAÑAMAQUE
42	 42082	CARABANTES
42	 42083	CARACENA
42	 42086	CARRASCOSA DE ABAJO
42	 42088	CARRASCOSA DE LA SIERRA
42	 42089	CASAREJOS
42	 42092	CASTILFRIO DE LA SIERRA
42	 42094	CASTILLEJO DE ROBLEDO
42	 42093	CASTILRUIZ
42	 42095	CENTENERA DE ANDALUZ
42	 42096	CERBON
42	 42097	CIDONES
42	 42098	CIGUDOSA
42	 42099	CIHUELA
42	 42100	CIRIA
42	 42102	CIRUJALES DEL RIO
42	 42107	COSCURITA
42	 42108	COVALEDA
42	 42109	CUBILLA
42	 42111	CUBO DE LA SOLANA
42	 42114	CUEVA DE AGREDA
42	 42120	DEVANOS
42	 42121	DEZA
42	 42124	DURUELO DE LA SIERRA
42	 42257	EL ROYO
42	 42125	ESCOBOSA DE ALMAZAN
42	 42126	ESPEJA DE SAN MARCELINO
42	 42127	ESPEJON
42	 42128	ESTEPA DE SAN JUAN
42	 42132	FRECHILLA DE ALMAZAN
42	 42133	FRESNO DE CARACENA
42	 42135	FUENTEARMEGIL
42	 42137	FUENTECAMBRON
42	 42139	FUENTECANTOS
42	 42142	FUENTELMONGE
42	 42143	FUENTELSAZ DE SORIA
42	 42144	FUENTEPINILLA
42	 42146	FUENTES DE MAGAÑA
42	 42147	FUENTESTRUN
42	 42150	GARRAY
42	 42151	GOLMAYO
42	 42152	GOMARA
42	 42153	GORMAZ
42	 42154	HERRERA DE SORIA
42	 42157	HINOJOSA DEL CAMPO
42	 42175	LA LOSILLA
42	 42233	LA POVEDA DE SORIA
42	 42253	LA RIBA DE ESCALOTE
42	 42169	LANGA DE DUERO
42	 42025	LAS ALDEHUELAS
42	 42172	LICERAS
42	 42242	LOS RABANOS
42	 42335	LOS VILLARES DE SORIA
42	 42178	MAGAÑA
42	 42179	MAJAN
42	 42182	MATALEBRERAS
42	 42183	MATAMALA DE ALMAZAN
42	 42187	MEDINACELI
42	 42190	MIÑO DE MEDINACELI
42	 42191	MIÑO DE SAN ESTEBAN
42	 42193	MOLINOS DE DUERO
42	 42194	MOMBLONA
42	 42195	MONTEAGUDO DE LAS VICARIAS
42	 42196	MONTEJO DE TIERMES
42	 42197	MONTENEGRO DE CAMEROS
42	 42201	MORON DE ALMAZAN
42	 42202	MURIEL DE LA FUENTE
42	 42203	MURIEL VIEJO
42	 42205	NAFRIA DE UCERO
42	 42207	NARROS
42	 42209	NAVALENO
42	 42210	NEPAS
42	 42213	NOLAY
42	 42216	NOVIERCAS
42	 42219	OLVEGA
42	 42220	ONCALA
42	 42228	PINILLA DEL CAMPO
42	 42232	PORTILLO DE SORIA
42	 42234	POZALMURO
42	 42236	QUINTANA REDONDA
42	 42237	QUINTANAS DE GORMAZ
42	 42241	QUIÑONERIA
42	 42244	REBOLLAR
42	 42246	RECUERDA
42	 42248	RELLO
42	 42249	RENIEBLAS
42	 42250	RETORTILLO DE SORIA
42	 42252	REZNOS
42	 42254	RIOSECO DE SORIA
42	 42255	ROLLAMIENTA
42	 42259	SALDUERO
42	 42263	SAN ESTEBAN DE GORMAZ
42	 42264	SAN FELICES
42	 42265	SAN LEONARDO DE YAGUE
42	 42266	SAN PEDRO MANRIQUE
42	 42267	SANTA CRUZ DE YANGUAS
42	 42268	SANTA MARIA DE HUERTA
42	 42269	SANTA MARIA DE LAS HOYAS
42	 42274	SERON DE NAGIMA
42	 42275	SOLIEDRA
42	 42900	SORIA
42	 42278	SOTILLO DEL RINCON
42	 42280	SUELLACABRAS
42	 42281	TAJAHUERCE
42	 42282	TAJUECO
42	 42283	TALVEILA
42	 42287	TARDELCUENDE
42	 42289	TARODA
42	 42290	TEJADO
42	 42292	TORLENGUA
42	 42295	TORREBLACOS
42	 42298	TORRUBIA DE SORIA
42	 42299	TREVAGO
42	 42300	UCERO
42	 42302	VADILLO
42	 42304	VALDEAVELLANO DE TERA
42	 42305	VALDEGEÑA
42	 42306	VALDELAGUA DEL CERRO
42	 42307	VALDEMALUQUE
42	 42309	VALDENEBRO
42	 42310	VALDEPRADO
42	 42311	VALDERRODILLA
42	 42313	VALTAJEROS
42	 42318	VELAMAZAN
42	 42319	VELILLA DE LA SIERRA
42	 42320	VELILLA DE LOS AJOS
42	 42325	VIANA DE DUERO
42	 42328	VILLACIERVOS
42	 42330	VILLANUEVA DE GORMAZ
42	 42331	VILLAR DEL ALA
42	 42332	VILLAR DEL CAMPO
42	 42333	VILLAR DEL RIO
42	 42337	VILLASAYAS
42	 42338	VILLASECA DE ARCIEL
42	 42340	VINUESA
42	 42341	VIZMANOS
42	 42342	VOZMEDIANO
42	 42343	YANGUAS
42	 42344	YELO
43	 43001	AIGUAMURCIA
43	 43002	ALBINYANA
43	 43004	ALCANAR
43	 43005	ALCOVER
43	 43006	ALDOVER
43	 43008	ALFARA DE CARLES
43	 43009	ALFORJA
43	 43010	ALIO
43	 43011	ALMOSTER
43	 43012	ALTAFULLA
43	 43014	AMPOSTA
43	 43015	ARBOLI
43	 43018	ARNES
43	 43019	ASCO
43	 43020	BANYERES DEL PENEDES
43	 43021	BARBERA DE LA CONCA
43	 43022	BATEA
43	 43023	BELLMUNT DEL PRIORAT
43	 43024	BELLVEI
43	 43025	BENIFALLET
43	 43026	BENISSANET
43	 43029	BLANCAFORT
43	 43030	BONASTRE
43	 43032	BOT
43	 43033	BOTARELL
43	 43034	BRAFIM
43	 43035	CABACES
43	 43036	CABRA DEL CAMP
43	 43037	CALAFELL
43	 43183	CAMARLES
43	 43038	CAMBRILS
43	 43040	CAPAFONTS
43	 43041	CAP ANES
43	 43042	CASERES
43	 43043	CASTELLVELL DEL CAMP
43	 43046	COLLDEJOU
43	 43047	CONESA
43	 43048	CONSTANTI
43	 43049	CORBERA D EBRE
43	 43050	CORNUDELLA DE MONTSANT
43	 43051	CREIXELL
43	 43052	CUNIT
43	 43181	DELTEBRE
43	 43054	DUESAIGUES
43	 43044	EL CATLLAR
43	 43073	EL LLOAR
43	 43083	EL MASROIG
43	 43084	EL MILA
43	 43086	EL MOLAR
43	 43091	EL MONTMELL
43	 43096	EL MORELL
43	 43106	EL PERELLO
43	 43108	EL PINELL DE BRAI
43	 43110	EL PLA DE SANTA MARIA
43	 43115	EL PONT D ARMENTERA
43	 43136	EL ROURELL
43	 43165	EL VENDRELL
43	 43067	ELS GARIDELLS
43	 43071	ELS GUIAMETS
43	 43056	FALSET
43	 43060	FIGUEROLA DEL CAMP
43	 43061	FLIX
43	 43062	FORES
43	 43063	FREGINALS
43	 43065	GANDESA
43	 43066	GARCIA
43	 43068	GINESTAR
43	 43069	GODALL
43	 43070	GRATALLOPS
43	 43072	HORTA DE SANT JOAN
43	 43027	LA BISBAL DE FALSET
43	 43028	LA BISBAL DEL PENEDES
43	 43039	LA CANONJA
43	 43057	LA FATARELLA
43	 43058	LA FEBRO
43	 43059	LA FIGUERA
43	 43064	LA GALERA
43	 43081	LA MASO
43	 43097	LA MORERA DE MONTSANT
43	 43099	LA NOU DE GAIA
43	 43101	LA PALMA D EBRE
43	 43111	LA POBLA DE MAFUMET
43	 43112	LA POBLA DE MASSALUCA
43	 43113	LA POBLA DE MONTORNES
43	 43138	LA RAPITA
43	 43126	LA RIBA
43	 43128	LA RIERA DE GAIA
43	 43146	LA SECUITA
43	 43147	LA SELVA DEL CAMP
43	 43045	LA SENIA
43	 43153	LA TORRE DE FONTAUBELLA
43	 43154	LA TORRE DE L ESPANYOL
43	 43175	LA VILELLA ALTA
43	 43176	LA VILELLA BAIXA
43	 43003	L ALBIOL
43	 43184	L ALDEA
43	 43007	L ALEIXAR
43	 43013	L AMETLLA DE MAR
43	 43186	L AMPOLLA
43	 43016	L ARBO
43	 43017	L ARGENTERA
43	 43031	LES BORGES DEL CAMP
43	 43107	LES PILES
43	 43055	L ESPLUGA DE FRANCOLI
43	 43074	LLORAC
43	 43075	LLOREN  DEL PENEDES
43	 43077	MAR A
43	 43076	MARGALEF
43	 43078	MAS DE BARBERANS
43	 43079	MASDENVERGE
43	 43080	MASLLOREN
43	 43082	MASPUJOLS
43	 43085	MIRAVET
43	 43087	MONTBLANC
43	 43089	MONTBRIO DEL CAMP
43	 43090	MONTFERRI
43	 43092	MONT RAL
43	 43093	MONT ROIG DEL CAMP
43	 43094	MORA D EBRE
43	 43095	MORA LA NOVA
43	 43100	NULLES
43	 43102	PALLARESOS ELS
43	 43103	PASSANANT I BELLTALL
43	 43104	PAULS
43	 43105	PERAFORT
43	 43109	PIRA
43	 43114	POBOLEDA
43	 43143	PONTILS
43	 43116	PORRERA
43	 43117	PRADELL DE LA TEIXETA
43	 43118	PRADES
43	 43119	PRAT DE COMTE
43	 43120	PRATDIP
43	 43121	PUIGPELAT
43	 43122	QUEROL
43	 43123	RASQUERA
43	 43124	RENAU
43	 43125	REUS
43	 43127	RIBA ROJA D EBRE
43	 43129	RIUDECANYES
43	 43130	RIUDECOLS
43	 43131	RIUDOMS
43	 43132	ROCAFORT DE QUERALT
43	 43133	RODA DE BERA
43	 43134	RODONYA
43	 43135	ROQUETES
43	 43137	SALOMO
43	 43185	SALOU
43	 43139	SANT JAUME DELS DOMENYS
43	 43182	SANT JAUME D ENVEJA
43	 43140	SANTA BARBARA
43	 43141	SANTA COLOMA DE QUERALT
43	 43142	SANTA OLIVA
43	 43144	SARRAL
43	 43145	SAVALLA DEL COMTAT
43	 43148	SENAN
43	 43149	SOLIVELLA
43	 43900	TARRAGONA
43	 43151	TIVENYS
43	 43152	TIVISSA
43	 43155	TORREDEMBARRA
43	 43156	TORROJA DEL PRIORAT
43	 43157	TORTOSA
43	 43158	ULLDECONA
43	 43159	ULLDEMOLINS
43	 43160	VALLCLARA
43	 43161	VALLFOGONA DE RIUCORB
43	 43162	VALLMOLL
43	 43163	VALLS
43	 43164	VANDELLOS I L HOSPITALET DE L
43	 43166	VESPELLA DE GAIA
43	 43167	VILABELLA
43	 43177	VILALBA DELS ARCS
43	 43168	VILALLONGA DEL CAMP
43	 43170	VILANOVA DE PRADES
43	 43169	VILANOVA D ESCORNALBOU
43	 43171	VILAPLANA
43	 43172	VILA RODONA
43	 43173	VILA SECA
43	 43174	VILAVERD
43	 43178	VIMBODI I POBLET
43	 43179	VINEBRE
43	 43180	VINYOLS I ELS ARCS
43	 43053	XERTA
44	 44001	ABABUJ
44	 44002	ABEJUELA
44	 44003	AGUATON
44	 44004	AGUAVIVA
44	 44005	AGUILAR DEL ALFAMBRA
44	 44006	ALACON
44	 44007	ALBA
44	 44008	ALBALATE DEL ARZOBISPO
44	 44009	ALBARRACIN
44	 44010	ALBENTOSA
44	 44011	ALCAINE
44	 44012	ALCALA DE LA SELVA
44	 44013	ALCAÑIZ
44	 44014	ALCORISA
44	 44016	ALFAMBRA
44	 44017	ALIAGA
44	 44021	ALLEPUZ
44	 44022	ALLOZA
44	 44023	ALLUEVA
44	 44018	ALMOHAJA
44	 44019	ALOBRAS
44	 44020	ALPEÑES
44	 44024	ANADON
44	 44025	ANDORRA
44	 44026	ARCOS DE LAS SALINAS
44	 44027	ARENS DE LLEDO
44	 44028	ARGENTE
44	 44029	ARIÑO
44	 44031	AZAILA
44	 44032	BADENAS
44	 44033	BAGUENA
44	 44034	BAÑON
44	 44035	BARRACHINA
44	 44036	BEA
44	 44037	BECEITE
44	 44039	BELLO
44	 44038	BELMONTE DE SAN JOSE
44	 44040	BERGE
44	 44041	BEZAS
44	 44042	BLANCAS
44	 44043	BLESA
44	 44044	BORDON
44	 44045	BRONCHALES
44	 44046	BUEÑA
44	 44047	BURBAGUENA
44	 44048	CABRA DE MORA
44	 44049	CALACEITE
44	 44050	CALAMOCHA
44	 44051	CALANDA
44	 44052	CALOMARDE
44	 44053	CAMAÑAS
44	 44054	CAMARENA DE LA SIERRA
44	 44055	CAMARILLAS
44	 44056	CAMINREAL
44	 44059	CANTAVIEJA
44	 44060	CAÑADA DE BENATANDUZ
44	 44062	CAÑADA VELLIDA
44	 44063	CAÑIZAR DEL OLIVAR
44	 44064	CASCANTE DEL RIO
44	 44065	CASTEJON DE TORNOS
44	 44066	CASTEL DE CABRA
44	 44071	CASTELLOTE
44	 44067	CASTELNOU
44	 44068	CASTELSERAS
44	 44074	CEDRILLAS
44	 44075	CELADAS
44	 44076	CELLA
44	 44084	CORBALAN
44	 44086	CORTES DE ARAGON
44	 44087	COSA
44	 44088	CRETAS
44	 44089	CRIVILLEN
44	 44091	CUBLA
44	 44092	CUCALON
44	 44095	CUEVAS DE ALMUDEN
44	 44098	CUEVAS LABRADAS
44	 44101	EJULVE
44	 44070	EL CASTELLAR
44	 44094	EL CUERVO
44	 44196	EL POBO
44	 44263	EL VALLECILLO
44	 44102	ESCORIHUELA
44	 44104	ESCUCHA
44	 44105	ESTERCUEL
44	 44106	FERRERUELA DE HUERVA
44	 44107	FONFRIA
44	 44108	FORMICHE ALTO
44	 44110	FORNOLES
44	 44111	FORTANETE
44	 44112	FOZ CALANDA
44	 44114	FRIAS DE ALBARRACIN
44	 44115	FUENFERRADA
44	 44116	FUENTES CALIENTES
44	 44117	FUENTES CLARAS
44	 44118	FUENTES DE RUBIELOS
44	 44119	FUENTESPALDA
44	 44120	GALVE
44	 44121	GARGALLO
44	 44122	GEA DE ALBARRACIN
44	 44125	GRIEGOS
44	 44126	GUADALAVIAR
44	 44127	GUDAR
44	 44128	HIJAR
44	 44129	HINOJOSA DE JARQUE
44	 44131	HUESA DEL COMUN
44	 44133	JABALOYAS
44	 44134	JARQUE DE LA VAL
44	 44135	JATIEL
44	 44136	JORCAS
44	 44137	JOSA
44	 44061	LA CAÑADA DE VERICH
44	 44077	LA CEROLLERA
44	 44081	LA CODOÑERA
44	 44090	LA CUBA
44	 44113	LA FRESNEDA
44	 44123	LA GINEBROSA
44	 44130	LA HOZ DE LA VIEJA
44	 44132	LA IGLESUELA DEL CID
44	 44153	LA MATA DE LOS OLMOS
44	 44198	LA PORTELLADA
44	 44202	LA PUEBLA DE HIJAR
44	 44203	LA PUEBLA DE VALVERDE
44	 44282	LA ZOMA
44	 44139	LAGUERUELA
44	 44140	LANZUELA
44	 44187	LAS PARRAS DE CASTELLOTE
44	 44142	LIBROS
44	 44143	LIDON
44	 44144	LINARES DE MORA
44	 44148	LLEDO
44	 44182	LOS OLMOS
44	 44145	LOSCOS
44	 44149	MAICAS
44	 44150	MANZANERA
44	 44151	MARTIN DEL RIO
44	 44152	MAS DE LAS MATAS
44	 44154	MAZALEON
44	 44155	MEZQUITA DE JARQUE
44	 44157	MIRAMBEL
44	 44158	MIRAVETE DE LA SIERRA
44	 44159	MOLINOS
44	 44160	MONFORTE DE MOYUELA
44	 44161	MONREAL DEL CAMPO
44	 44162	MONROYO
44	 44163	MONTALBAN
44	 44164	MONTEAGUDO DEL CASTILLO
44	 44165	MONTERDE DE ALBARRACIN
44	 44167	MORA DE RUBIELOS
44	 44168	MOSCARDON
44	 44169	MOSQUERUELA
44	 44170	MUNIESA
44	 44172	NOGUERA DE ALBARRACIN
44	 44173	NOGUERAS
44	 44174	NOGUERUELAS
44	 44176	OBON
44	 44177	ODON
44	 44178	OJOS NEGROS
44	 44180	OLBA
44	 44181	OLIETE
44	 44183	ORIHUELA DEL TREMEDAL
44	 44184	ORRIOS
44	 44185	PALOMAR DE ARROYOS
44	 44186	PANCRUDO
44	 44189	PEÑARROYA DE TASTAVINS
44	 44190	PERACENSE
44	 44191	PERALEJOS
44	 44192	PERALES DEL ALFAMBRA
44	 44194	PITARQUE
44	 44195	PLOU
44	 44200	POZONDON
44	 44201	POZUEL DEL CAMPO
44	 44204	PUERTOMINGALVO
44	 44205	RAFALES
44	 44207	RILLO
44	 44208	RIODEVA
44	 44209	RODENAS
44	 44210	ROYUELA
44	 44211	RUBIALES
44	 44212	RUBIELOS DE LA CERIDA
44	 44213	RUBIELOS DE MORA
44	 44215	SALCEDILLO
44	 44216	SALDON
44	 44217	SAMPER DE CALANDA
44	 44218	SAN AGUSTIN
44	 44219	SAN MARTIN DEL RIO
44	 44220	SANTA CRUZ DE NOGUERAS
44	 44221	SANTA EULALIA DEL CAMPO
44	 44223	SARRION
44	 44224	SEGURA DE LOS BAÑOS
44	 44225	SENO
44	 44226	SINGRA
44	 44228	TERRIENTE
44	 44900	TERUEL
44	 44230	TORIL Y MASEGOSO
44	 44231	TORMON
44	 44232	TORNOS
44	 44233	TORRALBA DE LOS SISONES
44	 44236	TORRE DE ARCAS
44	 44237	TORRE DE LAS ARCAS
44	 44238	TORRE DEL COMPTE
44	 44240	TORRE LOS NEGROS
44	 44234	TORRECILLA DE ALCAÑIZ
44	 44235	TORRECILLA DEL REBOLLAR
44	 44239	TORRELACARCEL
44	 44241	TORREMOCHA DE JILOCA
44	 44242	TORRES DE ALBARRACIN
44	 44243	TORREVELILLA
44	 44244	TORRIJAS
44	 44245	TORRIJO DEL CAMPO
44	 44247	TRAMACASTIEL
44	 44248	TRAMACASTILLA
44	 44249	TRONCHON
44	 44250	URREA DE GAEN
44	 44251	UTRILLAS
44	 44252	VALACLOCHE
44	 44253	VALBONA
44	 44254	VALDEALGORFA
44	 44257	VALDECUENCA
44	 44258	VALDELINARES
44	 44259	VALDELTORMO
44	 44260	VALDERROBRES
44	 44261	VALJUNQUERA
44	 44264	VEGUILLAS DE LA SIERRA
44	 44265	VILLAFRANCA DEL CAMPO
44	 44266	VILLAHERMOSA DEL CAMPO
44	 44270	VILLANUEVA DEL REBOLLAR DE LA
44	 44271	VILLAR DEL COBO
44	 44272	VILLAR DEL SALZ
44	 44274	VILLARLUENGO
44	 44275	VILLARQUEMADO
44	 44276	VILLARROYA DE LOS PINARES
44	 44277	VILLASTAR
44	 44278	VILLEL
44	 44279	VINACEITE
44	 44280	VISIEDO
44	 44281	VIVEL DEL RIO MARTIN
45	 45001	AJOFRIN
45	 45002	ALAMEDA DE LA SAGRA
45	 45003	ALBARREAL DE TAJO
45	 45004	ALCABON
45	 45005	ALCAÑIZO
45	 45006	ALCAUDETE DE LA JARA
45	 45007	ALCOLEA DE TAJO
45	 45008	ALDEA EN CABO
45	 45009	ALDEANUEVA DE BARBARROYA
45	 45010	ALDEANUEVA DE SAN BARTOLOME
45	 45011	ALMENDRAL DE LA CAÑADA
45	 45012	ALMONACID DE TOLEDO
45	 45013	ALMOROX
45	 45014	AÑOVER DE TAJO
45	 45015	ARCICOLLAR
45	 45016	ARGES
45	 45017	AZUTAN
45	 45018	BARCIENCE
45	 45019	BARGAS
45	 45020	BELVIS DE LA JARA
45	 45021	BOROX
45	 45022	BUENAVENTURA
45	 45023	BURGUILLOS DE TOLEDO
45	 45024	BURUJON
45	 45025	CABAÑAS DE LA SAGRA
45	 45026	CABAÑAS DE YEPES
45	 45027	CABEZAMESADA
45	 45028	CALERA Y CHOZAS
45	 45029	CALERUELA
45	 45030	CALZADA DE OROPESA
45	 45031	CAMARENA
45	 45032	CAMARENILLA
45	 45034	CAMUÑAS
45	 45035	CARDIEL DE LOS MONTES
45	 45036	CARMENA
45	 45038	CARRANQUE
45	 45039	CARRICHES
45	 45041	CASARRUBIOS DEL MONTE
45	 45042	CASASBUENAS
45	 45043	CASTILLO DE BAYUELA
45	 45045	CAZALEGAS
45	 45046	CEBOLLA
45	 45047	CEDILLO DEL CONDADO
45	 45049	CERVERA DE LOS MONTES
45	 45056	CHOZAS DE CANALES
45	 45057	CHUECA
45	 45050	CIRUELOS
45	 45051	COBEJA
45	 45052	COBISA
45	 45053	CONSUEGRA
45	 45054	CORRAL DE ALMAGUER
45	 45055	CUERVA
45	 45058	DOMINGO PEREZ
45	 45059	DOSBARRIOS
45	 45033	EL CAMPILLO DE LA JARA
45	 45037	EL CARPIO DE TAJO
45	 45040	EL CASAR DE ESCALONA
45	 45139	EL PUENTE DEL ARZOBISPO
45	 45145	EL REAL DE SAN VICENTE
45	 45150	EL ROMERAL
45	 45168	EL TOBOSO
45	 45200	EL VISO DE SAN JUAN
45	 45060	ERUSTES
45	 45061	ESCALONA
45	 45062	ESCALONILLA
45	 45063	ESPINOSO DEL REY
45	 45064	ESQUIVIAS
45	 45066	FUENSALIDA
45	 45067	GALVEZ
45	 45069	GARCIOTUM
45	 45070	GERINDOTE
45	 45071	GUADAMUR
45	 45074	HERRERUELA DE OROPESA
45	 45075	HINOJOSA DE SAN VICENTE
45	 45076	HONTANAR
45	 45077	HORMIGOS
45	 45078	HUECAS
45	 45079	HUERTA DE VALDECARABANOS
45	 45081	ILLAN DE VACAS
45	 45082	ILLESCAS
45	 45065	LA ESTRELLA
45	 45072	LA GUARDIA
45	 45080	LA IGLESUELA DEL TIETAR
45	 45096	LA MATA
45	 45109	LA NAVA DE RICOMALILLO
45	 45136	LA PUEBLA DE ALMORADIEL
45	 45137	LA PUEBLA DE MONTALBAN
45	 45138	LA PUEBLANUEVA
45	 45172	LA TORRE DE ESTEBAN HAMBRAN
45	 45187	LA VILLA DE DON FADRIQUE
45	 45083	LAGARTERA
45	 45073	LAS HERENCIAS
45	 45183	LAS VENTAS CON PEÑA AGUILERA
45	 45184	LAS VENTAS DE RETAMOSA
45	 45185	LAS VENTAS DE SAN JULIAN
45	 45084	LAYOS
45	 45085	LILLO
45	 45086	LOMINCHAR
45	 45048	LOS CERRALBOS
45	 45113	LOS NAVALMORALES
45	 45114	LOS NAVALUCILLOS
45	 45201	LOS YEBENES
45	 45087	LUCILLOS
45	 45088	MADRIDEJOS
45	 45089	MAGAN
45	 45090	MALPICA DE TAJO
45	 45091	MANZANEQUE
45	 45092	MAQUEDA
45	 45093	MARJALIZA
45	 45094	MARRUPE
45	 45095	MASCARAQUE
45	 45097	MAZARAMBROZ
45	 45098	MEJORADA
45	 45099	MENASALBAS
45	 45100	MENTRIDA
45	 45101	MESEGAR DE TAJO
45	 45102	MIGUEL ESTEBAN
45	 45103	MOCEJON
45	 45104	MOHEDAS DE LA JARA
45	 45105	MONTEARAGON
45	 45106	MONTESCLAROS
45	 45107	MORA
45	 45108	NAMBROCA
45	 45110	NAVAHERMOSA
45	 45111	NAVALCAN
45	 45112	NAVALMORALEJO
45	 45115	NAVAMORCUENDE
45	 45116	NOBLEJAS
45	 45117	NOEZ
45	 45118	NOMBELA
45	 45119	NOVES
45	 45120	NUMANCIA DE LA SAGRA
45	 45121	NUÑO GOMEZ
45	 45122	OCAÑA
45	 45123	OLIAS DEL REY
45	 45124	ONTIGOLA
45	 45125	ORGAZ
45	 45126	OROPESA
45	 45127	OTERO
45	 45128	PALOMEQUE
45	 45129	PANTOJA
45	 45130	PAREDES DE ESCALONA
45	 45131	PARRILLAS
45	 45132	PELAHUSTAN
45	 45133	PEPINO
45	 45134	POLAN
45	 45135	PORTILLO DE TOLEDO
45	 45140	PUERTO DE SAN VICENTE
45	 45141	PULGAR
45	 45142	QUERO
45	 45143	QUINTANAR DE LA ORDEN
45	 45144	QUISMONDO
45	 45146	RECAS
45	 45147	RETAMOSO DE LA JARA
45	 45148	RIELVES
45	 45149	ROBLEDO DEL MAZO
45	 45151	SAN BARTOLOME DE LAS ABIERTAS
45	 45152	SAN MARTIN DE MONTALBAN
45	 45153	SAN MARTIN DE PUSA
45	 45154	SAN PABLO DE LOS MONTES
45	 45155	SAN ROMAN DE LOS MONTES
45	 45156	SANTA ANA DE PUSA
45	 45157	SANTA CRUZ DE LA ZARZA
45	 45158	SANTA CRUZ DEL RETAMAR
45	 45159	SANTA OLALLA
45	 45179	SANTO DOMINGO CAUDILLA
45	 45160	SARTAJADA
45	 45161	SEGURILLA
45	 45162	SESEÑA
45	 45163	SEVILLEJA DE LA JARA
45	 45164	SONSECA
45	 45165	SOTILLO DE LAS PALOMAS
45	 45166	TALAVERA DE LA REINA
45	 45167	TEMBLEQUE
45	 45900	TOLEDO
45	 45170	TORRALBA DE OROPESA
45	 45171	TORRECILLA DE LA JARA
45	 45173	TORRICO
45	 45174	TORRIJOS
45	 45175	TOTANES
45	 45176	TURLEQUE
45	 45177	UGENA
45	 45178	URDA
45	 45180	VALDEVERDEJA
45	 45181	VALMOJADO
45	 45182	VELADA
45	 45186	VILLACAÑAS
45	 45188	VILLAFRANCA DE LOS CABALLEROS
45	 45189	VILLALUENGA DE LA SAGRA
45	 45190	VILLAMIEL DE TOLEDO
45	 45191	VILLAMINAYA
45	 45192	VILLAMUELAS
45	 45193	VILLANUEVA DE ALCARDETE
45	 45194	VILLANUEVA DE BOGAS
45	 45195	VILLAREJO DE MONTALBAN
45	 45196	VILLARRUBIA DE SANTIAGO
45	 45197	VILLASECA DE LA SAGRA
45	 45198	VILLASEQUILLA
45	 45199	VILLATOBAS
45	 45202	YELES
45	 45203	YEPES
45	 45204	YUNCLER
45	 45205	YUNCLILLOS
45	 45206	YUNCOS
46	 46001	ADEMUZ
46	 46002	ADOR
46	 46004	AGULLENT
46	 46042	AIELO DE MALFERIT
46	 46043	AIELO DE RUGAT
46	 46005	ALAQUAS
46	 46006	ALBAIDA
46	 46007	ALBAL
46	 46008	ALBALAT DE LA RIBERA
46	 46009	ALBALAT DELS SORELLS
46	 46010	ALBALAT DELS TARONGERS
46	 46011	ALBERIC
46	 46012	ALBORACHE
46	 46013	ALBORAIA ALBORAYA
46	 46014	ALBUIXECH
46	 46016	ALCANTERA DE XUQUER
46	 46015	ALCASSER
46	 46018	ALCUBLAS
46	 46021	ALDAIA
46	 46022	ALFAFAR
46	 46024	ALFARA DE LA BARONIA
46	 46025	ALFARA DEL PATRIARCA
46	 46026	ALFARB
46	 46027	ALFARRASI
46	 46023	ALFAUIR
46	 46028	ALGAR DE PALANCIA
46	 46029	ALGEMESI
46	 46030	ALGIMIA D ALFARA
46	 46031	ALGINET
46	 46032	ALMASSERA
46	 46033	ALMISERA
46	 46034	ALMOINES
46	 46035	ALMUSSAFES
46	 46036	ALPUENTE
46	 46017	ALZIRA
46	 46038	ANDILLA
46	 46039	ANNA
46	 46040	ANTELLA
46	 46041	ARAS DE LOS OLMOS
46	 46003	ATZENETA D ALBAIDA
46	 46044	AYORA
46	 46046	BARX
46	 46045	BARXETA
46	 46047	BELGIDA
46	 46048	BELLREGUARD
46	 46049	BELLUS
46	 46050	BENAGEBER
46	 46051	BENAGUASIL
46	 46052	BENAVITES
46	 46053	BENEIXIDA
46	 46054	BENETUSSER
46	 46055	BENIARJO
46	 46056	BENIATJAR
46	 46057	BENICOLET
46	 46268	BENICULL DE XUQUER
46	 46060	BENIFAIO
46	 46059	BENIFAIRO DE LA VALLDIGNA
46	 46058	BENIFAIRO DE LES VALLS
46	 46061	BENIFLA
46	 46062	BENIGANIM
46	 46063	BENIMODO
46	 46064	BENIMUSLEM
46	 46066	BENIPARRELL
46	 46068	BENIRREDRA
46	 46069	BENISSANO
46	 46070	BENISSODA
46	 46071	BENISSUERA
46	 46072	BETERA
46	 46073	BICORP
46	 46074	BOCAIRENT
46	 46075	BOLBAITE
46	 46076	BONREPOS I MIRAMBELL
46	 46077	BUFALI
46	 46078	BUGARRA
46	 46079	BUÑOL
46	 46080	BURJASSOT
46	 46081	CALLES
46	 46082	CAMPORROBLES
46	 46083	CANALS
46	 46084	CANET D EN BERENGUER
46	 46085	CARCAIXENT
46	 46086	CARCER
46	 46087	CARLET
46	 46088	CARRICOLA
46	 46089	CASAS ALTAS
46	 46090	CASAS BAJAS
46	 46091	CASINOS
46	 46259	CASTELLO
46	 46092	CASTELLO DE RUGAT
46	 46093	CASTELLONET DE LA CONQUESTA
46	 46094	CASTIELFABIB
46	 46095	CATADAU
46	 46096	CATARROJA
46	 46097	CAUDETE DE LAS FUENTES
46	 46098	CERDA
46	 46109	CHELLA
46	 46108	CHELVA
46	 46110	CHERA
46	 46111	CHESTE
46	 46113	CHIVA
46	 46114	CHULILLA
46	 46099	COFRENTES
46	 46100	CORBERA
46	 46101	CORTES DE PALLAS
46	 46102	COTES
46	 46107	CULLERA
46	 46115	DAIMUS
46	 46116	DOMEÑO
46	 46117	DOS AGUAS
46	 46134	EL GENOVES
46	 46191	EL PALOMAR
46	 46206	EL PUIG DE SANTA MARIA
46	 46213	EL REAL DE GANDIA
46	 46119	EMPERADOR
46	 46120	ENGUERA
46	 46122	ESTIVELLA
46	 46123	ESTUBENY
46	 46124	FAURA
46	 46125	FAVARA
46	 46128	FOIOS
46	 46126	FONTANARS DELS ALFORINS
46	 46127	FORTALENY
46	 46131	FUENTERROBLES
46	 46133	GANDIA
46	 46266	GATOVA
46	 46132	GAVARDA
46	 46135	GESTALGAR
46	 46136	GILET
46	 46137	GODELLA
46	 46138	GODELLETA
46	 46140	GUADASSEQUIES
46	 46141	GUADASSUAR
46	 46142	GUARDAMAR DE LA SAFOR
46	 46143	HIGUERUELAS
46	 46144	JALANCE
46	 46146	JARAFUEL
46	 46130	LA FONT DE LA FIGUERA
46	 46129	LA FONT D EN CARROS
46	 46139	LA GRANJA DE LA COSTERA
46	 46159	LA LLOSA DE RANES
46	 46201	LA POBLA DE FARNALS
46	 46204	LA POBLA DE VALLBONA
46	 46202	LA POBLA DEL DUC
46	 46205	LA POBLA LLARGA
46	 46264	LA YESA
46	 46019	L ALCUDIA
46	 46020	L ALCUDIA DE CRESPINS
46	 46037	L ALQUERIA DE LA COMTESSA
46	 46118	L ELIANA
46	 46121	L ENOVA
46	 46156	LLANERA DE RANES
46	 46157	LLAURI
46	 46149	LLIRIA
46	 46154	LLOCNOU DE LA CORONA
46	 46155	LLOCNOU DE SANT JERONI
46	 46153	LLOCNOU D EN FENOLLET
46	 46158	LLOMBAI
46	 46152	LLUTXENT
46	 46185	L OLLERIA
46	 46150	LORIGUILLA
46	 46151	LOSA DEL OBISPO
46	 46160	MACASTRE
46	 46161	MANISES
46	 46162	MANUEL
46	 46163	MARINES
46	 46164	MASSALAVES
46	 46165	MASSALFASSAR
46	 46166	MASSAMAGRELL
46	 46167	MASSANASSA
46	 46168	MELIANA
46	 46169	MILLARES
46	 46170	MIRAMAR
46	 46171	MISLATA
46	 46172	MOIXENT   MOGENTE
46	 46175	MONTAVERNER
46	 46173	MONTCADA MONCADA
46	 46176	MONTESA
46	 46177	MONTITXELVO MONTICHELVO
46	 46178	MONTROI MONTROY
46	 46174	MONTSERRAT
46	 46179	MUSEROS
46	 46180	NAQUERA
46	 46181	NAVARRES
46	 46182	NOVELE   NOVETLE
46	 46183	OLIVA
46	 46184	OLOCAU
46	 46186	ONTINYENT
46	 46187	OTOS
46	 46188	PAIPORTA
46	 46189	PALMA DE GANDIA
46	 46190	PALMERA
46	 46192	PATERNA
46	 46193	PEDRALBA
46	 46194	PETRES
46	 46195	PICANYA
46	 46196	PICASSENT
46	 46197	PILES
46	 46198	PINET
46	 46199	POLINYA DE XUQUER
46	 46200	POTRIES
46	 46207	PU OL
46	 46203	PUEBLA DE SAN MIGUEL
46	 46103	QUART DE LES VALLS
46	 46104	QUART DE POBLET
46	 46105	QUARTELL
46	 46106	QUATRETONDA
46	 46208	QUESA
46	 46209	RAFELBUNYOL
46	 46210	RAFELCOFER
46	 46211	RAFELGUARAF
46	 46212	RAFOL DE SALEM
46	 46214	REAL
46	 46215	REQUENA
46	 46216	RIBA ROJA DE TURIA
46	 46217	RIOLA
46	 46218	ROCAFORT
46	 46219	ROTGLA I CORBERA
46	 46220	ROTOVA
46	 46221	RUGAT
46	 46222	SAGUNTO   SAGUNT
46	 46223	SALEM
46	 46267	SAN ANTONIO DE BENAGEBER
46	 46224	SANT JOANET
46	 46225	SEDAVI
46	 46226	SEGART
46	 46227	SELLENT
46	 46228	SEMPERE
46	 46229	SENYERA
46	 46230	SERRA
46	 46231	SIETE AGUAS
46	 46232	SILLA
46	 46233	SIMAT DE LA VALLDIGNA
46	 46234	SINARCAS
46	 46235	SOLLANA
46	 46236	SOT DE CHERA
46	 46237	SUECA
46	 46238	SUMACARCER
46	 46239	TAVERNES BLANQUES
46	 46240	TAVERNES DE LA VALLDIGNA
46	 46241	TERESA DE COFRENTES
46	 46242	TERRATEIG
46	 46243	TITAGUAS
46	 46244	TORREBAJA
46	 46245	TORRELLA
46	 46246	TORRENT
46	 46247	TORRES TORRES
46	 46248	TOUS
46	 46249	TUEJAR
46	 46250	TURIS
46	 46251	UTIEL
46	 46900	VALENCIA
46	 46253	VALLADA
46	 46254	VALLANCA
46	 46255	VALLES
46	 46256	VENTA DEL MORO
46	 46257	VILALLONGA VILLALONGA
46	 46258	VILAMARXANT
46	 46260	VILLAR DEL ARZOBISPO
46	 46261	VILLARGORDO DEL CABRIEL
46	 46262	VINALESA
46	 46147	XATIVA
46	 46145	XERACO
46	 46148	XERESA
46	 46112	XIRIVELLA
46	 46263	YATOVA
46	 46265	ZARRA
47	 47001	ADALIA
47	 47002	AGUASAL
47	 47003	AGUILAR DE CAMPOS
47	 47004	ALAEJOS
47	 47005	ALCAZAREN
47	 47006	ALDEA DE SAN MIGUEL
47	 47007	ALDEAMAYOR DE SAN MARTIN
47	 47009	ALMENARA DE ADAJA
47	 47010	AMUSQUILLO
47	 47011	ARROYO DE LA ENCOMIENDA
47	 47012	ATAQUINES
47	 47013	BAHABON
47	 47014	BARCIAL DE LA LOMA
47	 47015	BARRUELO DEL VALLE
47	 47016	BECILLA DE VALDERADUEY
47	 47017	BENAFARCES
47	 47018	BERCERO
47	 47019	BERCERUELO
47	 47020	BERRUECES
47	 47021	BOBADILLA DEL CAMPO
47	 47022	BOCIGAS
47	 47023	BOCOS DE DUERO
47	 47024	BOECILLO
47	 47025	BOLAÑOS DE CAMPOS
47	 47026	BRAHOJOS DE MEDINA
47	 47027	BUSTILLO DE CHAVES
47	 47028	CABEZON DE PISUERGA
47	 47029	CABEZON DE VALDERADUEY
47	 47030	CABREROS DEL MONTE
47	 47031	CAMPASPERO
47	 47033	CAMPORREDONDO
47	 47034	CANALEJAS DE PEÑAFIEL
47	 47035	CANILLAS DE ESGUEVA
47	 47036	CARPIO
47	 47037	CASASOLA DE ARION
47	 47038	CASTREJON DE TRABANCOS
47	 47039	CASTRILLO DE DUERO
47	 47040	CASTRILLO TEJERIEGO
47	 47041	CASTROBOL
47	 47042	CASTRODEZA
47	 47043	CASTROMEMBIBRE
47	 47044	CASTROMONTE
47	 47045	CASTRONUEVO DE ESGUEVA
47	 47046	CASTRONUÑO
47	 47047	CASTROPONCE
47	 47048	CASTROVERDE DE CERRATO
47	 47049	CEINOS DE CAMPOS
47	 47050	CERVILLEGO DE LA CRUZ
47	 47051	CIGALES
47	 47052	CIGUÑUELA
47	 47053	CISTERNIGA
47	 47054	COGECES DE ISCAR
47	 47055	COGECES DEL MONTE
47	 47056	CORCOS
47	 47057	CORRALES DE DUERO
47	 47058	CUBILLAS DE SANTA MARTA
47	 47059	CUENCA DE CAMPOS
47	 47060	CURIEL DE DUERO
47	 47032	EL CAMPILLO
47	 47061	ENCINAS DE ESGUEVA
47	 47062	ESGUEVILLAS DE ESGUEVA
47	 47063	FOMBELLIDA
47	 47064	FOMPEDRAZA
47	 47065	FONTIHOYUELO
47	 47066	FRESNO EL VIEJO
47	 47067	FUENSALDAÑA
47	 47068	FUENTE EL SOL
47	 47069	FUENTE OLMEDO
47	 47070	GALLEGOS DE HORNIJA
47	 47071	GATON DE CAMPOS
47	 47072	GERIA
47	 47074	HERRIN DE CAMPOS
47	 47075	HORNILLOS DE ERESMA
47	 47076	ISCAR
47	 47100	LA MUDARRA
47	 47111	LA PARRILLA
47	 47112	LA PEDRAJA DE PORTILLO
47	 47159	LA SECA
47	 47177	LA UNION DE CAMPOS
47	 47233	LA ZARZA
47	 47077	LAGUNA DE DUERO
47	 47078	LANGAYO
47	 47080	LLANO DE OLMEDO
47	 47079	LOMOVIEJO
47	 47081	MANZANILLO
47	 47082	MARZALES
47	 47083	MATAPOZUELOS
47	 47084	MATILLA DE LOS CAÑOS
47	 47085	MAYORGA
47	 47087	MEDINA DE RIOSECO
47	 47086	MEDINA DEL CAMPO
47	 47088	MEGECES
47	 47089	MELGAR DE ABAJO
47	 47090	MELGAR DE ARRIBA
47	 47091	MOJADOS
47	 47092	MONASTERIO DE VEGA
47	 47093	MONTEALEGRE DE CAMPOS
47	 47094	MONTEMAYOR DE PILILLA
47	 47095	MORAL DE LA REINA
47	 47096	MORALEJA DE LAS PANADERAS
47	 47097	MORALES DE CAMPOS
47	 47098	MOTA DEL MARQUES
47	 47099	MUCIENTES
47	 47101	MURIEL
47	 47102	NAVA DEL REY
47	 47103	NUEVA VILLA DE LAS TORRES
47	 47104	OLIVARES DE DUERO
47	 47105	OLMEDO
47	 47106	OLMOS DE ESGUEVA
47	 47107	OLMOS DE PEÑAFIEL
47	 47110	PALAZUELO DE VEDIJA
47	 47113	PEDRAJAS DE SAN ESTEBAN
47	 47114	PEDROSA DEL REY
47	 47115	PEÑAFIEL
47	 47116	PEÑAFLOR DE HORNIJA
47	 47117	PESQUERA DE DUERO
47	 47118	PIÑA DE ESGUEVA
47	 47119	PIÑEL DE ABAJO
47	 47120	PIÑEL DE ARRIBA
47	 47122	POLLOS
47	 47123	PORTILLO
47	 47124	POZAL DE GALLINAS
47	 47125	POZALDEZ
47	 47126	POZUELO DE LA ORDEN
47	 47127	PURAS
47	 47128	QUINTANILLA DE ARRIBA
47	 47130	QUINTANILLA DE ONESIMO
47	 47131	QUINTANILLA DE TRIGUEROS
47	 47129	QUINTANILLA DEL MOLAR
47	 47132	RABANO
47	 47133	RAMIRO
47	 47134	RENEDO DE ESGUEVA
47	 47135	ROALES DE CAMPOS
47	 47136	ROBLADILLO
47	 47138	ROTURAS
47	 47139	RUBI DE BRACAMONTE
47	 47140	RUEDA
47	 47141	SAELICES DE MAYORGA
47	 47142	SALVADOR DE ZAPARDIEL
47	 47143	SAN CEBRIAN DE MAZOTE
47	 47144	SAN LLORENTE
47	 47145	SAN MARTIN DE VALVENI
47	 47146	SAN MIGUEL DEL ARROYO
47	 47147	SAN MIGUEL DEL PINO
47	 47148	SAN PABLO DE LA MORALEJA
47	 47149	SAN PEDRO DE LATARCE
47	 47150	SAN PELAYO
47	 47151	SAN ROMAN DE HORNIJA
47	 47152	SAN SALVADOR
47	 47157	SAN VICENTE DEL PALACIO
47	 47153	SANTA EUFEMIA DEL ARROYO
47	 47154	SANTERVAS DE CAMPOS
47	 47155	SANTIBAÑEZ DE VALCORBA
47	 47156	SANTOVENIA DE PISUERGA
47	 47158	SARDON DE DUERO
47	 47160	SERRADA
47	 47161	SIETE IGLESIAS DE TRABANCOS
47	 47162	SIMANCAS
47	 47163	TAMARIZ DE CAMPOS
47	 47164	TIEDRA
47	 47165	TORDEHUMOS
47	 47166	TORDESILLAS
47	 47170	TORRE DE ESGUEVA
47	 47171	TORRE DE PEÑAFIEL
47	 47167	TORRECILLA DE LA ABADESA
47	 47168	TORRECILLA DE LA ORDEN
47	 47169	TORRECILLA DE LA TORRE
47	 47172	TORRELOBATON
47	 47173	TORRESCARCELA
47	 47174	TRASPINEDO
47	 47175	TRIGUEROS DEL VALLE
47	 47176	TUDELA DE DUERO
47	 47178	URONES DE CASTROPONCE
47	 47179	URUEÑA
47	 47180	VALBUENA DE DUERO
47	 47181	VALDEARCOS DE LA VEGA
47	 47182	VALDENEBRO DE LOS VALLES
47	 47183	VALDESTILLAS
47	 47184	VALDUNQUILLO
47	 47900	VALLADOLID
47	 47185	VALORIA LA BUENA
47	 47186	VALVERDE DE CAMPOS
47	 47188	VEGA DE RUIPONCE
47	 47189	VEGA DE VALDETRONCO
47	 47190	VELASCALVARO
47	 47191	VELILLA
47	 47192	VELLIZA
47	 47193	VENTOSA DE LA CUESTA
47	 47194	VIANA DE CEGA
47	 47196	VILLABAÑEZ
47	 47197	VILLABARUZ DE CAMPOS
47	 47198	VILLABRAGIMA
47	 47199	VILLACARRALON
47	 47200	VILLACID DE CAMPOS
47	 47201	VILLACO
47	 47204	VILLAFRADES DE CAMPOS
47	 47205	VILLAFRANCA DE DUERO
47	 47206	VILLAFRECHOS
47	 47207	VILLAFUERTE
47	 47208	VILLAGARCIA DE CAMPOS
47	 47209	VILLAGOMEZ LA NUEVA
47	 47210	VILLALAN DE CAMPOS
47	 47211	VILLALAR DE LOS COMUNEROS
47	 47212	VILLALBA DE LA LOMA
47	 47213	VILLALBA DE LOS ALCORES
47	 47214	VILLALBARBA
47	 47215	VILLALON DE CAMPOS
47	 47216	VILLAMURIEL DE CAMPOS
47	 47217	VILLAN DE TORDESILLAS
47	 47218	VILLANUBLA
47	 47219	VILLANUEVA DE DUERO
47	 47220	VILLANUEVA DE LA CONDESA
47	 47221	VILLANUEVA DE LOS CABALLEROS
47	 47222	VILLANUEVA DE LOS INFANTES
47	 47223	VILLANUEVA DE SAN MANCIO
47	 47224	VILLARDEFRADES
47	 47225	VILLARMENTERO DE ESGUEVA
47	 47226	VILLASEXMIR
47	 47227	VILLAVAQUERIN
47	 47228	VILLAVELLID
47	 47229	VILLAVERDE DE MEDINA
47	 47230	VILLAVICENCIO DE LOS CABALLERO
47	 47195	VILORIA
47	 47231	WAMBA
47	 47232	ZARATAN
49	 49002	ABEZAMES
49	 49003	ALCAÑICES
49	 49004	ALCUBILLA DE NOGALES
49	 49005	ALFARAZ DE SAYAGO
49	 49006	ALGODRE
49	 49007	ALMARAZ DE DUERO
49	 49008	ALMEIDA DE SAYAGO
49	 49009	ANDAVIAS
49	 49010	ARCENILLAS
49	 49011	ARCOS DE LA POLVOROSA
49	 49012	ARGAÑIN
49	 49013	ARGUJILLO
49	 49015	ARQUILLINOS
49	 49016	ARRABALDE
49	 49017	ASPARIEGOS
49	 49018	ASTURIANOS
49	 49019	AYOO DE VIDRIALES
49	 49021	BARCIAL DEL BARCO
49	 49022	BELVER DE LOS MONTES
49	 49023	BENAVENTE
49	 49024	BENEGILES
49	 49026	BERMILLO DE SAYAGO
49	 49029	BRETO
49	 49030	BRETOCINO
49	 49031	BRIME DE SOG
49	 49032	BRIME DE URZ
49	 49033	BURGANES DE VALVERDE
49	 49034	BUSTILLO DEL ORO
49	 49035	CABAÑAS DE SAYAGO
49	 49036	CALZADILLA DE TERA
49	 49037	CAMARZANA DE TERA
49	 49038	CAÑIZAL
49	 49039	CAÑIZO
49	 49040	CARBAJALES DE ALBA
49	 49041	CARBELLINO
49	 49043	CASASECA DE CAMPEAN
49	 49044	CASASECA DE LAS CHANAS
49	 49045	CASTRILLO DE LA GUAREÑA
49	 49046	CASTROGONZALO
49	 49047	CASTRONUEVO
49	 49048	CASTROVERDE DE CAMPOS
49	 49049	CAZURRA
49	 49051	CERECINOS DE CAMPOS
49	 49052	CERECINOS DEL CARRIZAL
49	 49054	CERNADILLA
49	 49057	COBREROS
49	 49060	COOMONTE
49	 49061	CORESES
49	 49062	CORRALES DEL VINO
49	 49063	COTANES DEL MONTE
49	 49064	CUBILLOS
49	 49065	CUBO DE BENAVENTE
49	 49067	CUELGAMURES
49	 49066	EL CUBO DE TIERRA DEL VINO
49	 49115	EL MADERAL
49	 49161	EL PEGO
49	 49167	EL PERDIGON
49	 49174	EL PIÑERO
49	 49070	ENTRALA
49	 49072	ESPADAÑEDO
49	 49074	FARAMONTANOS DE TABARA
49	 49075	FARIZA
49	 49076	FERMOSELLE
49	 49077	FERRERAS DE ABAJO
49	 49078	FERRERAS DE ARRIBA
49	 49079	FERRERUELA
49	 49081	FIGUERUELA DE ARRIBA
49	 49083	FONFRIA
49	 49087	FRESNO DE LA POLVOROSA
49	 49088	FRESNO DE LA RIBERA
49	 49089	FRESNO DE SAYAGO
49	 49090	FRIERA DE VALVERDE
49	 49092	FUENTE ENCALADA
49	 49093	FUENTELAPEÑA
49	 49095	FUENTES DE ROPEL
49	 49094	FUENTESAUCO
49	 49096	FUENTESECAS
49	 49097	FUENTESPREADAS
49	 49098	GALENDE
49	 49099	GALLEGOS DEL PAN
49	 49100	GALLEGOS DEL RIO
49	 49101	GAMONES
49	 49103	GEMA
49	 49104	GRANJA DE MORERUELA
49	 49105	GRANUCILLO
49	 49106	GUARRATE
49	 49107	HERMISENDE
49	 49109	JAMBRINA
49	 49110	JUSTEL
49	 49027	LA BOVEDA DE TORO
49	 49108	LA HINIESTA
49	 49245	LA TORRE DEL VALLE
49	 49111	LOSACINO
49	 49112	LOSACIO
49	 49113	LUBIAN
49	 49114	LUELMO
49	 49116	MADRIDANOS
49	 49117	MAHIDE
49	 49118	MAIRE DE CASTROPONCE
49	 49120	MALVA
49	 49121	MANGANESES DE LA LAMPREANA
49	 49122	MANGANESES DE LA POLVOROSA
49	 49123	MANZANAL DE ARRIBA
49	 49125	MANZANAL DE LOS INFANTES
49	 49124	MANZANAL DEL BARCO
49	 49126	MATILLA DE ARZON
49	 49127	MATILLA LA SECA
49	 49128	MAYALDE
49	 49129	MELGAR DE TERA
49	 49130	MICERECES DE TERA
49	 49131	MILLES DE LA POLVOROSA
49	 49133	MOLACILLOS
49	 49134	MOLEZUELAS DE LA CARBALLEDA
49	 49135	MOMBUEY
49	 49136	MONFARRACINOS
49	 49137	MONTAMARTA
49	 49138	MORAL DE SAYAGO
49	 49140	MORALEJA DE SAYAGO
49	 49139	MORALEJA DEL VINO
49	 49142	MORALES DE REY
49	 49143	MORALES DE TORO
49	 49144	MORALES DE VALVERDE
49	 49141	MORALES DEL VINO
49	 49145	MORALINA
49	 49146	MORERUELA DE LOS INFANZONES
49	 49147	MORERUELA DE TABARA
49	 49148	MUELAS DE LOS CABALLEROS
49	 49149	MUELAS DEL PAN
49	 49150	MUGA DE SAYAGO
49	 49151	NAVIANOS DE VALVERDE
49	 49152	OLMILLOS DE CASTRO
49	 49153	OTERO DE BODAS
49	 49156	PAJARES DE LA LAMPREANA
49	 49158	PALACIOS DE SANABRIA
49	 49157	PALACIOS DEL PAN
49	 49160	PEDRALBA DE LA PRADERIA
49	 49162	PELEAGONZALO
49	 49163	PELEAS DE ABAJO
49	 49165	PEÑAUSENDE
49	 49166	PEQUE
49	 49168	PERERUELA
49	 49169	PERILLA DE CASTRO
49	 49170	PIAS
49	 49171	PIEDRAHITA DE CASTRO
49	 49172	PINILLA DE TORO
49	 49173	PINO DEL ORO
49	 49177	POBLADURA DE VALDERADUEY
49	 49176	POBLADURA DEL VALLE
49	 49179	PORTO
49	 49180	POZOANTIGUO
49	 49181	POZUELO DE TABARA
49	 49183	PRADO
49	 49184	PUEBLA DE SANABRIA
49	 49185	PUEBLICA DE VALVERDE
49	 49188	QUINTANILLA DE URZ
49	 49186	QUINTANILLA DEL MONTE
49	 49187	QUINTANILLA DEL OLMO
49	 49189	QUIRUELAS DE VIDRIALES
49	 49190	RABANALES
49	 49191	RABANO DE ALISTE
49	 49192	REQUEJO
49	 49193	REVELLINOS
49	 49196	RIOFRIO DE ALISTE
49	 49197	RIONEGRO DEL PUENTE
49	 49198	ROALES
49	 49199	ROBLEDA CERVANTES
49	 49200	ROELOS DE SAYAGO
49	 49201	ROSINOS DE LA REQUEJADA
49	 49203	SALCE
49	 49204	SAMIR DE LOS CAÑOS
49	 49205	SAN AGUSTIN DEL POZO
49	 49206	SAN CEBRIAN DE CASTRO
49	 49208	SAN CRISTOBAL DE ENTREVIÑAS
49	 49209	SAN ESTEBAN DEL MOLAR
49	 49210	SAN JUSTO
49	 49212	SAN MARTIN DE VALDERADUEY
49	 49213	SAN MIGUEL DE LA RIBERA
49	 49214	SAN MIGUEL DEL VALLE
49	 49215	SAN PEDRO DE CEQUE
49	 49216	SAN PEDRO DE LA NAVE ALMENDRA
49	 49231	SAN VICENTE DE LA CABEZA
49	 49232	SAN VITERO
49	 49220	SANTA CLARA DE AVEDILLO
49	 49222	SANTA COLOMBA DE LAS MONJAS
49	 49223	SANTA CRISTINA DE LA POLVOROSA
49	 49224	SANTA CROYA DE TERA
49	 49225	SANTA EUFEMIA DEL BARCO
49	 49226	SANTA MARIA DE LA VEGA
49	 49227	SANTA MARIA DE VALVERDE
49	 49228	SANTIBAÑEZ DE TERA
49	 49229	SANTIBAÑEZ DE VIDRIALES
49	 49230	SANTOVENIA
49	 49233	SANZOLES
49	 49237	TABARA
49	 49240	TAPIOLES
49	 49244	TORO
49	 49247	TORREGAMONES
49	 49248	TORRES DEL CARRIZAL
49	 49249	TRABAZOS
49	 49250	TREFACIO
49	 49253	UÑA DE QUINTANA
49	 49254	VADILLO DE LA GUAREÑA
49	 49255	VALCABADO
49	 49256	VALDEFINJAS
49	 49257	VALDESCORRIEL
49	 49259	VALLESA DE LA GUAREÑA
49	 49260	VEGA DE TERA
49	 49261	VEGA DE VILLALOBOS
49	 49262	VEGALATRAVE
49	 49263	VENIALBO
49	 49264	VEZDEMARBAN
49	 49265	VIDAYANES
49	 49266	VIDEMALA
49	 49267	VILLABRAZARO
49	 49268	VILLABUENA DEL PUENTE
49	 49269	VILLADEPERA
49	 49270	VILLAESCUSA
49	 49271	VILLAFAFILA
49	 49272	VILLAFERRUEÑA
49	 49273	VILLAGERIZ
49	 49274	VILLALAZAN
49	 49275	VILLALBA DE LA LAMPREANA
49	 49276	VILLALCAMPO
49	 49277	VILLALOBOS
49	 49278	VILLALONSO
49	 49279	VILLALPANDO
49	 49280	VILLALUBE
49	 49281	VILLAMAYOR DE CAMPOS
49	 49284	VILLAMOR DE LOS ESCUDEROS
49	 49285	VILLANAZAR
49	 49286	VILLANUEVA DE AZOAGUE
49	 49287	VILLANUEVA DE CAMPEAN
49	 49288	VILLANUEVA DE LAS PERAS
49	 49289	VILLANUEVA DEL CAMPO
49	 49292	VILLAR DE FALLAVES
49	 49293	VILLAR DEL BUEY
49	 49290	VILLARALBO
49	 49291	VILLARDECIERVOS
49	 49294	VILLARDIEGUA DE LA RIBERA
49	 49295	VILLARDIGA
49	 49296	VILLARDONDIEGO
49	 49297	VILLARRIN DE CAMPOS
49	 49298	VILLASECO DEL PAN
49	 49299	VILLAVENDIMIO
49	 49301	VILLAVEZA DE VALVERDE
49	 49300	VILLAVEZA DEL AGUA
49	 49302	VIÑAS
49	 49900	ZAMORA
50	 50001	ABANTO
50	 50002	ACERED
50	 50003	AGON
50	 50004	AGUARON
50	 50005	AGUILON
50	 50006	AINZON
50	 50007	ALADREN
50	 50008	ALAGON
50	 50009	ALARBA
50	 50010	ALBERITE DE SAN JUAN
50	 50011	ALBETA
50	 50012	ALBORGE
50	 50013	ALCALA DE EBRO
50	 50014	ALCALA DE MONCAYO
50	 50015	ALCONCHEL DE ARIZA
50	 50016	ALDEHUELA DE LIESTOS
50	 50017	ALFAJARIN
50	 50018	ALFAMEN
50	 50019	ALFORQUE
50	 50020	ALHAMA DE ARAGON
50	 50021	ALMOCHUEL
50	 50023	ALMONACID DE LA CUBA
50	 50024	ALMONACID DE LA SIERRA
50	 50026	ALPARTIR
50	 50027	AMBEL
50	 50028	ANENTO
50	 50029	ANIÑON
50	 50030	AÑON DE MONCAYO
50	 50031	ARANDA DE MONCAYO
50	 50032	ARANDIGA
50	 50033	ARDISA
50	 50034	ARIZA
50	 50035	ARTIEDA
50	 50036	ASIN
50	 50037	ATEA
50	 50038	ATECA
50	 50039	AZUARA
50	 50040	BADULES
50	 50041	BAGUES
50	 50042	BALCONCHAN
50	 50043	BARBOLES
50	 50044	BARDALLUR
50	 50045	BELCHITE
50	 50046	BELMONTE DE GRACIAN
50	 50047	BERDEJO
50	 50048	BERRUECO
50	 50049	BIEL
50	 50050	BIJUESCA
50	 50051	BIOTA
50	 50052	BISIMBRE
50	 50053	BOQUIÑENI
50	 50054	BORDALBA
50	 50055	BORJA
50	 50056	BOTORRITA
50	 50057	BREA DE ARAGON
50	 50058	BUBIERCA
50	 50059	BUJARALOZ
50	 50060	BULBUENTE
50	 50061	BURETA
50	 50064	CABAÑAS DE EBRO
50	 50065	CABOLAFUENTE
50	 50066	CADRETE
50	 50067	CALATAYUD
50	 50068	CALATORAO
50	 50069	CALCENA
50	 50070	CALMARZA
50	 50071	CAMPILLO DE ARAGON
50	 50072	CARENAS
50	 50073	CARIÑENA
50	 50074	CASPE
50	 50075	CASTEJON DE ALARBA
50	 50076	CASTEJON DE LAS ARMAS
50	 50077	CASTEJON DE VALDEJASA
50	 50078	CASTILISCAR
50	 50079	CERVERA DE LA CAÑADA
50	 50080	CERVERUELA
50	 50081	CETINA
50	 50092	CHIPRANA
50	 50093	CHODES
50	 50082	CIMBALLA
50	 50083	CINCO OLIVAS
50	 50084	CLARES DE RIBOTA
50	 50085	CODO
50	 50086	CODOS
50	 50087	CONTAMINA
50	 50088	COSUENDA
50	 50089	CUARTE DE HUERVA
50	 50090	CUBEL
50	 50094	DAROCA
50	 50095	EJEA DE LOS CABALLEROS
50	 50062	EL BURGO DE EBRO
50	 50063	EL BUSTE
50	 50110	EL FRAGO
50	 50111	EL FRASNO
50	 50096	EMBID DE ARIZA
50	 50098	ENCINACORBA
50	 50099	EPILA
50	 50100	ERLA
50	 50101	ESCATRON
50	 50103	FABARA
50	 50105	FARLETE
50	 50106	FAYON
50	 50108	FIGUERUELAS
50	 50109	FOMBUENA
50	 50112	FRESCANO
50	 50114	FUENDEJALON
50	 50115	FUENDETODOS
50	 50116	FUENTES DE EBRO
50	 50117	FUENTES DE JILOCA
50	 50118	GALLOCANTA
50	 50119	GALLUR
50	 50120	GELSA
50	 50121	GODOJOS
50	 50122	GOTOR
50	 50123	GRISEL
50	 50124	GRISEN
50	 50125	HERRERA DE LOS NAVARROS
50	 50126	IBDES
50	 50127	ILLUECA
50	 50129	ISUERRE
50	 50130	JARABA
50	 50131	JARQUE DE MONCAYO
50	 50132	JAULIN
50	 50022	LA ALMOLDA
50	 50025	LA ALMUNIA DE DOÑA GODINA
50	 50133	LA JOYOSA
50	 50183	LA MUELA
50	 50287	LA VILUEÑA
50	 50302	LA ZAIDA
50	 50134	LAGATA
50	 50135	LANGA DEL CASTILLO
50	 50091	LAS CUERLAS
50	 50206	LAS PEDROSAS
50	 50136	LAYANA
50	 50137	LECERA
50	 50139	LECHON
50	 50138	LECIÑENA
50	 50140	LETUX
50	 50141	LITAGO
50	 50142	LITUENIGO
50	 50143	LOBERA DE ONSELLA
50	 50144	LONGARES
50	 50145	LONGAS
50	 50107	LOS FAYOS
50	 50211	LOS PINTANOS
50	 50147	LUCENA DE JALON
50	 50148	LUCENI
50	 50149	LUESIA
50	 50150	LUESMA
50	 50151	LUMPIAQUE
50	 50152	LUNA
50	 50153	MAELLA
50	 50154	MAGALLON
50	 50155	MAINAR
50	 50156	MALANQUILLA
50	 50157	MALEJAN
50	 50161	MALLEN
50	 50158	MALON
50	 50160	MALUENDA
50	 50162	MANCHONES
50	 50163	MARA
50	 50164	MARIA DE HUERVA
50	 50305	MARRACOS
50	 50165	MEDIANA DE ARAGON
50	 50166	MEQUINENZA
50	 50167	MESONES DE ISUELA
50	 50168	MEZALOCHA
50	 50169	MIANOS
50	 50170	MIEDES DE ARAGON
50	 50171	MONEGRILLO
50	 50172	MONEVA
50	 50173	MONREAL DE ARIZA
50	 50174	MONTERDE
50	 50175	MONTON
50	 50176	MORATA DE JALON
50	 50177	MORATA DE JILOCA
50	 50178	MORES
50	 50179	MOROS
50	 50180	MOYUELA
50	 50181	MOZOTA
50	 50182	MUEL
50	 50184	MUNEBREGA
50	 50185	MURERO
50	 50186	MURILLO DE GALLEGO
50	 50187	NAVARDUN
50	 50188	NIGUELLA
50	 50189	NOMBREVILLA
50	 50190	NONASPE
50	 50191	NOVALLAS
50	 50192	NOVILLAS
50	 50193	NUEVALOS
50	 50194	NUEZ DE EBRO
50	 50195	OLVES
50	 50196	ORCAJO
50	 50197	ORERA
50	 50198	ORES
50	 50199	OSEJA
50	 50200	OSERA DE EBRO
50	 50201	PANIZA
50	 50202	PARACUELLOS DE JILOCA
50	 50203	PARACUELLOS DE LA RIBERA
50	 50204	PASTRIZ
50	 50205	PEDROLA
50	 50207	PERDIGUERA
50	 50208	PIEDRATAJADA
50	 50209	PINA DE EBRO
50	 50210	PINSEQUE
50	 50212	PLASENCIA DE JALON
50	 50213	PLEITAS
50	 50214	PLENAS
50	 50215	POMER
50	 50216	POZUEL DE ARIZA
50	 50217	POZUELO DE ARAGON
50	 50218	PRADILLA DE EBRO
50	 50219	PUEBLA DE ALBORTON
50	 50220	PUEBLA DE ALFINDEN  LA
50	 50221	PUENDELUNA
50	 50223	PURUJOSA
50	 50224	QUINTO
50	 50225	REMOLINOS
50	 50226	RETASCON
50	 50227	RICLA
50	 50229	ROMANOS
50	 50230	RUEDA DE JALON
50	 50231	RUESCA
50	 50244	SABIÑAN
50	 50233	SADABA
50	 50234	SALILLAS DE JALON
50	 50235	SALVATIERRA DE ESCA
50	 50236	SAMPER DEL SALZ
50	 50237	SAN MARTIN DE LA VIRGEN DE MON
50	 50238	SAN MATEO DE GALLEGO
50	 50239	SANTA CRUZ DE GRIO
50	 50240	SANTA CRUZ DE MONCAYO
50	 50241	SANTA EULALIA DE GALLEGO
50	 50242	SANTED
50	 50243	SASTAGO
50	 50245	SEDILES
50	 50246	SESTRICA
50	 50247	SIERRA DE LUNA
50	 50248	SIGUES
50	 50249	SISAMON
50	 50250	SOBRADIEL
50	 50251	SOS DEL REY CATOLICO
50	 50252	TABUENCA
50	 50253	TALAMANTES
50	 50254	TARAZONA
50	 50255	TAUSTE
50	 50256	TERRER
50	 50257	TIERGA
50	 50259	TOBED
50	 50260	TORRALBA DE LOS FRAILES
50	 50261	TORRALBA DE RIBOTA
50	 50262	TORRALBILLA
50	 50263	TORREHERMOSA
50	 50264	TORRELAPAJA
50	 50265	TORRELLAS
50	 50266	TORRES DE BERRELLEN
50	 50267	TORRIJO DE LA CAÑADA
50	 50268	TOSOS
50	 50269	TRASMOZ
50	 50270	TRASOBARES
50	 50271	UNCASTILLO
50	 50272	UNDUES DE LERDA
50	 50274	URREA DE JALON
50	 50275	URRIES
50	 50276	USED
50	 50277	UTEBO
50	 50279	VAL DE SAN MARTIN
50	 50278	VALDEHORNA
50	 50280	VALMADRID
50	 50281	VALPALMAS
50	 50282	VALTORRES
50	 50283	VELILLA DE EBRO
50	 50284	VELILLA DE JILOCA
50	 50285	VERA DE MONCAYO
50	 50286	VIERLAS
50	 50288	VILLADOZ
50	 50289	VILLAFELICHE
50	 50290	VILLAFRANCA DE EBRO
50	 50291	VILLALBA DE PEREJIL
50	 50292	VILLALENGUA
50	 50306	VILLAMAYOR DE GALLEGO
50	 50293	VILLANUEVA DE GALLEGO
50	 50295	VILLANUEVA DE HUERVA
50	 50294	VILLANUEVA DE JILOCA
50	 50296	VILLAR DE LOS NAVARROS
50	 50297	VILLARREAL DE HUERVA
50	 50298	VILLARROYA DE LA SIERRA
50	 50299	VILLARROYA DEL CAMPO
50	 50300	VISTABELLA
50	 50900	ZARAGOZA
50	 50304	ZUERA
51	 51016	CARTAGENA
51	 51021	FUENTE ALAMO DE MURCIA
51	 51041	LA UNION
52	 52014	CARREÑO
52	 52019	COLUNGA
52	 52024	GIJON
52	 52025	GOZON
52	 52076	VILLAVICIOSA
53	 53003	ALGAR
53	 53006	ARCOS DE LA FRONTERA
53	 53010	BORNOS
53	 53017	ESPERA
53	 53020	JEREZ DE LA FRONTERA
53	 53026	PRADO DEL REY
53	 53044	SAN JOSE DEL VALLE
53	 53041	VILLAMARTIN
54	 54003	BAIONA
54	 54021	GONDOMAR
54	 54035	NIGRAN
54	 54057	VIGO
55	 55101	CEUTA
56	 56101	MELILLA
