 02001	ABENGIBRE	Abengibre
 02002	ALATOZ	Alatoz
 02900	ALBACETE	Albacete
 02004	ALBATANA	Albatana
 02005	ALBOREA	Alborea
 02006	ALCADOZO	Alcadozo
 02007	ALCALA DEL JUCAR	Alcalá del Júcar
 02008	ALCARAZ	Alcaraz
 02009	ALMANSA	Almansa
 02010	ALPERA	Alpera
 02011	AYNA	Ayna
 02012	BALAZOTE	Balazote
 02013	BALSA DE VES	Balsa de Ves
 02015	BARRAX	Barrax
 02016	BIENSERVIDA	Bienservida
 02017	BOGARRA	Bogarra
 02018	BONETE	Bonete
 02020	CARCELEN	Carcelén
 02021	CASAS DE JUAN NUÑEZ	Casas de Juan Núñez
 02022	CASAS DE LAZARO	Casas de Lázaro
 02023	CASAS DE VES	Casas de Ves
 02024	CASAS IBAÑEZ	Casas-Ibáñez
 02025	CAUDETE	Caudete
 02026	CENIZATE	Cenizate
 02029	CHINCHILLA DE MONTE ARAGON	Chinchilla de Monte-Aragón
 02027	CORRAL RUBIO	Corral-Rubio
 02028	COTILLAS	Cotillas
 02014	EL BALLESTERO	El Ballestero
 02019	EL BONILLO	El Bonillo
 02030	ELCHE DE LA SIERRA	Elche de la Sierra
 02031	FEREZ	Férez
 02032	FUENSANTA	Fuensanta
 02033	FUENTE ALAMO	FUENTE ALAMO
 02034	FUENTEALBILLA	Fuentealbilla
 02036	GOLOSALVO	Golosalvo
 02037	HELLIN	Hellín
 02039	HIGUERUELA	Higueruela
 02040	HOYA GONZALO	Hoya-Gonzalo
 02041	JORQUERA	Jorquera
 02035	LA GINETA	La Gineta
 02038	LA HERRERA	La Herrera
 02066	LA RECUEJA	La Recueja
 02069	LA RODA	La Roda
 02042	LETUR	Letur
 02043	LEZUZA	Lezuza
 02044	LIETOR	Liétor
 02045	MADRIGUERAS	Madrigueras
 02046	MAHORA	Mahora
 02047	MASEGOSO	Masegoso
 02048	MINAYA	Minaya
 02049	MOLINICOS	Molinicos
 02050	MONTALVOS	Montalvos
 02051	MONTEALEGRE DEL CASTILLO	Montealegre del Castillo
 02052	MOTILLEJA	Motilleja
 02053	MUNERA	Munera
 02054	NAVAS DE JORQUERA	Navas de Jorquera
 02055	NERPIO	Nerpio
 02056	ONTUR	Ontur
 02057	OSSA DE MONTIEL	Ossa de Montiel
 02058	PATERNA DEL MADERA	Paterna del Madera
 02060	PEÑAS DE SAN PEDRO	Peñas de San Pedro
 02059	PEÑASCOSA	Peñascosa
 02061	PETROLA	Pétrola
 02062	POVEDILLA	Povedilla
 02087	POZO CAÑADA	Pozo Cañada
 02063	POZOHONDO	Pozohondo
 02064	POZO LORENTE	Pozo-Lorente
 02065	POZUELO	Pozuelo
 02067	RIOPAR	Riópar
 02068	ROBLEDO	Robledo
 02070	SALOBRE	Salobre
 02071	SAN PEDRO	San Pedro
 02072	SOCOVOS	Socovos
 02073	TARAZONA DE LA MANCHA	Tarazona de la Mancha
 02074	TOBARRA	Tobarra
 02075	VALDEGANGA	Valdeganga
 02076	VIANOS	Vianos
 02077	VILLA DE VES	Villa de Ves
 02078	VILLALGORDO DEL JUCAR	Villalgordo del Júcar
 02079	VILLAMALEA	Villamalea
 02080	VILLAPALACIOS	Villapalacios
 02081	VILLARROBLEDO	Villarrobledo
 02082	VILLATOYA	Villatoya
 02083	VILLAVALIENTE	Villavaliente
 02084	VILLAVERDE DE GUADALIMAR	Villaverde de Guadalimar
 02085	VIVEROS	Viveros
 02086	YESTE	Yeste
 03002	AGOST	Agost
 03003	AGRES	Agres
 03004	AIGUES	Aigües
 03005	ALBATERA	Albatera
 03006	ALCALALI	Alcalalí
 03007	ALCOCER DE PLANES	ALCOCER DE PLANES
 03008	ALCOLEJA	Alcoleja
 03009	ALCOY ALCOI	Alcoi/Alcoy
 03010	ALFAFARA	Alfafara
 03012	ALGORFA	Algorfa
 03013	ALGUEÑA	Algueña
 03900	ALICANTE ALACANT	Alacant/Alicante
 03015	ALMORADI	Almoradí
 03016	ALMUDAINA	Almudaina
 03018	ALTEA	Altea
 03019	ASPE	Aspe
 03020	BALONES	Balones
 03021	BANYERES DE MARIOLA	Banyeres de Mariola
 03022	BENASAU	Benasau
 03023	BENEIXAMA	Beneixama
 03024	BENEJUZAR	Benejúzar
 03025	BENFERRI	Benferri
 03026	BENIARBEIG	Beniarbeig
 03027	BENIARDA	Beniardà
 03028	BENIARRES	Beniarrés
 03030	BENIDOLEIG	Benidoleig
 03031	BENIDORM	Benidorm
 03032	BENIFALLIM	Benifallim
 03033	BENIFATO	Benifato
 03029	BENIGEMBLA	Benigembla
 03034	BENIJOFAR	Benijófar
 03035	BENILLOBA	Benilloba
 03036	BENILLUP	Benillup
 03037	BENIMANTELL	Benimantell
 03038	BENIMARFULL	Benimarfull
 03039	BENIMASSOT	Benimassot
 03040	BENIMELI	Benimeli
 03041	BENISSA	Benissa
 03042	BENITACHELL EL POBLE NOU DE BE	el Poble Nou de Benitatxell/Benitachell
 03043	BIAR	Biar
 03044	BIGASTRO	Bigastro
 03045	BOLULLA	Bolulla
 03046	BUSOT	Busot
 03049	CALLOSA DE SEGURA	Callosa de Segura
 03048	CALLOSA D EN SARRIA	Callosa d'en Sarrià
 03047	CALP	Calp
 03051	CAMPO DE MIRRA EL CAMP DE MIRR	el Camp de Mirra/Campo de Mirra
 03052	CAÑADA	Cañada
 03053	CASTALLA	Castalla
 03054	CASTELL DE CASTELLS	Castell de Castells
 03055	CATRAL	Catral
 03056	COCENTAINA	Cocentaina
 03057	CONFRIDES	Confrides
 03058	COX	Cox
 03059	CREVILLENT	Crevillent
 03061	DAYA NUEVA	Daya Nueva
 03062	DAYA VIEJA	Daya Vieja
 03063	DENIA	Dénia
 03064	DOLORES	Dolores
 03050	EL CAMPELLO	el Campello
 03075	EL CASTELL DE GUADALEST	el Castell de Guadalest
 03077	EL FONDO DE LES NEUS HONDON DE	el Fondó de les Neus/Hondón de las Nieves
 03105	EL PINOS   PINOSO	el Pinós/Pinoso
 03110	EL RAFOL D ALMUNIA	el Ràfol d'Almúnia
 03138	EL VERGER	el Verger
 03065	ELCHE ELX	Elx/Elche
 03066	ELDA	Elda
 03126	ELS POBLETS	els Poblets
 03067	FACHECA	Fageca
 03068	FAMORCA	Famorca
 03069	FINESTRAT	Finestrat
 03070	FORMENTERA DEL SEGURA	Formentera del Segura
 03072	GAIANES	Gaianes
 03071	GATA DE GORGOS	Gata de Gorgos
 03073	GORGA	Gorga
 03074	GRANJA DE ROCAMORA	Granja de Rocamora
 03076	GUARDAMAR DEL SEGURA	Guardamar del Segura
 03078	HONDON DE LOS FRAILES	Hondón de los Frailes
 03079	IBI	Ibi
 03080	JACARILLA	Jacarilla
 03082	JAVEA XABIA	Xàbia/Jávea
 03083	JIJONA XIXONA	Xixona/Jijona
 03094	LA NUCIA	la Nucia
 03114	LA ROMANA	la Romana
 03134	LA VALL D  ALCALA	la Vall d'Alcalà
 03135	LA VALL D  EBO	la Vall d'Ebo
 03137	LA VALL DE LAGUAR	la Vall de Laguar
 03011	L ALFAS DEL PI	l'Alfàs del Pi
 03017	L ALQUERIA D ASNAR	l'Alqueria d'Asnar
 03001	L ATZUBIA	l'Atzúbia
 03085	LLIBER	Llíber
 03084	LORCHA L ORXA	l'Orxa/Lorcha
 03141	LOS MONTESINOS	Los Montesinos
 03086	MILLENA	Millena
 03088	MONFORTE DEL CID	Monforte del Cid
 03089	MONOVAR MONOVER	Monòver/Monóvar
 03091	MURLA	Murla
 03092	MURO DE ALCOY	Muro de Alcoy
 03090	MUTXAMEL	Mutxamel
 03093	NOVELDA	Novelda
 03095	ONDARA	Ondara
 03096	ONIL	Onil
 03097	ORBA	Orba
 03099	ORIHUELA	Orihuela
 03098	ORXETA	Orxeta
 03100	PARCENT	Parcent
 03101	PEDREGUER	Pedreguer
 03102	PEGO	Pego
 03103	PENAGUILA	Penàguila
 03104	PETRER	Petrer
 03142	PILAR DE LA HORADADA	Pilar de la Horadada
 03106	PLANES	Planes
 03107	POLOP	Polop
 03060	QUATRETONDETA	Quatretondeta
 03109	RAFAL	Rafal
 03111	REDOVAN	Redován
 03112	RELLEU	Relleu
 03113	ROJALES	Rojales
 03115	SAGRA	Sagra
 03116	SALINAS	Salinas
 03118	SAN FULGENCIO	San Fulgencio
 03143	SAN ISIDRO	San Isidro
 03120	SAN MIGUEL DE SALINAS	San Miguel de Salinas
 03122	SAN VICENTE DEL RASPEIG SANT V	Sant Vicent del Raspeig/San Vicente del Raspeig
 03117	SANET Y NEGRALS	Sanet y Negrals
 03119	SANT JOAN D ALACANT	Sant Joan d'Alacant
 03121	SANTA POLA	Santa Pola
 03123	SAX	Sax
 03124	SELLA	Sella
 03125	SENIJA	Senija
 03127	TARBENA	Tàrbena
 03128	TEULADA	Teulada
 03129	TIBI	Tibi
 03130	TOLLOS	Tollos
 03131	TORMOS	Tormos
 03132	TORREMANZANAS LA TORRE DE LES	la Torre de les Maçanes/Torremanzanas
 03133	TORREVIEJA	Torrevieja
 03136	VALL DE GALLINERA	la Vall de Gallinera
 03139	VILLAJOYOSA   LA VILA JOIOSA	la Vila Joiosa/Villajoyosa
 03140	VILLENA	Villena
 03081	XALO	Xaló
 04001	ABLA	Abla
 04002	ABRUCENA	Abrucena
 04003	ADRA	Adra
 04004	ALBANCHEZ	Albanchez
 04005	ALBOLODUY	Alboloduy
 04006	ALBOX	Albox
 04007	ALCOLEA	Alcolea
 04008	ALCONTAR	Alcóntar
 04009	ALCUDIA DE MONTEAGUD	Alcudia de Monteagud
 04010	ALHABIA	Alhabia
 04011	ALHAMA DE ALMERIA	Alhama de Almería
 04012	ALICUN	Alicún
 04900	ALMERIA	Almería
 04014	ALMOCITA	Almócita
 04015	ALSODUX	Alsodux
 04016	ANTAS	Antas
 04017	ARBOLEAS	Arboleas
 04018	ARMUÑA DE ALMANZORA	Armuña de Almanzora
 04019	BACARES	Bacares
 04106	BALANEGRA	Balanegra
 04020	BAYARCAL	Bayárcal
 04021	BAYARQUE	Bayarque
 04022	BEDAR	Bédar
 04023	BEIRES	Beires
 04024	BENAHADUX	Benahadux
 04026	BENITAGLA	Benitagla
 04027	BENIZALON	Benizalón
 04028	BENTARIQUE	Bentarique
 04029	BERJA	Berja
 04030	CANJAYAR	Canjáyar
 04031	CANTORIA	Cantoria
 04032	CARBONERAS	Carboneras
 04033	CASTRO DE FILABRES	Castro de Filabres
 04036	CHERCOS	Chercos
 04037	CHIRIVEL	Chirivel
 04034	COBDAR	Cóbdar
 04035	CUEVAS DEL ALMANZORA	Cuevas del Almanzora
 04038	DALIAS	Dalías
 04104	EL EJIDO	El Ejido
 04041	ENIX	Enix
 04043	FELIX	Felix
 04044	FINES	Fines
 04045	FIÑANA	Fiñana
 04046	FONDON	Fondón
 04047	GADOR	Gádor
 04049	GARRUCHA	Garrucha
 04050	GERGAL	Gérgal
 04051	HUECIJA	Huécija
 04052	HUERCAL DE ALMERIA	Huércal de Almería
 04053	HUERCAL OVERA	Huércal-Overa
 04054	ILLAR	Íllar
 04055	INSTINCION	Instinción
 04105	LA MOJONERA	La Mojonera
 04056	LAROYA	Laroya
 04040	LAS TRES VILLAS	Las Tres Villas
 04057	LAUJAR DE ANDARAX	Laujar de Andarax
 04058	LIJAR	Líjar
 04048	LOS GALLARDOS	Los Gallardos
 04059	LUBRIN	Lubrín
 04060	LUCAINENA DE LAS TORRES	Lucainena de las Torres
 04061	LUCAR	Lúcar
 04062	MACAEL	Macael
 04063	MARIA	María
 04064	MOJACAR	Mojácar
 04065	NACIMIENTO	Nacimiento
 04066	NIJAR	Níjar
 04067	OHANES	Ohanes
 04068	OLULA DE CASTRO	Olula de Castro
 04069	OLULA DEL RIO	Olula del Río
 04070	ORIA	Oria
 04071	PADULES	Padules
 04072	PARTALOA	Partaloa
 04073	PATERNA DEL RIO	Paterna del Río
 04074	PECHINA	Pechina
 04075	PULPI	Pulpí
 04076	PURCHENA	Purchena
 04077	RAGOL	Rágol
 04078	RIOJA	Rioja
 04079	ROQUETAS DE MAR	Roquetas de Mar
 04080	SANTA CRUZ DE MARCHENA	Santa Cruz de Marchena
 04081	SANTA FE DE MONDUJAR	Santa Fe de Mondújar
 04082	SENES	Senés
 04083	SERON	Serón
 04084	SIERRO	Sierro
 04085	SOMONTIN	Somontín
 04086	SORBAS	Sorbas
 04087	SUFLI	Suflí
 04088	TABERNAS	Tabernas
 04089	TABERNO	Taberno
 04090	TAHAL	Tahal
 04091	TERQUE	Terque
 04092	TIJOLA	Tíjola
 04093	TURRE	Turre
 04094	TURRILLAS	Turrillas
 04095	ULEILA DEL CAMPO	Uleila del Campo
 04096	URRACAL	Urrácal
 04097	VELEFIQUE	Velefique
 04098	VELEZ BLANCO	Vélez-Blanco
 04099	VELEZ RUBIO	Vélez-Rubio
 04100	VERA	Vera
 04101	VIATOR	Viator
 04102	VICAR	Vícar
 04103	ZURGENA	Zurgena
 05001	ADANERO	Adanero
 05005	ALBORNOS	Albornos
 05007	ALDEANUEVA DE SANTA CRUZ	Aldeanueva de Santa Cruz
 05008	ALDEASECA	Aldeaseca
 05012	AMAVIDA	Amavida
 05014	ARENAS DE SAN PEDRO	Arenas de San Pedro
 05015	AREVALILLO	Arevalillo
 05016	AREVALO	Arévalo
 05017	AVEINTE	Aveinte
 05018	AVELLANEDA	Avellaneda
 05900	AVILA	Ávila
 05023	BARROMAN	Barromán
 05024	BECEDAS	Becedas
 05025	BECEDILLAS	Becedillas
 05026	BERCIAL DE ZAPARDIEL	Bercial de Zapardiel
 05029	BERNUY ZAPARDIEL	Bernuy-Zapardiel
 05030	BERROCALEJO DE ARAGONA	Berrocalejo de Aragona
 05033	BLASCOMILLAN	Blascomillán
 05034	BLASCONUÑO DE MATACABRAS	Blasconuño de Matacabras
 05035	BLASCOSANCHO	Blascosancho
 05037	BOHOYO	Bohoyo
 05038	BONILLA DE LA SIERRA	Bonilla de la Sierra
 05039	BRABOS	Brabos
 05040	BULARROS	Bularros
 05041	BURGOHONDO	Burgohondo
 05042	CABEZAS DE ALAMBRE	Cabezas de Alambre
 05043	CABEZAS DEL POZO	Cabezas del Pozo
 05044	CABEZAS DEL VILLAR	Cabezas del Villar
 05045	CABIZUELA	Cabizuela
 05046	CANALES	Canales
 05047	CANDELEDA	Candeleda
 05048	CANTIVEROS	Cantiveros
 05049	CARDEÑOSA	Cardeñosa
 05052	CASAS DEL PUERTO	Casas del Puerto
 05053	CASASOLA	Casasola
 05054	CASAVIEJA	Casavieja
 05055	CASILLAS	Casillas
 05056	CASTELLANOS DE ZAPARDIEL	Castellanos de Zapardiel
 05057	CEBREROS	Cebreros
 05058	CEPEDA LA MORA	Cepeda la Mora
 05067	CHAMARTIN	Chamartín
 05059	CILLAN	Cillán
 05060	CISLA	Cisla
 05062	COLLADO DE CONTRERAS	Collado de Contreras
 05063	COLLADO DEL MIRON	Collado del Mirón
 05064	CONSTANZANA	Constanzana
 05065	CRESPOS	Crespos
 05066	CUEVAS DEL VALLE	Cuevas del Valle
 05272	DIEGO DEL CARPIO	Diego del Carpio
 05069	DONJIMENO	Donjimeno
 05070	DONVIDAS	Donvidas
 05013	EL ARENAL	El Arenal
 05021	EL BARCO DE AVILA	El Barco de Ávila
 05022	EL BARRACO	El Barraco
 05036	EL BOHODON	El Bohodón
 05076	EL FRESNO	El Fresno
 05100	EL HORNILLO	El Hornillo
 05102	EL HOYO DE PINARES	El Hoyo de Pinares
 05112	EL LOSAR DEL BARCO	El Losar del Barco
 05129	EL MIRON	El Mirón
 05175	EL OSO	El Oso
 05180	EL PARRAL	El Parral
 05241	EL TIEMBLO	El Tiemblo
 05072	ESPINOSA DE LOS CABALLEROS	Espinosa de los Caballeros
 05073	FLORES DE AVILA	Villaflor
 05074	FONTIVEROS	Fontiveros
 05075	FRESNEDILLA	Fresnedilla
 05077	FUENTE EL SAUZ	Fuente el Saúz
 05078	FUENTES DE AÑO	Fuentes de Año
 05079	GALLEGOS DE ALTAMIROS	Gallegos de Altamiros
 05080	GALLEGOS DE SOBRINOS	Gallegos de Sobrinos
 05081	GARGANTA DEL VILLAR	Garganta del Villar
 05082	GAVILANES	Gavilanes
 05083	GEMUÑO	Gemuño
 05085	GIL GARCIA	Gil García
 05084	GILBUENA	Gilbuena
 05086	GIMIALCON	Gimialcón
 05087	GOTARRENDURA	Gotarrendura
 05088	GRANDES Y SAN MARTIN	Grandes y San Martín
 05089	GUISANDO	Guisando
 05090	GUTIERRE MUÑOZ	Gutierre-Muñoz
 05092	HERNANSANCHO	Hernansancho
 05093	HERRADON DE PINARES	Herradón de Pinares
 05094	HERREROS DE SUSO	Herreros de Suso
 05095	HIGUERA DE LAS DUEÑAS	Higuera de las Dueñas
 05099	HORCAJO DE LAS TORRES	Horcajo de las Torres
 05101	HOYOCASERO	Hoyocasero
 05103	HOYORREDONDO	Hoyorredondo
 05106	HOYOS DE MIGUEL MUÑOZ	Hoyos de Miguel Muñoz
 05104	HOYOS DEL COLLADO	Hoyos del Collado
 05105	HOYOS DEL ESPINO	Hoyos del Espino
 05107	HURTUMPASCUAL	Hurtumpascual
 05108	JUNCIANA	Junciana
 05002	LA ADRADA	La Adrada
 05010	LA ALDEHUELA	La Aldehuela
 05051	LA CARRERA	La Carrera
 05061	LA COLILLA	La Colilla
 05096	LA HIJA DE DIOS	La Hija de Dios
 05097	LA HORCAJADA	La Horcajada
 05232	LA SERRADA	La Serrada
 05246	LA TORRE	La Torre
 05109	LANGA	Langa
 05110	LANZAHITA	Lanzahíta
 05027	LAS BERLANAS	Las Berlanas
 05168	LAS NAVAS DEL MARQUES	Las Navas del Marqués
 05113	LOS LLANOS DE TORMES	Los Llanos de Tormes
 05114	MADRIGAL DE LAS ALTAS TORRES	Madrigal de las Altas Torres
 05115	MAELLO	Maello
 05116	MALPARTIDA DE CORNEJA	Malpartida de Corneja
 05117	MAMBLAS	Mamblas
 05118	MANCERA DE ARRIBA	Mancera de Arriba
 05119	MANJABALAGO Y ORTIGOSA DE RIOA	Manjabálago y Ortigosa de Rioalmar
 05120	MARLIN	Marlín
 05121	MARTIHERRERO	Martiherrero
 05122	MARTINEZ	Martínez
 05123	MEDIANA DE VOLTOYA	Mediana de Voltoya
 05124	MEDINILLA	Medinilla
 05125	MENGAMUÑOZ	Mengamuñoz
 05126	MESEGAR DE CORNEJA	Mesegar de Corneja
 05127	MIJARES	Mijares
 05128	MINGORRIA	Mingorría
 05130	MIRONCILLO	Mironcillo
 05131	MIRUEÑA DE LOS INFANZONES	Mirueña de los Infanzones
 05132	MOMBELTRAN	Mombeltrán
 05133	MONSALUPE	Monsalupe
 05134	MORALEJA DE MATACABRAS	Moraleja de Matacabras
 05135	MUÑANA	Muñana
 05136	MUÑICO	Muñico
 05138	MUÑOGALINDO	Muñogalindo
 05139	MUÑOGRANDE	Muñogrande
 05140	MUÑOMER DEL PECO	Muñomer del Peco
 05141	MUÑOPEPE	Muñopepe
 05142	MUÑOSANCHO	Muñosancho
 05143	MUÑOTELLO	Muñotello
 05144	NARRILLOS DEL ALAMO	Narrillos del Álamo
 05145	NARRILLOS DEL REBOLLAR	Narrillos del Rebollar
 05149	NARROS DE SALDUEÑA	Narros de Saldueña
 05147	NARROS DEL CASTILLO	Narros del Castillo
 05148	NARROS DEL PUERTO	Narros del Puerto
 05152	NAVA DE AREVALO	Nava de Arévalo
 05153	NAVA DEL BARCO	Nava del Barco
 05151	NAVACEPEDILLA DE CORNEJA	Navacepedilla de Corneja
 05154	NAVADIJOS	Navadijos
 05155	NAVAESCURIAL	Navaescurial
 05156	NAVAHONDILLA	Navahondilla
 05157	NAVALACRUZ	Navalacruz
 05158	NAVALMORAL	Navalmoral
 05159	NAVALONGUILLA	Navalonguilla
 05160	NAVALOSA	Navalosa
 05161	NAVALPERAL DE PINARES	Navalperal de Pinares
 05162	NAVALPERAL DE TORMES	Navalperal de Tormes
 05163	NAVALUENGA	Navaluenga
 05164	NAVAQUESERA	Navaquesera
 05165	NAVARREDONDA DE GREDOS	Navarredonda de Gredos
 05166	NAVARREDONDILLA	Navarredondilla
 05167	NAVARREVISCA	Navarrevisca
 05169	NAVATALGORDO	Navatalgordo
 05170	NAVATEJARES	Navatejares
 05171	NEILA DE SAN MIGUEL	Neila de San Miguel
 05172	NIHARRA	Niharra
 05173	OJOS ALBOS	Ojos-Albos
 05174	ORBITA	Orbita
 05176	PADIERNOS	Padiernos
 05177	PAJARES DE ADAJA	Pajares de Adaja
 05178	PALACIOS DE GODA	Palacios de Goda
 05179	PAPATRIGO	Papatrigo
 05181	PASCUALCOBO	Pascualcobo
 05182	PEDRO BERNARDO	Pedro Bernardo
 05183	PEDRO RODRIGUEZ	Pedro-Rodríguez
 05184	PEGUERINOS	Peguerinos
 05185	PEÑALBA DE AVILA	Nava de Arévalo
 05186	PIEDRAHITA	Piedrahíta
 05187	PIEDRALAVES	Piedralaves
 05188	POVEDA	Poveda
 05189	POYALES DEL HOYO	Poyales del Hoyo
 05190	POZANCO	Pozanco
 05191	PRADOSEGAR	Pradosegar
 05192	PUERTO CASTILLA	Puerto Castilla
 05193	RASUEROS	Rasueros
 05194	RIOCABADO	Riocabado
 05195	RIOFRIO	Riofrío
 05196	RIVILLA DE BARAJAS	Rivilla de Barajas
 05197	SALOBRAL	Salobral
 05198	SALVADIOS	Salvadiós
 05199	SAN BARTOLOME DE BEJAR	San Bartolomé de Béjar
 05200	SAN BARTOLOME DE CORNEJA	San Bartolomé de Corneja
 05201	SAN BARTOLOME DE PINARES	San Bartolomé de Pinares
 05206	SAN ESTEBAN DE LOS PATOS	San Esteban de los Patos
 05208	SAN ESTEBAN DE ZAPARDIEL	San Esteban de Zapardiel
 05207	SAN ESTEBAN DEL VALLE	San Esteban del Valle
 05209	SAN GARCIA DE INGELMOS	San García de Ingelmos
 05269	SAN JUAN DE GREDOS	San Juan de Gredos
 05210	SAN JUAN DE LA ENCINILLA	San Juan de la Encinilla
 05211	SAN JUAN DE LA NAVA	San Juan de la Nava
 05212	SAN JUAN DEL MOLINILLO	San Juan del Molinillo
 05213	SAN JUAN DEL OLMO	San Juan del Olmo
 05214	SAN LORENZO DE TORMES	San Lorenzo de Tormes
 05215	SAN MARTIN DE LA VEGA DEL ALBE	San Martín de la Vega del Alberche
 05216	SAN MARTIN DEL PIMPOLLAR	San Martín del Pimpollar
 05217	SAN MIGUEL DE CORNEJA	San Miguel de Corneja
 05218	SAN MIGUEL DE SERREZUELA	San Miguel de Serrezuela
 05219	SAN PASCUAL	San Pascual
 05220	SAN PEDRO DEL ARROYO	San Pedro del Arroyo
 05231	SAN VICENTE DE AREVALO	San Vicente de Arévalo
 05204	SANCHIDRIAN	Sanchidrián
 05205	SANCHORREJA	Sanchorreja
 05222	SANTA CRUZ DE PINARES	Santa Cruz de Pinares
 05221	SANTA CRUZ DEL VALLE	Santa Cruz del Valle
 05226	SANTA MARIA DE LOS CABALLEROS	Santa María de los Caballeros
 05224	SANTA MARIA DEL ARROYO	Santa María del Arroyo
 05225	SANTA MARIA DEL BERROCAL	Santa María del Berrocal
 05270	SANTA MARIA DEL CUBILLO	Santa María del Cubillo
 05227	SANTA MARIA DEL TIETAR	Santa María del Tiétar
 05228	SANTIAGO DEL COLLADO	Santiago del Collado
 05273	SANTIAGO DEL TORMES	Santiago del Tormes
 05229	SANTO DOMINGO DE LAS POSADAS	Santo Domingo de las Posadas
 05230	SANTO TOME DE ZABARCOS	Santo Tomé de Zabarcos
 05233	SERRANILLOS	Serranillos
 05234	SIGERES	Sigeres
 05235	SINLABAJOS	Sinlabajos
 05236	SOLANA DE AVILA	Mancera de Arriba
 05237	SOLANA DE RIOALMAR	Solana de Rioalmar
 05238	SOLOSANCHO	Solosancho
 05239	SOTALBO	Sotalbo
 05240	SOTILLO DE LA ADRADA	Sotillo de la Adrada
 05242	TIÑOSILLOS	Tiñosillos
 05243	TOLBAÑOS	Tolbaños
 05244	TORMELLAS	Tormellas
 05245	TORNADIZOS DE AVILA	Tornadizos de Ávila
 05247	TORTOLES	Tórtoles
 05249	UMBRIAS	Umbrías
 05251	VADILLO DE LA SIERRA	Vadillo de la Sierra
 05252	VALDECASA	Valdecasa
 05253	VEGA DE SANTA MARIA	Vega de Santa María
 05254	VELAYOS	Velayos
 05256	VILLAFLOR	Villaflor
 05257	VILLAFRANCA DE LA SIERRA	Villafranca de la Sierra
 05274	VILLANUEVA DE AVILA	Villanueva del Campillo
 05258	VILLANUEVA DE GOMEZ	Villanueva de Gómez
 05259	VILLANUEVA DEL ACERAL	Villanueva del Aceral
 05260	VILLANUEVA DEL CAMPILLO	Villanueva del Campillo
 05261	VILLAR DE CORNEJA	Villar de Corneja
 05262	VILLAREJO DEL VALLE	Villarejo del Valle
 05263	VILLATORO	Villatoro
 05264	VIÑEGRA DE MORAÑA	Viñegra de Moraña
 05265	VITA	Vita
 05266	ZAPARDIEL DE LA CAÑADA	Zapardiel de la Cañada
 05267	ZAPARDIEL DE LA RIBERA	Zapardiel de la Ribera
 06001	ACEDERA	Acedera
 06002	ACEUCHAL	Aceuchal
 06003	AHILLONES	Ahillones
 06004	ALANGE	Alange
 06006	ALBURQUERQUE	Alburquerque
 06007	ALCONCHEL	Alconchel
 06008	ALCONERA	Alconera
 06009	ALJUCEN	Aljucén
 06010	ALMENDRAL	Almendral
 06011	ALMENDRALEJO	Almendralejo
 06012	ARROYO DE SAN SERVAN	Arroyo de San Serván
 06013	ATALAYA	Atalaya
 06014	AZUAGA	Azuaga
 06900	BADAJOZ	Badajoz
 06016	BARCARROTA	Barcarrota
 06017	BATERNO	Baterno
 06018	BENQUERENCIA DE LA SERENA	Benquerencia de la Serena
 06019	BERLANGA	Berlanga
 06020	BIENVENIDA	Bienvenida
 06021	BODONAL DE LA SIERRA	Bodonal de la Sierra
 06022	BURGUILLOS DEL CERRO	Burguillos del Cerro
 06023	CABEZA DEL BUEY	Cabeza del Buey
 06024	CABEZA LA VACA	Cabeza la Vaca
 06025	CALAMONTE	Calamonte
 06026	CALERA DE LEON	Calera de León
 06027	CALZADILLA DE LOS BARROS	Calzadilla de los Barros
 06028	CAMPANARIO	Campanario
 06029	CAMPILLO DE LLERENA	Campillo de Llerena
 06030	CAPILLA	Capilla
 06031	CARMONITA	Carmonita
 06033	CASAS DE DON PEDRO	Casas de Don Pedro
 06034	CASAS DE REINA	Casas de Reina
 06035	CASTILBLANCO	Castilblanco
 06036	CASTUERA	Castuera
 06042	CHELES	Cheles
 06038	CORDOBILLA DE LACARA	Cordobilla de Lácara
 06040	CORTE DE PELEAS	Corte de Peleas
 06041	CRISTINA	Cristina
 06043	DON ALVARO	DON ALVARO
 06044	DON BENITO	Don Benito
 06032	EL CARRASCALEJO	El Carrascalejo
 06045	ENTRIN BAJO	Entrín Bajo
 06046	ESPARRAGALEJO	Esparragalejo
 06047	ESPARRAGOSA DE LA SERENA	Esparragosa de la Serena
 06048	ESPARRAGOSA DE LARES	Esparragosa de Lares
 06049	FERIA	Feria
 06050	FREGENAL DE LA SIERRA	Fregenal de la Sierra
 06051	FUENLABRADA DE LOS MONTES	Fuenlabrada de los Montes
 06052	FUENTE DE CANTOS	Fuente de Cantos
 06053	FUENTE DEL ARCO	Fuente del Arco
 06054	FUENTE DEL MAESTRE	Fuente del Maestre
 06055	FUENTES DE LEON	Fuentes de León
 06056	GARBAYUELA	Garbayuela
 06057	GARLITOS	Garlitos
 06059	GRANJA DE TORREHERMOSA	Granja de Torrehermosa
 06165	GUADIANA	Guadiana
 06060	GUAREÑA	Guareña
 06062	HELECHOSA DE LOS MONTES	Helechosa de los Montes
 06063	HERRERA DEL DUQUE	Herrera del Duque
 06064	HIGUERA DE LA SERENA	Higuera de la Serena
 06065	HIGUERA DE LLERENA	Higuera de Llerena
 06066	HIGUERA DE VARGAS	Higuera de Vargas
 06067	HIGUERA LA REAL	Higuera la Real
 06068	HINOJOSA DEL VALLE	Hinojosa del Valle
 06069	HORNACHOS	Hornachos
 06070	JEREZ DE LOS CABALLEROS	Jerez de los Caballeros
 06005	LA ALBUERA	La Albuera
 06037	LA CODOSERA	La Codosera
 06039	LA CORONADA	La Coronada
 06058	LA GARROVILLA	La Garrovilla
 06061	LA HABA	La Haba
 06071	LA LAPA	La Lapa
 06089	LA MORERA	La Morera
 06090	LA NAVA DE SANTIAGO	La Nava de Santiago
 06099	LA PARRA	La Parra
 06115	LA ROCA DE LA SIERRA	La Roca de la Sierra
 06162	LA ZARZA	La Zarza
 06073	LLERA	Llera
 06074	LLERENA	Llerena
 06072	LOBON	Lobón
 06122	LOS SANTOS DE MAIMONA	Los Santos de Maimona
 06075	MAGACELA	Magacela
 06076	MAGUILLA	Maguilla
 06077	MALCOCINADO	Malcocinado
 06078	MALPARTIDA DE LA SERENA	Malpartida de la Serena
 06079	MANCHITA	Manchita
 06080	MEDELLIN	Medellín
 06081	MEDINA DE LAS TORRES	Medina de las Torres
 06082	MENGABRIL	Mengabril
 06083	MERIDA	Mérida
 06084	MIRANDILLA	Mirandilla
 06085	MONESTERIO	Monesterio
 06086	MONTEMOLIN	Montemolín
 06087	MONTERRUBIO DE LA SERENA	Monterrubio de la Serena
 06088	MONTIJO	Montijo
 06091	NAVALVILLAR DE PELA	Navalvillar de Pela
 06092	NOGALES	Nogales
 06093	OLIVA DE LA FRONTERA	Oliva de la Frontera
 06094	OLIVA DE MERIDA	Oliva de Mérida
 06095	OLIVENZA	Olivenza
 06096	ORELLANA DE LA SIERRA	Orellana de la Sierra
 06097	ORELLANA LA VIEJA	Orellana la Vieja
 06098	PALOMAS	Palomas
 06100	PEÑALSORDO	Peñalsordo
 06101	PERALEDA DEL ZAUCEJO	Peraleda del Zaucejo
 06102	PUEBLA DE ALCOCER	Puebla de Alcocer
 06103	PUEBLA DE LA CALZADA	Puebla de la Calzada
 06104	PUEBLA DE LA REINA	Puebla de la Reina
 06107	PUEBLA DE OBANDO	Puebla de Obando
 06108	PUEBLA DE SANCHO PEREZ	Puebla de Sancho Pérez
 06105	PUEBLA DEL MAESTRE	Puebla del Maestre
 06106	PUEBLA DEL PRIOR	Puebla del Prior
 06167	PUEBLONUEVO DEL GUADIANA	Pueblonuevo del Guadiana
 06109	QUINTANA DE LA SERENA	Quintana de la Serena
 06110	REINA	Reina
 06111	RENA	Rena
 06112	RETAMAL DE LLERENA	Retamal de Llerena
 06113	RIBERA DEL FRESNO	Ribera del Fresno
 06114	RISCO	Risco
 06116	SALVALEON	Salvaleón
 06117	SALVATIERRA DE LOS BARROS	Salvatierra de los Barros
 06119	SAN PEDRO DE MERIDA	San Pedro de Mérida
 06123	SAN VICENTE DE ALCANTARA	San Vicente de Alcántara
 06118	SANCTI SPIRITUS	Sancti-Spíritus
 06120	SANTA AMALIA	Santa Amalia
 06121	SANTA MARTA	Santa Marta
 06124	SEGURA DE LEON	Segura de León
 06125	SIRUELA	Siruela
 06126	SOLANA DE LOS BARROS	Solana de los Barros
 06127	TALARRUBIAS	Talarrubias
 06128	TALAVERA LA REAL	Talavera la Real
 06129	TALIGA	Táliga
 06130	TAMUREJO	Tamurejo
 06131	TORRE DE MIGUEL SESMERO	Torre de Miguel Sesmero
 06132	TORREMAYOR	Torremayor
 06133	TORREMEJIA	Torremejía
 06134	TRASIERRA	Trasierra
 06135	TRUJILLANOS	Trujillanos
 06136	USAGRE	Usagre
 06137	VALDECABALLEROS	Valdecaballeros
 06169	VALDELACALZADA	Valdelacalzada
 06138	VALDETORRES	Valdetorres
 06139	VALENCIA DE LAS TORRES	Valencia de las Torres
 06140	VALENCIA DEL MOMBUEY	Valencia del Mombuey
 06141	VALENCIA DEL VENTOSO	Valencia del Ventoso
 06146	VALLE DE LA SERENA	Valle de la Serena
 06147	VALLE DE MATAMOROS	Valle de Matamoros
 06148	VALLE DE SANTA ANA	Valle de Santa Ana
 06142	VALVERDE DE BURGUILLOS	Valverde de Burguillos
 06143	VALVERDE DE LEGANES	Valverde de Leganés
 06144	VALVERDE DE LLERENA	Valverde de Llerena
 06145	VALVERDE DE MERIDA	Valverde de Mérida
 06149	VILLAFRANCA DE LOS BARROS	Villafranca de los Barros
 06150	VILLAGARCIA DE LA TORRE	Villagarcía de la Torre
 06151	VILLAGONZALO	Villagonzalo
 06152	VILLALBA DE LOS BARROS	Villalba de los Barros
 06153	VILLANUEVA DE LA SERENA	Villanueva de la Serena
 06154	VILLANUEVA DEL FRESNO	Villanueva del Fresno
 06156	VILLAR DE RENA	Villar de Rena
 06155	VILLAR DEL REY	Villar del Rey
 06157	VILLARTA DE LOS MONTES	Villarta de los Montes
 06158	ZAFRA	Zafra
 06159	ZAHINOS	Zahínos
 06160	ZALAMEA DE LA SERENA	Zalamea de la Serena
 06161	ZARZA CAPILLA	Zarza-Capilla
 07002	ALAIOR	Alaior
 07001	ALARO	Alaró
 07003	ALCUDIA	Alcúdia
 07004	ALGAIDA	Algaida
 07005	ANDRATX	Andratx
 07066	ARIANY	Ariany
 07006	ARTA	Artà
 07007	BANYALBUFAR	Banyalbufar
 07008	BINISSALEM	Binissalem
 07009	BUGER	Búger
 07010	BUNYOLA	Bunyola
 07011	CALVIA	Calvià
 07012	CAMPANET	Campanet
 07013	CAMPOS	Campos
 07014	CAPDEPERA	Capdepera
 07015	CIUTADELLA DE MENORCA	Ciutadella de Menorca
 07016	CONSELL	Consell
 07017	COSTITX	Costitx
 07018	DEIA	Deià
 07026	EIVISSA	Eivissa
 07064	ES CASTELL	es Castell
 07037	ES MERCADAL	Es Mercadal
 07067	ES MIGJORN GRAN	Es Migjorn Gran
 07019	ESCORCA	Escorca
 07020	ESPORLES	Esporles
 07021	ESTELLENCS	Estellencs
 07022	FELANITX	Felanitx
 07023	FERRERIES	Ferreries
 07024	FORMENTERA	Formentera
 07025	FORNALUTX	Fornalutx
 07027	INCA	Inca
 07028	LLORET DE VISTALEGRE	Lloret de Vistalegre
 07029	LLOSETA	Lloseta
 07030	LLUBI	Llubí
 07031	LLUCMAJOR	Llucmajor
 07033	MANACOR	Manacor
 07034	MANCOR DE LA VALL	Mancor de la Vall
 07032	MAO MAHON	MAO MAHON
 07035	MARIA DE LA SALUT	Maria de la Salut
 07036	MARRATXI	Marratxí
 07038	MONTUIRI	Montuïri
 07039	MURO	Muro
 07040	PALMA	Palma
 07041	PETRA	Petra
 07042	POLLEN A	Pollença
 07043	PORRERES	Porreres
 07045	PUIGPUNYENT	Puigpunyent
 07044	SA POBLA	Sa Pobla
 07046	SANT ANTONI DE PORTMANY	Sant Antoni de Portmany
 07049	SANT JOAN	Sant Joan
 07050	SANT JOAN DE LABRITJA	Sant Joan de Labritja
 07048	SANT JOSEP DE SA TALAIA	Sant Josep de sa Talaia
 07051	SANT LLOREN  DES CARDASSAR	Sant Llorenç des Cardassar
 07052	SANT LLUIS	Sant Lluís
 07053	SANTA EUGENIA	Santa Eugènia
 07054	SANTA EULARIA DES RIU	Santa Eulària des Riu
 07055	SANTA MARGALIDA	Santa Margalida
 07056	SANTA MARIA DEL CAMI	Santa María del Camí
 07057	SANTANYI	Santanyí
 07058	SELVA	Selva
 07047	SENCELLES	Sencelles
 07059	SES SALINES	ses Salines
 07060	SINEU	Sineu
 07061	SOLLER	Sóller
 07062	SON SERVERA	Son Servera
 07063	VALLDEMOSSA	Valldemossa
 07065	VILAFRANCA DE BONANY	Vilafranca de Bonany
 08001	ABRERA	Abrera
 08002	AGUILAR DE SEGARRA	Aguilar de Segarra
 08014	AIGUAFREDA	Aiguafreda
 08003	ALELLA	Alella
 08004	ALPENS	Alpens
 08006	ARENYS DE MAR	Arenys de Mar
 08007	ARENYS DE MUNT	Arenys de Munt
 08008	ARGEN OLA	Argençola
 08009	ARGENTONA	Argentona
 08010	ARTES	Artés
 08011	AVIA	Avià
 08012	AVINYO	Avinyó
 08013	AVINYONET DEL PENEDES	Avinyonet del Penedès
 08015	BADALONA	Badalona
 08312	BADIA DEL VALLES	Badia del Vallès
 08016	BAGA	Bagà
 08017	BALENYA	Balenyà
 08018	BALSARENY	Balsareny
 08252	BARBERA DEL VALLES	Barberà del Vallès
 08900	BARCELONA	Barcelona
 08020	BEGUES	Begues
 08021	BELLPRAT	Bellprat
 08022	BERGA	Berga
 08023	BIGUES I RIELLS	Bigues i Riells del Fai
 08024	BORREDA	Borredà
 08028	CABRERA D ANOIA	Cabrera d'Anoia
 08029	CABRERA DE MAR	Cabrera de Mar
 08030	CABRILS	Cabrils
 08031	CALAF	Calaf
 08034	CALDERS	Calders
 08033	CALDES DE MONTBUI	Caldes de Montbui
 08032	CALDES D ESTRAC	Caldes d'Estrac
 08035	CALELLA	Calella
 08224	CALLDETENES	Calldetenes
 08037	CALLUS	Callús
 08036	CALONGE DE SEGARRA	Calonge de Segarra
 08038	CAMPINS	Campins
 08039	CANET DE MAR	Canet de Mar
 08040	CANOVELLES	Canovelles
 08041	CANOVES I SAMALUS	Cànoves i Samalús
 08042	CANYELLES	Canyelles
 08043	CAPELLADES	Capellades
 08044	CAPOLAT	Capolat
 08045	CARDEDEU	Cardedeu
 08046	CARDONA	Cardona
 08047	CARME	Carme
 08048	CASSERRES	Casserres
 08056	CASTELL DE L ARENY	Castell de l'Areny
 08051	CASTELLAR DE N HUG	Castellar de n'Hug
 08049	CASTELLAR DEL RIU	Castellar del Riu
 08050	CASTELLAR DEL VALLES	Castellar del Vallès
 08052	CASTELLBELL I EL VILAR	Castellbell i el Vilar
 08053	CASTELLBISBAL	Castellbisbal
 08054	CASTELLCIR	Castellcir
 08055	CASTELLDEFELS	Castelldefels
 08057	CASTELLET I LA GORNAL	Castellet i la Gornal
 08059	CASTELLFOLLIT DE RIUBREGOS	Castellfollit de Riubregós
 08058	CASTELLFOLLIT DEL BOIX	Castellfollit del Boix
 08060	CASTELLGALI	Castellgalí
 08061	CASTELLNOU DE BAGES	Castellnou de Bages
 08062	CASTELLOLI	Castellolí
 08063	CASTELLTER OL	Castellterçol
 08064	CASTELLVI DE LA MARCA	Castellví de la Marca
 08065	CASTELLVI DE ROSANES	Castellví de Rosanes
 08066	CENTELLES	Centelles
 08268	CERCS	Cercs
 08266	CERDANYOLA DEL VALLES	Cerdanyola del Vallès
 08067	CERVELLO	Cervelló
 08068	COLLBATO	Collbató
 08069	COLLSUSPINA	Collsuspina
 08070	COPONS	Copons
 08071	CORBERA DE LLOBREGAT	Corbera de Llobregat
 08072	CORNELLA DE LLOBREGAT	Cornellà de Llobregat
 08073	CUBELLES	Cubelles
 08074	DOSRIUS	Dosrius
 08025	EL BRUC	El Bruc
 08026	EL BRULL	el Brull
 08117	EL MASNOU	El Masnou
 08157	EL PAPIOL	El Papiol
 08163	EL PLA DEL PENEDES	El Pla del Penedès
 08181	EL PONT DE VILOMARA I ROCAFORT	El Pont de Vilomara i Rocafort
 08168	EL PRAT DE LLOBREGAT	El Prat de Llobregat
 08161	ELS HOSTALETS DE PIEROLA	Els Hostalets de Pierola
 08169	ELS PRATS DE REI	Els Prats de Rei
 08075	ESPARREGUERA	Esparreguera
 08076	ESPLUGUES DE LLOBREGAT	Esplugues de Llobregat
 08254	ESQUIROL  L	L'Esquirol
 08133	FIGARO MONTMANY	Figaró-Montmany
 08079	FIGOLS	Fígols
 08081	FOGARS DE LA SELVA	Fogars de la Selva
 08080	FOGARS DE MONTCLUS	Fogars de Montclús
 08082	FOLGUEROLES	Folgueroles
 08083	FONOLLOSA	Fonollosa
 08084	FONT RUBI	Font-rubí
 08089	GAIA	Gaià
 08086	GALLIFA	Gallifa
 08088	GAVA	Gavà
 08090	GELIDA	Gelida
 08091	GIRONELLA	Gironella
 08092	GISCLARENY	Gisclareny
 08094	GRANERA	Granera
 08095	GRANOLLERS	Granollers
 08096	GUALBA	Gualba
 08098	GUARDIOLA DE BERGUEDA	Guardiola de Berguedà
 08099	GURB	Gurb
 08101	IGUALADA	Igualada
 08102	JORBA	Jorba
 08005	L  AMETLLA DEL VALLES	L'Ametlla del Vallès
 08077	L  ESPUNYOLA	l'Espunyola
 08078	L  ESTANY	L'Estany
 08087	LA GARRIGA	La Garriga
 08093	LA GRANADA	La Granada
 08103	LA LLACUNA	La Llacuna
 08104	LA LLAGOSTA	La Llagosta
 08141	LA NOU DE BERGUEDA	La Nou de Berguedà
 08313	LA PALMA DE CERVELLO	La Palma de Cervelló
 08164	LA POBLA DE CLARAMUNT	La Pobla de Claramunt
 08165	LA POBLA DE LILLET	La Pobla de Lillet
 08176	LA QUAR	la Quar
 08180	LA ROCA DEL VALLES	La Roca del Vallès
 08286	LA TORRE DE CLARAMUNT	La Torre de Claramunt
 08027	LES CABANYES	Les Cabanyes
 08085	LES FRANQUESES DEL VALLES	Les Franqueses del Vallès
 08115	LES MASIES DE RODA	Les Masies de Roda
 08116	LES MASIES DE VOLTREGA	Les Masies de Voltregà
 08100	L HOSPITALET DE LLOBREGAT	L'Hospitalet de Llobregat
 08106	LLI A D AMUNT	Lliçà d'Amunt
 08107	LLI A DE VALL	Lliçà de Vall
 08105	LLINARS DEL VALLES	Llinars del Vallès
 08108	LLU A	Lluçà
 08109	MALGRAT DE MAR	Malgrat de Mar
 08110	MALLA	Malla
 08111	MANLLEU	Manlleu
 08112	MANRESA	Manresa
 08242	MARGANELL	Marganell
 08113	MARTORELL	Martorell
 08114	MARTORELLES	Martorelles
 08118	MASQUEFA	Masquefa
 08119	MATADEPERA	Matadepera
 08120	MATARO	Mataró
 08121	MEDIONA	Mediona
 08137	MOIA	Moià
 08122	MOLINS DE REI	Molins de Rei
 08123	MOLLET DEL VALLES	Mollet del Vallès
 08127	MONISTROL DE CALDERS	Monistrol de Calders
 08126	MONISTROL DE MONTSERRAT	Monistrol de Montserrat
 08124	MONTCADA I REIXAC	Montcada i Reixac
 08129	MONTCLAR	Montclar
 08130	MONTESQUIU	Montesquiu
 08125	MONTGAT	Montgat
 08131	MONTMAJOR	Montmajor
 08132	MONTMANEU	Montmaneu
 08134	MONTMELO	Montmeló
 08135	MONTORNES DEL VALLES	Montornès del Vallès
 08136	MONTSENY	Montseny
 08128	MUNTANYOLA	Muntanyola
 08138	MURA	Mura
 08139	NAVARCLES	Navarcles
 08140	NAVAS	Navàs
 08142	ODENA	Òdena
 08144	OLERDOLA	Olèrdola
 08145	OLESA DE BONESVALLS	Olesa de Bonesvalls
 08146	OLESA DE MONTSERRAT	Olesa de Montserrat
 08147	OLIVELLA	Olivella
 08148	OLOST	Olost
 08143	OLVAN	Olvan
 08149	ORIS	Oristà
 08150	ORISTA	Oristà
 08151	ORPI	Orpí
 08152	ORRIUS	Òrrius
 08153	PACS DEL PENEDES	Pacs del Penedès
 08154	PALAFOLLS	Palafolls
 08155	PALAU SOLITA I PLEGAMANS	Palau-solità i Plegamans
 08156	PALLEJA	Pallejà
 08158	PARETS DEL VALLES	Parets del Vallès
 08159	PERAFITA	Perafita
 08160	PIERA	Piera
 08162	PINEDA DE MAR	Pineda de Mar
 08166	POLINYA	Polinyà
 08167	PONTONS	Pontons
 08170	PRATS DE LLU ANES	Prats de Lluçanès
 08230	PREMIA DE DALT	Premià de Dalt
 08171	PREMIA DE MAR	Premià de Mar
 08173	PUIGDALBER	Puigdàlber
 08174	PUIG REIG	Puig-reig
 08175	PUJALT	Pujalt
 08177	RAJADELL	Rajadell
 08178	RELLINARS	Rellinars
 08179	RIPOLLET	Ripollet
 08182	RODA DE TER	Roda de Ter
 08183	RUBI	Rubió
 08184	RUBIO	Rubió
 08185	RUPIT I PRUIT	Rupit i Pruit
 08186	SABADELL	Sabadell
 08187	SAGAS	Sagàs
 08189	SALDES	Saldes
 08190	SALLENT	Sallent
 08193	SANT ADRIA DE BESOS	Sant Adrià de Besòs
 08194	SANT AGUSTI DE LLU ANES	Sant Agustí de Lluçanès
 08195	SANT ANDREU DE LA BARCA	Sant Andreu de la Barca
 08196	SANT ANDREU DE LLAVANERES	Sant Andreu de Llavaneres
 08197	SANT ANTONI DE VILAMAJOR	Sant Antoni de Vilamajor
 08198	SANT BARTOMEU DEL GRAU	Sant Bartomeu del Grau
 08199	SANT BOI DE LLOBREGAT	Sant Boi de Llobregat
 08200	SANT BOI DE LLU ANES	Sant Boi de Lluçanès
 08202	SANT CEBRIA DE VALLALTA	Sant Cebrià de Vallalta
 08201	SANT CELONI	Sant Celoni
 08203	SANT CLIMENT DE LLOBREGAT	Sant Climent de Llobregat
 08204	SANT CUGAT DEL VALLES	Sant Cugat del Vallès
 08205	SANT CUGAT SESGARRIGUES	Sant Cugat Sesgarrigues
 08206	SANT ESTEVE DE PALAUTORDERA	Sant Esteve de Palautordera
 08207	SANT ESTEVE SESROVIRES	Sant Esteve Sesrovires
 08209	SANT FELIU DE CODINES	Sant Feliu de Codines
 08210	SANT FELIU DE LLOBREGAT	Sant Feliu de Llobregat
 08211	SANT FELIU SASSERRA	Sant Feliu Sasserra
 08208	SANT FOST DE CAMPSENTELLES	Sant Fost de Campsentelles
 08212	SANT FRUITOS DE BAGES	Sant Fruitós de Bages
 08214	SANT HIPOLIT DE VOLTREGA	Sant Hipòlit de Voltregà
 08192	SANT ISCLE DE VALLALTA	Sant Iscle de Vallalta
 08215	SANT JAUME DE FRONTANYA	Sant Jaume de Frontanyà
 08225	SANT JOAN DE VILATORRADA	Sant Joan de Vilatorrada
 08216	SANT JOAN DESPI	Sant Joan Despí
 08311	SANT JULIA DE CERDANYOLA	Sant Julià de Cerdanyola
 08218	SANT JULIA DE VILATORTA	Sant Julià de Vilatorta
 08219	SANT JUST DESVERN	Sant Just Desvern
 08220	SANT LLOREN  D HORTONS	Sant Llorenç d'Hortons
 08221	SANT LLOREN  SAVALL	Sant Llorenç Savall
 08223	SANT MARTI D ALBARS	Sant Martí d'Albars
 08222	SANT MARTI DE CENTELLES	Sant Martí de Centelles
 08226	SANT MARTI DE TOUS	Sant Martí de Tous
 08227	SANT MARTI SARROCA	Sant Martí Sarroca
 08228	SANT MARTI SESGUEIOLES	Sant Martí Sesgueioles
 08229	SANT MATEU DE BAGES	Sant Mateu de Bages
 08231	SANT PERE DE RIBES	Sant Pere de Ribes
 08232	SANT PERE DE RIUDEBITLLES	Sant Pere de Riudebitlles
 08233	SANT PERE DE TORELLO	Sant Pere de Torelló
 08234	SANT PERE DE VILAMAJOR	Sant Pere de Vilamajor
 08188	SANT PERE SALLAVINERA	Sant Pere Sallavinera
 08235	SANT POL DE MAR	Sant Pol de Mar
 08236	SANT QUINTI DE MEDIONA	Sant Quintí de Mediona
 08237	SANT QUIRZE DE BESORA	Sant Quirze de Besora
 08238	SANT QUIRZE DEL VALLES	Sant Quirze del Vallès
 08239	SANT QUIRZE SAFAJA	Sant Quirze Safaja
 08240	SANT SADURNI D ANOIA	Sant Sadurní d'Anoia
 08241	SANT SADURNI D OSORMORT	Sant Sadurní d'Osormort
 08097	SANT SALVADOR DE GUARDIOLA	Sant Salvador de Guardiola
 08262	SANT VICEN  DE CASTELLET	Sant Vicenç de Castellet
 08264	SANT VICEN  DE MONTALT	Sant Vicenç de Montalt
 08265	SANT VICEN  DE TORELLO	Sant Vicenç de Torelló
 08263	SANT VICEN  DELS HORTS	Sant Vicenç dels Horts
 08243	SANTA CECILIA DE VOLTREGA	Santa Cecília de Voltregà
 08244	SANTA COLOMA DE CERVELLO	Santa Coloma de Cervelló
 08245	SANTA COLOMA DE GRAMENET	Santa Coloma de Gramenet
 08246	SANTA EUGENIA DE BERGA	Santa Eugènia de Berga
 08247	SANTA EULALIA DE RIUPRIMER	Santa Eulàlia de Riuprimer
 08248	SANTA EULALIA DE RON ANA	Santa Eulàlia de Ronçana
 08249	SANTA FE DEL PENEDES	Santa Fe del Penedès
 08250	SANTA MARGARIDA DE MONTBUI	Santa Margarida de Montbui
 08251	SANTA MARGARIDA I ELS MONJOS	Santa Margarida i els Monjos
 08253	SANTA MARIA DE BESORA	Santa Maria de Besora
 08256	SANTA MARIA DE MARTORELLES	Santa Maria de Martorelles
 08255	SANTA MARIA DE MERLES	Santa Maria de Merlès
 08257	SANTA MARIA DE MIRALLES	Santa Maria de Miralles
 08259	SANTA MARIA DE PALAUTORDERA	Santa Maria de Palautordera
 08258	SANTA MARIA D OLO	Santa Maria d'Oló
 08260	SANTA PERPETUA DE MOGODA	Santa Perpètua de Mogoda
 08261	SANTA SUSANNA	Santa Susanna
 08191	SANTPEDOR	Santpedor
 08267	SENTMENAT	Sentmenat
 08269	SEVA	Seva
 08270	SITGES	Sitges
 08271	SOBREMUNT	Sobremunt
 08272	SORA	Sora
 08273	SUBIRATS	Subirats
 08274	SURIA	Súria
 08276	TAGAMANENT	Tagamanent
 08277	TALAMANCA	Talamanca
 08278	TARADELL	Taradell
 08275	TAVERNOLES	Tavèrnoles
 08280	TAVERTET	Tavertet
 08281	TEIA	Teià
 08279	TERRASSA	Terrassa
 08282	TIANA	Tiana
 08283	TONA	Tona
 08284	TORDERA	Tordera
 08285	TORELLO	Torelló
 08287	TORRELAVIT	Torrelavit
 08288	TORRELLES DE FOIX	Torrelles de Foix
 08289	TORRELLES DE LLOBREGAT	Torrelles de Llobregat
 08290	ULLASTRELL	Ullastrell
 08291	VACARISSES	Vacarisses
 08292	VALLBONA D ANOIA	Vallbona d'Anoia
 08293	VALLCEBRE	Vallcebre
 08295	VALLGORGUINA	Vallgorguina
 08296	VALLIRANA	Vallirana
 08297	VALLROMANES	Vallromanes
 08298	VECIANA	Veciana
 08299	VIC	Vic
 08300	VILADA	Vilada
 08302	VILADECANS	Viladecans
 08301	VILADECAVALLS	Viladecavalls
 08306	VILAFRANCA DEL PENEDES	Vilafranca del Penedès
 08307	VILALBA SASSERRA	Vilalba Sasserra
 08304	VILANOVA DE SAU	Vilanova de Sau
 08303	VILANOVA DEL CAMI	Vilanova del Camí
 08310	VILANOVA DEL VALLES	Vilanova del Vallès
 08308	VILANOVA I LA GELTRU	Vilanova i la Geltrú
 08213	VILASSAR DE DALT	Vilassar de Dalt
 08217	VILASSAR DE MAR	Vilassar de Mar
 08305	VILOBI DEL PENEDES	Vilobí del Penedès
 08309	VIVER I SERRATEIX	Viver i Serrateix
 09001	ABAJAS	Abajas
 09003	ADRADA DE HAZA	Adrada de Haza
 09006	AGUAS CANDIDAS	Aguas Cándidas
 09007	AGUILAR DE BUREBA	Aguilar de Bureba
 09009	ALBILLOS	Albillos
 09010	ALCOCERO DE MOLA	Alcocero de Mola
 09011	ALFOZ DE BRICIA	Alfoz de Bricia
 09290	ALFOZ DE QUINTANADUEÑAS	Alfoz de Quintanadueñas
 09012	ALFOZ DE SANTA GADEA	Alfoz de Santa Gadea
 09013	ALTABLE	Altable
 09016	AMEYUGO	Ameyugo
 09017	ANGUIX	Anguix
 09018	ARANDA DE DUERO	Aranda de Duero
 09019	ARANDILLA	Arandilla
 09020	ARAUZO DE MIEL	Arauzo de Miel
 09021	ARAUZO DE SALCE	Arauzo de Salce
 09022	ARAUZO DE TORRE	Arauzo de Torre
 09023	ARCOS	Arcos
 09024	ARENILLAS DE RIOPISUERGA	Arenillas de Riopisuerga
 09026	ARIJA	Arija
 09027	ARLANZON	Arlanzón
 09028	ARRAYA DE OCA	Arraya de Oca
 09030	ATAPUERCA	Atapuerca
 09033	AVELLANOSA DE MUÑO	Avellanosa de Muñó
 09034	BAHABON DE ESGUEVA	Bahabón de Esgueva
 09036	BAÑOS DE VALDEARADOS	Baños de Valdearados
 09037	BAÑUELOS DE BUREBA	Bañuelos de Bureba
 09038	BARBADILLO DE HERREROS	Barbadillo de Herreros
 09039	BARBADILLO DEL MERCADO	Barbadillo del Mercado
 09040	BARBADILLO DEL PEZ	Barbadillo del Pez
 09042	BARRIO DE MUÑO	Barrio de Muñó
 09045	BARRIOS DE COLINA	Barrios de Colina
 09047	BASCONCILLOS DEL TOZO	Basconcillos del Tozo
 09048	BASCUÑANA	Bascuñana
 09049	BELBIMBRE	Belbimbre
 09050	BELORADO	Belorado
 09052	BERBERANA	Berberana
 09053	BERLANGAS DE ROA	Berlangas de Roa
 09054	BERZOSA DE BUREBA	Berzosa de Bureba
 09056	BOZOO	Bozoó
 09057	BRAZACORTA	Brazacorta
 09058	BRIVIESCA	Briviesca
 09059	BUGEDO	Bugedo
 09060	BUNIEL	Buniel
 09900	BURGOS	Burgos
 09062	BUSTO DE BUREBA	Busto de Bureba
 09063	CABAÑES DE ESGUEVA	Cabañes de Esgueva
 09064	CABEZON DE LA SIERRA	Cabezón de la Sierra
 09066	CALERUEGA	Caleruega
 09068	CAMPILLO DE ARANDA	Campillo de Aranda
 09069	CAMPOLARA	Campolara
 09070	CANICOSA DE LA SIERRA	Canicosa de la Sierra
 09071	CANTABRANA	Cantabrana
 09073	CARAZO	Carazo
 09074	CARCEDO DE BUREBA	Carcedo de Bureba
 09075	CARCEDO DE BURGOS	Carcedo de Burgos
 09076	CARDEÑADIJO	Cardeñadijo
 09077	CARDEÑAJIMENO	Cardeñajimeno
 09078	CARDEÑUELA RIOPICO	Cardeñuela Riopico
 09079	CARRIAS	Carrias
 09080	CASCAJARES DE BUREBA	Cascajares de Bureba
 09081	CASCAJARES DE LA SIERRA	Cascajares de la Sierra
 09082	CASTELLANOS DE CASTRO	Castellanos de Castro
 09086	CASTIL DE PEONES	Castil de Peones
 09085	CASTILDELGADO	Castildelgado
 09087	CASTRILLO DE LA REINA	Castrillo de la Reina
 09088	CASTRILLO DE LA VEGA	Castrillo de la Vega
 09091	CASTRILLO DE RIOPISUERGA	Castrillo de Riopisuerga
 09089	CASTRILLO DEL VAL	Castrillo del Val
 09093	CASTRILLO MOTA DE JUDIOS	Castrillo Mota de Judíos
 09094	CASTROJERIZ	Castrojeriz
 09065	CAVIA	Cavia
 09096	CAYUELA	Cayuela
 09097	CEBRECOS	Cebrecos
 09098	CELADA DEL CAMINO	Celada del Camino
 09101	CEREZO DE RIO TIRON	Cerezo de Río Tirón
 09103	CERRATON DE JUARROS	Cerratón de Juarros
 09104	CIADONCHA	Ciadoncha
 09105	CILLAPERLATA	Cillaperlata
 09106	CILLERUELO DE ABAJO	Cilleruelo de Abajo
 09107	CILLERUELO DE ARRIBA	Cilleruelo de Arriba
 09108	CIRUELOS DE CERVERA	Ciruelos de Cervera
 09111	COGOLLOS	Cogollos
 09112	CONDADO DE TREVIÑO	Condado de Treviño
 09113	CONTRERAS	Contreras
 09115	CORUÑA DEL CONDE	Coruña del Conde
 09116	COVARRUBIAS	Covarrubias
 09117	CUBILLO DEL CAMPO	Cubillo del Campo
 09118	CUBO DE BUREBA	Cubo de Bureba
 09122	CUEVAS DE SAN CLEMENTE	Cuevas de San Clemente
 09123	ENCIO	Encío
 09125	ESPINOSA DE CERVERA	Espinosa de Cervera
 09127	ESPINOSA DE LOS MONTEROS	Espinosa de los Monteros
 09126	ESPINOSA DEL CAMINO	Espinosa del Camino
 09128	ESTEPAR	Estépar
 09130	FONTIOSO	Fontioso
 09131	FRANDOVINEZ	Frandovínez
 09132	FRESNEDA DE LA SIERRA TIRON	Fresneda de la Sierra Tirón
 09133	FRESNEÑA	Fresneña
 09134	FRESNILLO DE LAS DUEÑAS	Fresnillo de las Dueñas
 09135	FRESNO DE RIO TIRON	Fresno de Río Tirón
 09136	FRESNO DE RODILLA	Fresno de Rodilla
 09137	FRIAS	Frías
 09138	FUENTEBUREBA	Fuentebureba
 09139	FUENTECEN	Fuentecén
 09140	FUENTELCESPED	Fuentelcésped
 09141	FUENTELISENDO	Fuentelisendo
 09142	FUENTEMOLINOS	Fuentemolinos
 09143	FUENTENEBRO	Fuentenebro
 09144	FUENTESPINA	Fuentespina
 09146	GALBARROS	Galbarros
 09151	GRIJALBA	Grijalba
 09152	GRISALEÑA	Grisaleña
 09154	GUMIEL DE IZAN	Gumiel de Izán
 09155	GUMIEL DE MERCADO	Gumiel de Mercado
 09157	HACINAS	Hacinas
 09158	HAZA	Haza
 09162	HONTANAS	Hontanas
 09163	HONTANGAS	Hontangas
 09165	HONTORIA DE LA CANTERA	Hontoria de la Cantera
 09167	HONTORIA DE VALDEARADOS	Hontoria de Valdearados
 09166	HONTORIA DEL PINAR	Hontoria del Pinar
 09170	HORNILLOS DEL CAMINO	Hornillos del Camino
 09172	HORTIGUELA	Hortigüela
 09173	HOYALES DE ROA	Hoyales de Roa
 09175	HUERMECES	Huérmeces
 09176	HUERTA DE ARRIBA	Huerta de Arriba
 09177	HUERTA DE REY	Huerta de Rey
 09178	HUMADA	Humada
 09179	HURONES	Hurones
 09180	IBEAS DE JUARROS	Ibeas de Juarros
 09181	IBRILLOS	Ibrillos
 09182	IGLESIARRUBIA	Iglesiarrubia
 09183	IGLESIAS	Iglesias
 09184	ISAR	Isar
 09185	ITERO DEL CASTILLO	Itero del Castillo
 09186	JARAMILLO DE LA FUENTE	Jaramillo de la Fuente
 09187	JARAMILLO QUEMADO	Jaramillo Quemado
 09192	JUNTA DE TRASLALOMA	Junta de Traslaloma
 09193	JUNTA DE VILLALBA DE LOSA	Junta de Villalba de Losa
 09194	JURISDICCION DE LARA	Jurisdicción de Lara
 09195	JURISDICCION DE SAN ZADORNIL	Jurisdicción de San Zadornil
 09120	LA CUEVA DE ROA	La Cueva de Roa
 09147	LA GALLEGA	La Gallega
 09171	LA HORRA	La Horra
 09284	LA PUEBLA DE ARGANZON	La Puebla de Arganzón
 09323	LA REVILLA Y AHEDO	La Revilla y Ahedo
 09377	LA SEQUERA DE HAZA	La Sequera de Haza
 09434	LA VID DE BUREBA	La Vid de Bureba
 09433	LA VID Y BARRIOS	La Vid y Barrios
 09169	LAS HORMAZAS	Las Hormazas
 09307	LAS QUINTANILLAS	Las Quintanillas
 09197	LERMA	Lerma
 09199	LLANO DE BUREBA	Llano de Bureba
 09014	LOS ALTOS	Los Altos
 09031	LOS AUSINES	Los Ausines
 09035	LOS BALBASES	Los Balbases
 09044	LOS BARRIOS DE BUREBA	Los Barrios de Bureba
 09200	MADRIGAL DEL MONTE	Madrigal del Monte
 09201	MADRIGALEJO DEL MONTE	Madrigalejo del Monte
 09202	MAHAMUD	Mahamud
 09203	MAMBRILLA DE CASTREJON	Mambrilla de Castrejón
 09204	MAMBRILLAS DE LARA	Mambrillas de Lara
 09205	MAMOLAR	Mamolar
 09206	MANCILES	Manciles
 09211	MAZUELA	Mazuela
 09213	MECERREYES	Mecerreyes
 09214	MEDINA DE POMAR	Medina de Pomar
 09216	MELGAR DE FERNAMENTAL	Melgar de Fernamental
 09218	MERINDAD DE CUESTA URRIA	Merindad de Cuesta-Urria
 09219	MERINDAD DE MONTIJA	Merindad de Montija
 09409	MERINDAD DE RIO UBIERNA	Merindad de Río Ubierna
 09220	MERINDAD DE SOTOSCUEVA	Merindad de Sotoscueva
 09221	MERINDAD DE VALDEPORRES	Merindad de Valdeporres
 09222	MERINDAD DE VALDIVIELSO	Merindad de Valdivielso
 09223	MILAGROS	Milagros
 09224	MIRANDA DE EBRO	Miranda de Ebro
 09225	MIRAVECHE	Miraveche
 09226	MODUBAR DE LA EMPAREDADA	Modúbar de la Emparedada
 09228	MONASTERIO DE LA SIERRA	Monasterio de la Sierra
 09229	MONASTERIO DE RODILLA	Monasterio de Rodilla
 09230	MONCALVILLO	Moncalvillo
 09231	MONTERRUBIO DE LA DEMANDA	Monterrubio de la Demanda
 09232	MONTORIO	Montorio
 09233	MORADILLO DE ROA	Moradillo de Roa
 09235	NAVA DE ROA	Nava de Roa
 09236	NAVAS DE BUREBA	Navas de Bureba
 09237	NEBREDA	Nebreda
 09238	NEILA	Neila
 09241	OLMEDILLO DE ROA	Olmedillo de Roa
 09242	OLMILLOS DE MUÑO	Olmillos de Muñó
 09245	OÑA	Oña
 09246	OQUILLAS	Oquillas
 09248	ORBANEJA RIOPICO	Orbaneja Riopico
 09250	PADILLA DE ABAJO	Padilla de Abajo
 09251	PADILLA DE ARRIBA	Padilla de Arriba
 09252	PADRONES DE BUREBA	Padrones de Bureba
 09254	PALACIOS DE LA SIERRA	Palacios de la Sierra
 09255	PALACIOS DE RIOPISUERGA	Palacios de Riopisuerga
 09256	PALAZUELOS DE LA SIERRA	Palazuelos de la Sierra
 09257	PALAZUELOS DE MUÑO	Palazuelos de Muñó
 09258	PAMPLIEGA	Pampliega
 09259	PANCORBO	Pancorbo
 09261	PARDILLA	Pardilla
 09263	PARTIDO DE LA SIERRA EN TOBALI	Partido de la Sierra en Tobalina
 09264	PEDROSA DE DUERO	Pedrosa de Duero
 09267	PEDROSA DE RIO URBEL	Pedrosa de Río Úrbel
 09265	PEDROSA DEL PARAMO	Pedrosa de Duero
 09266	PEDROSA DEL PRINCIPE	Pedrosa del Príncipe
 09269	PEÑARANDA DE DUERO	Peñaranda de Duero
 09270	PERAL DE ARLANZA	Peral de Arlanza
 09273	PIERNIGAS	Piérnigas
 09274	PINEDA DE LA SIERRA	Pineda de la Sierra
 09275	PINEDA TRASMONTE	Pineda Trasmonte
 09276	PINILLA DE LOS BARRUECOS	Pinilla de los Barruecos
 09277	PINILLA DE LOS MOROS	Pinilla de los Moros
 09278	PINILLA TRASMONTE	Pinilla Trasmonte
 09280	POZA DE LA SAL	Poza de la Sal
 09281	PRADANOS DE BUREBA	Prádanos de Bureba
 09282	PRADOLUENGO	Pradoluengo
 09283	PRESENCIO	Presencio
 09285	PUENTEDURA	Puentedura
 09287	QUEMADA	Quemada
 09289	QUINTANA DEL PIDIO	Quintana del Pidio
 09288	QUINTANABUREBA	Quintanabureba
 09291	QUINTANAELEZ	Quintanaélez
 09296	QUINTANAORTUÑO	Quintanaortuño
 09297	QUINTANAPALLA	Quintanapalla
 09298	QUINTANAR DE LA SIERRA	Quintanar de la Sierra
 09301	QUINTANAVIDES	Quintanavides
 09304	QUINTANILLA DE LA MATA	Quintanilla de la Mata
 09303	QUINTANILLA DEL AGUA Y TORDUEL	Quintanilla del Agua y Tordueles
 09305	QUINTANILLA DEL COCO	Quintanilla del Coco
 09308	QUINTANILLA SAN GARCIA	Quintanilla San García
 09311	QUINTANILLA VIVAR	Quintanilla Vivar
 09312	RABANERA DEL PINAR	Rabanera del Pinar
 09313	RABANOS	Rábanos
 09314	RABE DE LAS CALZADAS	Rabé de las Calzadas
 09316	REBOLLEDO DE LA TORRE	Rebolledo de la Torre
 09317	REDECILLA DEL CAMINO	Redecilla del Camino
 09318	REDECILLA DEL CAMPO	Redecilla del Campo
 09319	REGUMIEL DE LA SIERRA	Regumiel de la Sierra
 09320	REINOSO	Reinoso
 09322	RETUERTA	Retuerta
 09325	REVILLA DEL CAMPO	Revilla del Campo
 09327	REVILLA VALLEJERA	Revilla Vallejera
 09326	REVILLARRUZ	Revillarruz
 09328	REZMONDO	Rezmondo
 09329	RIOCAVADO DE LA SIERRA	Riocavado de la Sierra
 09332	ROA	Roa
 09334	ROJAS	Rojas
 09336	ROYUELA DE RIO FRANCO	Royuela de Río Franco
 09337	RUBENA	Rubena
 09338	RUBLACEDO DE ABAJO	Rublacedo de Abajo
 09339	RUCANDIO	Rucandio
 09340	SALAS DE BUREBA	Salas de Bureba
 09341	SALAS DE LOS INFANTES	Salas de los Infantes
 09343	SALDAÑA DE BURGOS	Saldaña de Burgos
 09345	SALINILLAS DE BUREBA	Salinillas de Bureba
 09346	SAN ADRIAN DE JUARROS	San Adrián de Juarros
 09348	SAN JUAN DEL MONTE	San Juan del Monte
 09349	SAN MAMES DE BURGOS	San Mamés de Burgos
 09350	SAN MARTIN DE RUBIALES	San Martín de Rubiales
 09351	SAN MILLAN DE LARA	San Millán de Lara
 09372	SAN VICENTE DEL VALLE	San Vicente del Valle
 09354	SANTA CECILIA	Santa Cecilia
 09356	SANTA CRUZ DE LA SALCEDA	Santa Cruz de la Salceda
 09357	SANTA CRUZ DEL VALLE URBION	Santa Cruz del Valle Urbión
 09358	SANTA GADEA DEL CID	Santa Gadea del Cid
 09359	SANTA INES	Santa Inés
 09361	SANTA MARIA DEL CAMPO	Santa María del Campo
 09362	SANTA MARIA DEL INVIERNO	Santa María del Invierno
 09363	SANTA MARIA DEL MERCADILLO	Santa María del Mercadillo
 09364	SANTA MARIA RIBARREDONDA	Santa María Ribarredonda
 09366	SANTA OLALLA DE BUREBA	Santa Olalla de Bureba
 09367	SANTIBAÑEZ DE ESGUEVA	Santibáñez de Esgueva
 09368	SANTIBAÑEZ DEL VAL	Santibáñez del Val
 09370	SANTO DOMINGO DE SILOS	Santo Domingo de Silos
 09373	SARGENTES DE LA LORA	Sargentes de la Lora
 09374	SARRACIN	Sarracín
 09375	SASAMON	Sasamón
 09378	SOLARANA	Solarana
 09380	SORDILLOS	Sordillos
 09381	SOTILLO DE LA RIBERA	Sotillo de la Ribera
 09384	SOTRAGERO	Sotragero
 09385	SOTRESGUDO	Sotresgudo
 09386	SUSINOS DEL PARAMO	Susinos del Páramo
 09387	TAMARON	Tamarón
 09389	TARDAJOS	Tardajos
 09390	TEJADA	Tejada
 09392	TERRADILLOS DE ESGUEVA	Terradillos de Esgueva
 09393	TINIEBLAS DE LA SIERRA	Tinieblas de la Sierra
 09394	TOBAR	Tobar
 09396	TORDOMAR	Tordómar
 09398	TORRECILLA DEL MONTE	Torrecilla del Monte
 09399	TORREGALINDO	Torregalindo
 09400	TORRELARA	Torrelara
 09401	TORREPADRE	Torrepadre
 09402	TORRESANDINO	Torresandino
 09403	TORTOLES DE ESGUEVA	Tórtoles de Esgueva
 09404	TOSANTOS	Tosantos
 09406	TRESPADERNE	Trespaderne
 09407	TUBILLA DEL AGUA	Tubilla del Agua
 09408	TUBILLA DEL LAGO	Tubilla del Lago
 09410	URBEL DEL CASTILLO	Úrbel del Castillo
 09412	VADOCONDES	Vadocondes
 09415	VALDEANDE	Valdeande
 09417	VALDEZATE	Valdezate
 09418	VALDORROS	Valdorros
 09420	VALLARTA DE BUREBA	Vallarta de Bureba
 09331	VALLE DE LAS NAVAS	Valle de las Navas
 09191	VALLE DE LOSA	Valle de Losa
 09421	VALLE DE MANZANEDO	Valle de Manzanedo
 09422	VALLE DE MENA	Valle de Mena
 09423	VALLE DE OCA	Valle de Oca
 09369	VALLE DE SANTIBAÑEZ	Valle de Santibáñez
 09376	VALLE DE SEDANO	Valle de Sedano
 09424	VALLE DE TOBALINA	Valle de Tobalina
 09425	VALLE DE VALDEBEZANA	Valle de Valdebezana
 09426	VALLE DE VALDELAGUNA	Valle de Valdelaguna
 09427	VALLE DE VALDELUCIO	Valle de Valdelucio
 09428	VALLE DE ZAMANZAS	Valle de Zamanzas
 09429	VALLEJERA	Vallejera
 09430	VALLES DE PALENZUELA	Valles de Palenzuela
 09431	VALLUERCANES	Valluércanes
 09419	VALMALA	Valmala
 09435	VILEÑA	Vileña
 09439	VILLADIEGO	Villadiego
 09440	VILLAESCUSA DE ROA	Villaescusa de Roa
 09441	VILLAESCUSA LA SOMBRIA	Villaescusa la Sombría
 09442	VILLAESPASA	Villaespasa
 09443	VILLAFRANCA MONTES DE OCA	Villafranca Montes de Oca
 09445	VILLAFRUELA	Villafruela
 09446	VILLAGALIJO	Villagalijo
 09447	VILLAGONZALO PEDERNALES	Villagonzalo Pedernales
 09450	VILLAHOZ	Villahoz
 09451	VILLALBA DE DUERO	Villalba de Duero
 09452	VILLALBILLA DE BURGOS	Villalbilla de Burgos
 09453	VILLALBILLA DE GUMIEL	Villalbilla de Gumiel
 09455	VILLALDEMIRO	Villaldemiro
 09456	VILLALMANZO	Villalmanzo
 09458	VILLAMAYOR DE LOS MONTES	Villamayor de los Montes
 09459	VILLAMAYOR DE TREVIÑO	Villamayor de Treviño
 09460	VILLAMBISTIA	Villambistia
 09461	VILLAMEDIANILLA	Villamedianilla
 09462	VILLAMIEL DE LA SIERRA	Villamiel de la Sierra
 09463	VILLANGOMEZ	Villangómez
 09464	VILLANUEVA DE ARGAÑO	Villanueva de Argaño
 09465	VILLANUEVA DE CARAZO	Villanueva de Carazo
 09466	VILLANUEVA DE GUMIEL	Villanueva de Gumiel
 09470	VILLANUEVA DE TEBA	Villanueva de Teba
 09471	VILLAQUIRAN DE LA PUEBLA	Villaquirán de la Puebla
 09472	VILLAQUIRAN DE LOS INFANTES	Villaquirán de los Infantes
 09473	VILLARCAYO DE MERINDAD DE CAST	Villarcayo de Merindad de Castilla la Vieja
 09474	VILLARIEZO	Villariezo
 09477	VILLASANDINO	Villasandino
 09480	VILLASUR DE HERREROS	Villasur de Herreros
 09481	VILLATUELDA	Villatuelda
 09483	VILLAVERDE DEL MONTE	Villaverde del Monte
 09484	VILLAVERDE MOGINA	Villaverde-Mogina
 09488	VILLAYERNO MORQUILLAS	Villayerno Morquillas
 09489	VILLAZOPEQUE	Villazopeque
 09490	VILLEGAS	Villegas
 09493	VILLORUEBO	Villoruebo
 09436	VILORIA DE RIOJA	Viloria de Rioja
 09437	VILVIESTRE DEL PINAR	Vilviestre del Pinar
 09496	VIZCAINOS	Vizcaínos
 09498	ZAEL	Zael
 09500	ZARZOSA DE RIO PISUERGA	Zarzosa de Río Pisuerga
 09501	ZAZUAR	Zazuar
 09503	ZUÑEDA	Zuñeda
 10001	ABADIA	Abadía
 10002	ABERTURA	Abertura
 10003	ACEBO	Acebo
 10004	ACEHUCHE	Acehúche
 10005	ACEITUNA	Aceituna
 10006	AHIGAL	Ahigal
 10224	ALAGON DEL RIO	Alagón del Río
 10007	ALBALA	Albalá
 10008	ALCANTARA	Alcántara
 10009	ALCOLLARIN	Alcollarín
 10010	ALCUESCAR	Alcuéscar
 10012	ALDEA DEL CANO	Aldea del Cano
 10011	ALDEACENTENERA	Aldeacentenera
 10014	ALDEANUEVA DE LA VERA	Aldeanueva de la Vera
 10015	ALDEANUEVA DEL CAMINO	Aldeanueva del Camino
 10016	ALDEHUELA DE JERTE	Aldehuela del Jerte
 10017	ALIA	Alía
 10018	ALISEDA	Aliseda
 10019	ALMARAZ	Almaraz
 10020	ALMOHARIN	Almoharín
 10022	ARROYO DE LA LUZ	Arroyo de la Luz
 10024	ARROYOMOLINOS	Arroyomolinos
 10023	ARROYOMOLINOS DE LA VERA	Arroyomolinos de la Vera
 10025	BAÑOS DE MONTEMAYOR	Baños de Montemayor
 10026	BARRADO	Barrado
 10027	BELVIS DE MONROY	Belvís de Monroy
 10028	BENQUERENCIA	Benquerencia
 10029	BERROCALEJO	Berrocalejo
 10030	BERZOCANA	Berzocana
 10031	BOHONAL DE IBOR	Bohonal de Ibor
 10032	BOTIJA	Botija
 10033	BROZAS	Brozas
 10034	CABAÑAS DEL CASTILLO	Cabañas del Castillo
 10035	CABEZABELLOSA	Cabezabellosa
 10036	CABEZUELA DEL VALLE	Cabezuela del Valle
 10037	CABRERO	Cabrero
 10900	CACERES	Cáceres
 10039	CACHORRILLA	Cachorrilla
 10040	CADALSO	Cadalso
 10041	CALZADILLA	Calzadilla
 10042	CAMINOMORISCO	Caminomorisco
 10043	CAMPILLO DE DELEITOSA	Campillo de Deleitosa
 10044	CAMPO LUGAR	Campo Lugar
 10045	CAÑAMERO	Cañamero
 10046	CAÑAVERAL	Cañaveral
 10047	CARBAJO	Carbajo
 10048	CARCABOSO	Carcaboso
 10049	CARRASCALEJO	Carrascalejo
 10050	CASAR DE CACERES	Casas del Castañar
 10051	CASAR DE PALOMERO	Casar de Palomero
 10052	CASARES DE LAS HURDES	Casares de las Hurdes
 10053	CASAS DE DON ANTONIO	Casas de Don Antonio
 10054	CASAS DE DON GOMEZ	Casas de Don Gómez
 10057	CASAS DE MILLAN	Casas de Millán
 10058	CASAS DE MIRAVETE	Casas de Miravete
 10055	CASAS DEL CASTAÑAR	Casas del Castañar
 10056	CASAS DEL MONTE	Casas del Monte
 10059	CASATEJADA	Casatejada
 10060	CASILLAS DE CORIA	Casillas de Coria
 10061	CASTAÑAR DE IBOR	Castañar de Ibor
 10062	CECLAVIN	Ceclavín
 10063	CEDILLO	Cedillo
 10064	CEREZO	Cerezo
 10065	CILLEROS	Cilleros
 10066	COLLADO DE LA VERA	Collado de la Vera
 10067	CONQUISTA DE LA SIERRA	Conquista de la Sierra
 10068	CORIA	Coria
 10069	CUACOS DE YUSTE	Cuacos de Yuste
 10071	DELEITOSA	Deleitosa
 10072	DESCARGAMARIA	Descargamaría
 10086	EL GORDO	El Gordo
 10188	EL TORNO	El Torno
 10073	ELJAS	Eljas
 10074	ESCURIAL	Escurial
 10076	FRESNEDOSO DE IBOR	Fresnedoso de Ibor
 10077	GALISTEO	Galisteo
 10078	GARCIAZ	Garciaz
 10080	GARGANTA LA OLLA	Garganta la Olla
 10081	GARGANTILLA	Gargantilla
 10082	GARGUERA	Gargüera
 10083	GARROVILLAS DE ALCONETAR	Garrovillas de Alconétar
 10084	GARVIN	Garvín
 10085	GATA	Gata
 10090	GUADALUPE	Guadalupe
 10091	GUIJO DE CORIA	Guijo de Coria
 10092	GUIJO DE GALISTEO	Guijo de Galisteo
 10093	GUIJO DE GRANADILLA	Guijo de Granadilla
 10094	GUIJO DE SANTA BARBARA	Guijo de Santa Bárbara
 10095	HERGUIJUELA	Herguijuela
 10096	HERNAN PEREZ	Hernán-Pérez
 10097	HERRERA DE ALCANTARA	Herrera de Alcántara
 10098	HERRERUELA	Herreruela
 10099	HERVAS	Hervás
 10100	HIGUERA	Holguera
 10101	HINOJAL	Hinojal
 10102	HOLGUERA	Holguera
 10103	HOYOS	Hoyos
 10104	HUELAGA	Huélaga
 10105	IBAHERNANDO	Ibahernando
 10106	JARAICEJO	Jaraicejo
 10107	JARAIZ DE LA VERA	Jaraíz de la Vera
 10108	JARANDILLA DE LA VERA	Jarandilla de la Vera
 10109	JARILLA	Jarilla
 10110	JERTE	Jerte
 10013	LA ALDEA DEL OBISPO	La Aldea del Obispo
 10070	LA CUMBRE	La Cumbre
 10079	LA GARGANTA	La Garganta
 10088	LA GRANJA	La Granja
 10147	LA PESGA	La Pesga
 10111	LADRILLAR	Ladrillar
 10112	LOGROSAN	Logrosán
 10113	LOSAR DE LA VERA	Losar de la Vera
 10114	MADRIGAL DE LA VERA	Madrigal de la Vera
 10115	MADRIGALEJO	Madrigalejo
 10116	MADROÑERA	Madroñera
 10117	MAJADAS	Majadas
 10118	MALPARTIDA DE CACERES	Malpartida de Cáceres
 10119	MALPARTIDA DE PLASENCIA	Malpartida de Plasencia
 10120	MARCHAGAZ	Marchagaz
 10121	MATA DE ALCANTARA	Mata de Alcántara
 10122	MEMBRIO	Membrío
 10123	MESAS DE IBOR	Mesas de Ibor
 10124	MIAJADAS	Miajadas
 10125	MILLANES	Millanes
 10126	MIRABEL	Mirabel
 10127	MOHEDAS DE GRANADILLA	Mohedas de Granadilla
 10128	MONROY	Monroy
 10129	MONTANCHEZ	Montánchez
 10130	MONTEHERMOSO	Montehermoso
 10131	MORALEJA	Moraleja
 10132	MORCILLO	Morcillo
 10133	NAVACONCEJO	Navaconcejo
 10134	NAVALMORAL DE LA MATA	Navalmoral de la Mata
 10135	NAVALVILLAR DE IBOR	Navalvillar de Ibor
 10136	NAVAS DEL MADROÑO	Navas del Madroño
 10137	NAVEZUELAS	Navezuelas
 10138	NUÑOMORAL	Nuñomoral
 10139	OLIVA DE PLASENCIA	Oliva de Plasencia
 10140	PALOMERO	Palomero
 10141	PASARON DE LA VERA	Pasarón de la Vera
 10142	PEDROSO DE ACIM	Pedroso de Acim
 10143	PERALEDA DE LA MATA	Peraleda de la Mata
 10144	PERALEDA DE SAN ROMAN	Peraleda de San Román
 10145	PERALES DEL PUERTO	Perales del Puerto
 10146	PESCUEZA	Pescueza
 10148	PIEDRAS ALBAS	Piedras Albas
 10149	PINOFRANQUEADO	Pinofranqueado
 10150	PIORNAL	Piornal
 10151	PLASENCIA	Plasencia
 10152	PLASENZUELA	Plasenzuela
 10153	PORTAJE	Portaje
 10154	PORTEZUELO	Portezuelo
 10155	POZUELO DE ZARZON	Pozuelo de Zarzón
 10227	PUEBLONUEVO DE MIRAMONTES	Pueblonuevo de Miramontes
 10156	PUERTO DE SANTA CRUZ	Puerto de Santa Cruz
 10157	REBOLLAR	Rebollar
 10158	RIOLOBOS	Riolobos
 10159	ROBLEDILLO DE GATA	Robledillo de Gata
 10160	ROBLEDILLO DE LA VERA	Robledillo de la Vera
 10161	ROBLEDILLO DE TRUJILLO	Robledillo de Trujillo
 10162	ROBLEDOLLANO	Robledollano
 10163	ROMANGORDO	Romangordo
 10901	ROSALEJO	Rosalejo
 10164	RUANES	Ruanes
 10165	SALORINO	Salorino
 10166	SALVATIERRA DE SANTIAGO	Salvatierra de Santiago
 10167	SAN MARTIN DE TREVEJO	San Martín de Trevejo
 10168	SANTA ANA	Santa Ana
 10169	SANTA CRUZ DE LA SIERRA	Santa Cruz de la Sierra
 10170	SANTA CRUZ DE PANIAGUA	Santa Cruz de Paniagua
 10171	SANTA MARTA DE MAGASCA	Santa Marta de Magasca
 10172	SANTIAGO DE ALCANTARA	Santiago de Alcántara
 10173	SANTIAGO DEL CAMPO	Santiago del Campo
 10174	SANTIBAÑEZ EL ALTO	Santibáñez el Alto
 10175	SANTIBAÑEZ EL BAJO	Santibáñez el Bajo
 10176	SAUCEDILLA	Saucedilla
 10177	SEGURA DE TORO	Segura de Toro
 10178	SERRADILLA	Serradilla
 10179	SERREJON	Serrejón
 10180	SIERRA DE FUENTES	Sierra de Fuentes
 10181	TALAVAN	Talaván
 10183	TALAVERUELA DE LA VERA	Talaveruela de la Vera
 10184	TALAYUELA	Talayuela
 10185	TEJEDA DE TIETAR	Tejeda de Tiétar
 10226	TIETAR	Tiétar
 10186	TORIL	Toril
 10187	TORNAVACAS	Tornavacas
 10191	TORRE DE DON MIGUEL	Torre de Don Miguel
 10192	TORRE DE SANTA MARIA	Torre de Santa María
 10189	TORRECILLA DE LOS ANGELES	Torrecilla de los Ángeles
 10190	TORRECILLAS DE LA TIESA	Torrecillas de la Tiesa
 10194	TORREJON EL RUBIO	Torrejón el Rubio
 10193	TORREJONCILLO	Torrejoncillo
 10195	TORREMENGA	Torremenga
 10196	TORREMOCHA	Torremocha
 10197	TORREORGAZ	Torreorgaz
 10198	TORREQUEMADA	Torrequemada
 10199	TRUJILLO	Trujillo
 10200	VALDASTILLAS	Valdastillas
 10201	VALDECAÑAS DE TAJO	Valdecañas de Tajo
 10202	VALDEFUENTES	Valdefuentes
 10203	VALDEHUNCAR	Valdehúncar
 10204	VALDELACASA DE TAJO	Valdelacasa de Tajo
 10205	VALDEMORALES	Valdemorales
 10206	VALDEOBISPO	Valdeobispo
 10207	VALENCIA DE ALCANTARA	Valencia de Alcántara
 10208	VALVERDE DE LA VERA	Valverde de la Vera
 10209	VALVERDE DEL FRESNO	Valverde del Fresno
 10225	VEGAVIANA	Vegaviana
 10210	VIANDAR DE LA VERA	Viandar de la Vera
 10211	VILLA DEL CAMPO	Villa del Campo
 10212	VILLA DEL REY	Villa del Rey
 10213	VILLAMESIAS	Villamesías
 10214	VILLAMIEL	Villamiel
 10215	VILLANUEVA DE LA SIERRA	Villanueva de la Sierra
 10216	VILLANUEVA DE LA VERA	Villanueva de la Vera
 10218	VILLAR DE PLASENCIA	Villar de Plasencia
 10217	VILLAR DEL PEDROSO	Villar del Pedroso
 10219	VILLASBUENAS DE GATA	Villasbuenas de Gata
 10220	ZARZA DE GRANADILLA	Zarza de Granadilla
 10221	ZARZA DE MONTANCHEZ	Zarza de Montánchez
 10222	ZARZA LA MAYOR	Zarza la Mayor
 10223	ZORITA	Zorita
 11001	ALCALA DE LOS GAZULES	Alcalá de los Gazules
 11002	ALCALA DEL VALLE	Alcalá del Valle
 11004	ALGECIRAS	Algeciras
 11005	ALGODONALES	Algodonales
 11007	BARBATE	Barbate
 11043	BENALUP CASAS VIEJAS	Benalup-Casas Viejas
 11009	BENAOCAZ	Benaocaz
 11900	CADIZ	Cádiz
 11013	CASTELLAR DE LA FRONTERA	Castellar de la Frontera
 11015	CHICLANA DE LA FRONTERA	Chiclana de la Frontera
 11016	CHIPIONA	Chipiona
 11014	CONIL DE LA FRONTERA	Conil de la Frontera
 11011	EL BOSQUE	El Bosque
 11018	EL GASTOR	El Gastor
 11027	EL PUERTO DE SANTA MARIA	El Puerto de Santa María
 11019	GRAZALEMA	Grazalema
 11021	JIMENA DE LA FRONTERA	Jimena de la Frontera
 11022	LA LINEA DE LA CONCEPCION	La Línea de la Concepción
 11008	LOS BARRIOS	Los Barrios
 11023	MEDINA SIDONIA	Medina Sidonia
 11024	OLVERA	Olvera
 11025	PATERNA DE RIVERA	Paterna de Rivera
 11028	PUERTO REAL	Puerto Real
 11029	PUERTO SERRANO	Puerto Serrano
 11030	ROTA	Rota
 11031	SAN FERNANDO	San Fernando
 11045	SAN MARTIN DEL TESORILLO	San Martín del Tesorillo
 11033	SAN ROQUE	San Roque
 11032	SANLUCAR DE BARRAMEDA	Sanlúcar de Barrameda
 11034	SETENIL DE LAS BODEGAS	Setenil de las Bodegas
 11035	TARIFA	Tarifa
 11036	TORRE ALHAQUIME	Torre Alháquime
 11037	TREBUJENA	Trebujena
 11038	UBRIQUE	Ubrique
 11039	VEJER DE LA FRONTERA	Vejer de la Frontera
 11040	VILLALUENGA DEL ROSARIO	Villaluenga del Rosario
 11042	ZAHARA	Zahara
 12002	AIN	Aín
 12003	ALBOCASSER	Albocàsser
 12004	ALCALA DE XIVERT	Alcalà de Xivert
 12006	ALCUDIA DE VEO	Alcudia de Veo
 12007	ALFONDEGUILLA	Alfondeguilla
 12008	ALGIMIA DE ALMONACID	Algimia de Almonacid
 12009	ALMASSORA	Almassora
 12010	ALMEDIJAR	Almedíjar
 12011	ALMENARA	Almenara
 12012	ALTURA	Altura
 12013	ARAÑUEL	Arañuel
 12014	ARES DEL MAESTRAT	Ares del Maestrat
 12015	ARGELITA	Argelita
 12016	ARTANA	Artana
 12001	ATZENETA DEL MAESTRAT	Atzeneta del Maestrat
 12017	AYODAR	Ayódar
 12018	AZUEBAR	Azuébar
 12020	BARRACAS	Barracas
 12022	BEJIS	Bejís
 12024	BENAFER	Benafer
 12025	BENAFIGOS	Benafigos
 12026	BENASSAL	Benassal
 12027	BENICARLO	Benicarló
 12028	BENICASIM   BENICASSIM	Benicàssim/Benicasim
 12029	BENLLOCH	Benlloc
 12021	BETXI	Betxí
 12032	BORRIANA   BURRIANA	Borriana/Burriana
 12031	BORRIOL	Borriol
 12033	CABANES	Cabanes
 12034	CALIG	Càlig
 12036	CANET LO ROIG	Canet lo Roig
 12037	CASTELL DE CABRES	Castell de Cabres
 12038	CASTELLFORT	Castellfort
 12039	CASTELLNOVO	Castellnovo
 12900	CASTELLO DE LA PLANA	Castillo de Villamalefa
 12041	CASTILLO DE VILLAMALEFA	Castillo de Villamalefa
 12042	CATI	Catí
 12043	CAUDIEL	Caudiel
 12044	CERVERA DEL MAESTRE	Cervera del Maestre
 12053	CHILCHES XILXES	Chilches/Xilxes
 12055	CHODOS   XODOS	Xodos/Chodos
 12056	CHOVAR	Chóvar
 12045	CINCTORRES	Cinctorres
 12046	CIRAT	Cirat
 12048	CORTES DE ARENOSO	Cortes de Arenoso
 12049	COSTUR	Costur
 12050	COVES DE VINROMA LES	les Coves de Vinromà
 12051	CULLA	Culla
 12115	EL TORO	El Toro
 12057	ESLIDA	Eslida
 12058	ESPADILLA	Espadilla
 12059	FANZARA	Fanzara
 12060	FIGUEROLES	Figueroles
 12061	FORCALL	Forcall
 12063	FUENTE LA REINA	Fuente la Reina
 12064	FUENTES DE AYODAR	Fuentes de Ayódar
 12065	GAIBIEL	Gaibiel
 12067	GELDO	Geldo
 12068	HERBES	Herbers
 12069	HIGUERAS	Higueras
 12071	JERICA	Jérica
 12070	LA JANA	la Jana
 12074	LA LLOSA	la Llosa
 12075	LA MATA DE MORELLA	la Mata de Morella
 12093	LA POBLA DE BENIFASSA	la Pobla de Benifassà
 12094	LA POBLA TORNESA	la Pobla Tornesa
 12098	LA SALZADELLA	la Salzadella
 12103	LA SERRATELLA	la Serratella
 12119	LA TORRE D EN BESORA	la Torre d'en Besora
 12126	LA VALL D UIXO	la Vall d'Uixó
 12136	LA VILAVELLA	la Vilavella
 12005	L ALCORA	l'Alcora
 12143	LES ALQUERIES ALQUERIAS DEL NI	les Alqueries/Alquerías del Niño Perdido
 12072	LLUCENA LUCENA DEL CID	Llucena/Lucena del Cid
 12073	LUDIENTE	Ludiente
 12076	MATET	Matet
 12077	MONCOFA	Moncofa
 12078	MONTAN	Montán
 12079	MONTANEJOS	Montanejos
 12080	MORELLA	Morella
 12081	NAVAJAS	Navajas
 12082	NULES	Nules
 12083	OLOCAU DEL REY	Olocau del Rey
 12084	ONDA	Onda
 12085	ORPESA OROPESA DEL MAR	Orpesa/Oropesa del Mar
 12087	PALANQUES	Palanques
 12088	PAVIAS	Pavías
 12089	PENISCOLA   PEÑISCOLA	Peníscola/Peñíscola
 12090	PINA DE MONTALGRAO	Pina de Montalgrao
 12091	PORTELL DE MORELLA	Portell de Morella
 12092	PUEBLA DE ARENOSO	Puebla de Arenoso
 12095	RIBESALBES	Ribesalbes
 12096	ROSSELL	Rossell
 12097	SACAÑET	Sacañet
 12101	SAN RAFAEL DEL RIO	San Rafael del Río
 12144	SANT JOAN DE MORO	Sant Joan de Moró
 12099	SANT JORDI SAN JORGE	Sant Jordi/San Jorge
 12100	SANT MATEU	Sant Mateu
 12102	SANTA MAGDALENA DE PULPIS	Santa Magdalena de Pulpis
 12104	SEGORBE	Segorbe
 12105	SIERRA ENGARCERAN	Sierra Engarcerán
 12106	SONEJA	Soneja
 12107	SOT DE FERRER	Sot de Ferrer
 12108	SUERAS SUERA	Suera/Sueras
 12109	TALES	Tales
 12110	TERESA	Teresa
 12111	TIRIG	Tírig
 12112	TODOLELLA	Todolella
 12113	TOGA	Toga
 12114	TORAS	Torás
 12116	TORRALBA DEL PINAR	Torralba del Pinar
 12120	TORRE D EN DOMENEC	la Torre d'en Doménec
 12117	TORREBLANCA	Torreblanca
 12118	TORRECHIVA	Torrechiva
 12121	TRAIGUERA	Traiguera
 12122	USERAS   LES USERES	les Useres/Useras
 12124	VALL D ALBA	Vall d'Alba
 12125	VALL DE ALMONACID	Vall de Almonacid
 12123	VALLAT	Vallat
 12127	VALLIBONA	Vallibona
 12128	VILAFAMES	Vilafamés
 12129	VILAFRANCA VILLAFRANCA DEL CID	Vilafranca/Villafranca del Cid
 12132	VILANOVA D ALCOLEA	Vilanova d'Alcolea
 12134	VILAR DE CANES	Vilar de Canes
 12135	VILA REAL	Vila-real
 12130	VILLAHERMOSA DEL RIO	Villahermosa del Río
 12131	VILLAMALUR	Villamalur
 12133	VILLANUEVA DE VIVER	Villanueva de Viver
 12137	VILLORES	Villores
 12138	VINAROS	Vinaròs
 12139	VISTABELLA DEL MAESTRAT	Vistabella del Maestrat
 12140	VIVER	Viver
 12052	XERT	Xert
 12141	ZORITA DEL MAESTRAZGO	Zorita del Maestrazgo
 12142	ZUCAINA	Zucaina
 13001	ABENOJAR	Abenójar
 13002	AGUDO	Agudo
 13003	ALAMILLO	Alamillo
 13004	ALBALADEJO	Albaladejo
 13005	ALCAZAR DE SAN JUAN	Alcázar de San Juan
 13006	ALCOBA	Alcoba
 13007	ALCOLEA DE CALATRAVA	Alcolea de Calatrava
 13008	ALCUBILLAS	Alcubillas
 13009	ALDEA DEL REY	Aldea del Rey
 13010	ALHAMBRA	Alhambra
 13011	ALMADEN	Almadén
 13012	ALMADENEJOS	Almadenejos
 13013	ALMAGRO	Almagro
 13014	ALMEDINA	Almedina
 13015	ALMODOVAR DEL CAMPO	Almodóvar del Campo
 13016	ALMURADIEL	Almuradiel
 13017	ANCHURAS	Anchuras
 13101	ARENALES DE SAN GREGORIO	Arenales de San Gregorio
 13018	ARENAS DE SAN JUAN	Arenas de San Juan
 13019	ARGAMASILLA DE ALBA	Argamasilla de Alba
 13020	ARGAMASILLA DE CALATRAVA	Argamasilla de Calatrava
 13021	ARROBA DE LOS MONTES	Arroba de los Montes
 13022	BALLESTEROS DE CALATRAVA	Ballesteros de Calatrava
 13023	BOLAÑOS DE CALATRAVA	Bolaños de Calatrava
 13024	BRAZATORTAS	Brazatortas
 13025	CABEZARADOS	Cabezarados
 13026	CABEZARRUBIAS DEL PUERTO	Cabezarrubias del Puerto
 13027	CALZADA DE CALATRAVA	Calzada de Calatrava
 13028	CAMPO DE CRIPTANA	Campo de Criptana
 13029	CAÑADA DE CALATRAVA	Cañada de Calatrava
 13030	CARACUEL DE CALATRAVA	Caracuel de Calatrava
 13031	CARRION DE CALATRAVA	Carrión de Calatrava
 13032	CARRIZOSA	Carrizosa
 13033	CASTELLAR DE SANTIAGO	Castellar de Santiago
 13038	CHILLON	Chillón
 13900	CIUDAD REAL	Ciudad Real
 13035	CORRAL DE CALATRAVA	Corral de Calatrava
 13037	COZAR	Cózar
 13039	DAIMIEL	Daimiel
 13099	EL ROBLEDO	El Robledo
 13040	FERNAN CABALLERO	Fernán Caballero
 13041	FONTANAREJO	Fontanarejo
 13042	FUENCALIENTE	Fuencaliente
 13043	FUENLLANA	Fuenllana
 13044	FUENTE EL FRESNO	Fuente el Fresno
 13045	GRANATULA DE CALATRAVA	Granátula de Calatrava
 13046	GUADALMEZ	Guadalmez
 13047	HERENCIA	Herencia
 13048	HINOJOSAS DE CALATRAVA	Hinojosas de Calatrava
 13049	HORCAJO DE LOS MONTES	Horcajo de los Montes
 13079	LA SOLANA	La Solana
 13050	LAS LABORES	Las Labores
 13102	LLANOS DEL CAUDILLO	Llanos del Caudillo
 13036	LOS CORTIJOS	Los Cortijos
 13067	LOS POZUELOS DE CVA	Los Pozuelos de Calatrava
 13051	LUCIANA	Luciana
 13052	MALAGON	Malagón
 13053	MANZANARES	Manzanares
 13054	MEMBRILLA	Membrilla
 13055	MESTANZA	Mestanza
 13056	MIGUELTURRA	Miguelturra
 13057	MONTIEL	Montiel
 13058	MORAL DE CALATRAVA	Moral de Calatrava
 13059	NAVALPINO	Navalpino
 13060	NAVAS DE ESTENA	Navas de Estena
 13061	PEDRO MUÑOZ	Pedro Muñoz
 13062	PICON	Picón
 13063	PIEDRABUENA	Piedrabuena
 13064	POBLETE	Poblete
 13065	PORZUNA	Porzuna
 13066	POZUELO DE CALATRAVA	Pozuelo de Calatrava
 13068	PUEBLA DE DON RODRIGO	Puebla de Don Rodrigo
 13069	PUEBLA DEL PRINCIPE	Puebla del Príncipe
 13070	PUERTO LAPICE	Puerto Lápice
 13071	PUERTOLLANO	Puertollano
 13072	RETUERTA DEL BULLAQUE	Retuerta del Bullaque
 13100	RUIDERA	Ruidera
 13073	SACERUELA	Saceruela
 13074	SAN CARLOS DEL VALLE	San Carlos del Valle
 13075	SAN LORENZO DE CALATRAVA	San Lorenzo de Calatrava
 13076	SANTA CRUZ DE LOS CAÑAMOS	Santa Cruz de los Cáñamos
 13077	SANTA CRUZ DE MUDELA	Santa Cruz de Mudela
 13078	SOCUELLAMOS	Socuéllamos
 13080	SOLANA DEL PINO	Solana del Pino
 13081	TERRINCHES	Terrinches
 13082	TOMELLOSO	Tomelloso
 13083	TORRALBA DE CALATRAVA	Torralba de Calatrava
 13084	TORRE DE JUAN ABAD	Torre de Juan Abad
 13085	TORRENUEVA	Torrenueva
 13086	VALDEMANCO DEL ESTERAS	Valdemanco del Esteras
 13087	VALDEPEÑAS	Valdepeñas
 13088	VALENZUELA DE CALATRAVA	Valenzuela de Calatrava
 13089	VILLAHERMOSA	Villahermosa
 13090	VILLAMANRIQUE	Villamanrique
 13091	VILLAMAYOR DE CALATRAVA	Villamayor de Calatrava
 13092	VILLANUEVA DE LA FUENTE	Villanueva de la Fuente
 13093	VILLANUEVA DE LOS INFANTES	Villanueva de los Infantes
 13094	VILLANUEVA DE SAN CARLOS	Villanueva de San Carlos
 13095	VILLAR DEL POZO	Villar del Pozo
 13096	VILLARRUBIA DE LOS OJOS	Villarrubia de los Ojos
 13097	VILLARTA DE SAN JUAN	Villarta de San Juan
 13098	VISO DEL MARQUES	Viso del Marqués
 14001	ADAMUZ	Adamuz
 14002	AGUILAR DE LA FRONTERA	Aguilar de la Frontera
 14003	ALCARACEJOS	Alcaracejos
 14004	ALMEDINILLA	Almedinilla
 14005	ALMODOVAR DEL RIO	Almodóvar del Río
 14006	AÑORA	Añora
 14007	BAENA	Baena
 14008	BELALCAZAR	Belalcázar
 14009	BELMEZ	Belmez
 14010	BENAMEJI	Benamejí
 14011	BLAZQUEZ	Los Blázquez
 14012	BUJALANCE	Bujalance
 14013	CABRA	Cabra
 14014	CAÑETE DE LAS TORRES	Cañete de las Torres
 14015	CARCABUEY	Carcabuey
 14016	CARDEÑA	Cardeña
 14019	CASTRO DEL RIO	Castro del Río
 14020	CONQUISTA	Conquista
 14900	CORDOBA	Córdoba
 14022	DOÑA MENCIA	Doña Mencía
 14023	DOS TORRES	Dos Torres
 14018	EL CARPIO	El Carpio
 14074	EL VISO	El Viso
 14024	ENCINAS REALES	Encinas Reales
 14025	ESPEJO	Espejo
 14026	ESPIEL	Espiel
 14027	FERNAN NUÑEZ	Fernán-Núñez
 14076	FUENTE CARRETEROS	Fuente Carreteros
 14028	FUENTE LA LANCHA	Fuente la Lancha
 14029	FUENTE OBEJUNA	Fuente Obejuna
 14030	FUENTE PALMERA	Fuente Palmera
 14031	FUENTE TOJAR	Fuente-Tójar
 14033	GUADALCAZAR	Guadalcázar
 14034	GUIJO	El Guijo
 14035	HINOJOSA DEL DUQUE	Hinojosa del Duque
 14036	HORNACHUELOS	Hornachuelos
 14037	IZNAJAR	Iznájar
 14017	LA CARLOTA	La Carlota
 14032	LA GRANJUELA	La Granjuela
 14077	LA GUIJARROSA	La Guijarrosa
 14057	LA RAMBLA	La Rambla
 14065	LA VICTORIA	La Victoria
 14038	LUCENA	Lucena
 14039	LUQUE	Luque
 14040	MONTALBAN DE CORDOBA	Montalbán de Córdoba
 14041	MONTEMAYOR	Montemayor
 14042	MONTILLA	Montilla
 14043	MONTORO	Montoro
 14044	MONTURQUE	Monturque
 14045	MORILES	Moriles
 14046	NUEVA CARTEYA	Nueva Carteya
 14047	OBEJO	Obejo
 14048	PALENCIANA	Palenciana
 14049	PALMA DEL RIO	Palma del Río
 14050	PEDRO ABAD	Pedro Abad
 14051	PEDROCHE	Pedroche
 14052	PEÑARROYA PUEBLONUEVO	Peñarroya-Pueblonuevo
 14053	POSADAS	Posadas
 14054	POZOBLANCO	Pozoblanco
 14055	PRIEGO DE CORDOBA	Priego de Córdoba
 14056	PUENTE GENIL	Puente Genil
 14058	RUTE	Rute
 14059	SAN SEBASTIAN DE LOS BALLESTER	San Sebastián de los Ballesteros
 14061	SANTA EUFEMIA	Santa Eufemia
 14060	SANTAELLA	Santaella
 14062	TORRECAMPO	Torrecampo
 14063	VALENZUELA	Valenzuela
 14064	VALSEQUILLO	Valsequillo
 14066	VILLA DEL RIO	Villa del Río
 14067	VILLAFRANCA DE CORDOBA	Villafranca de Córdoba
 14068	VILLAHARTA	Villaharta
 14069	VILLANUEVA DE CORDOBA	Villanueva de Córdoba
 14070	VILLANUEVA DEL DUQUE	Villanueva del Duque
 14071	VILLANUEVA DEL REY	Villanueva del Rey
 14072	VILLARALTO	Villaralto
 14073	VILLAVICIOSA DE CORDOBA	Villaviciosa de Córdoba
 14075	ZUHEROS	Zuheros
 15007	A BAÑA	A Baña
 15018	A CAPELA	A Capela
 15900	A CORUÑA	A Coruña
 15042	A LARACHA	A Laracha
 15068	A POBRA DO CARAMIÑAL	A Pobra do Caramiñal
 15001	ABEGONDO	Abegondo
 15002	AMES	Ames
 15003	ARANGA	Aranga
 15004	ARES	Ares
 15005	ARTEIXO	Arteixo
 15006	ARZUA	Arzúa
 15071	AS PONTES DE GARCIA RODRIGUEZ	As Pontes de García Rodríguez
 15082	AS SOMOZAS	As Somozas
 15008	BERGONDO	Bergondo
 15009	BETANZOS	Betanzos
 15010	BOIMORTO	Boimorto
 15011	BOIRO	Boiro
 15012	BOQUEIXON	Boqueixón
 15013	BRION	Brión
 15014	CABANA DE BERGANTIÑOS	Cabana de Bergantiños
 15015	CABANAS	Cabanas
 15016	CAMARIÑAS	Camariñas
 15017	CAMBRE	Cambre
 15019	CARBALLO	Carballo
 15095	CARIÑO	Cariño
 15020	CARNOTA	Carnota
 15021	CARRAL	Carral
 15022	CEDEIRA	Cedeira
 15023	CEE	Cee
 15024	CERCEDA	Cerceda
 15025	CERDIDO	Cerdido
 15026	CESURAS	Oza-Cesuras
 15027	COIROS	Coirós
 15028	CORCUBION	Corcubión
 15029	CORISTANCO	Coristanco
 15031	CULLEREDO	Culleredo
 15032	CURTIS	Curtis
 15033	DODRO	Dodro
 15034	DUMBRIA	Dumbría
 15036	FENE	Fene
 15037	FERROL	Ferrol
 15038	FISTERRA	Fisterra
 15039	FRADES	Frades
 15040	IRIXOA	Irixoa
 15041	LAXE	Laxe
 15043	LOUSAME	Lousame
 15044	MALPICA DE BERGANTIÑOS	Malpica de Bergantiños
 15045	MAÑON	Mañón
 15046	MAZARICOS	Mazaricos
 15047	MELIDE	Melide
 15048	MESIA	Mesía
 15049	MIÑO	Miño
 15050	MOECHE	Moeche
 15051	MONFERO	Monfero
 15052	MUGARDOS	Mugardos
 15054	MUROS	Muros
 15053	MUXIA	Muxía
 15055	NARON	Narón
 15056	NEDA	Neda
 15057	NEGREIRA	Negreira
 15058	NOIA	Noia
 15067	O PINO	O Pino
 15059	OLEIROS	Oleiros
 15060	ORDES	Ordes
 15061	OROSO	Oroso
 15062	ORTIGUEIRA	Ortigueira
 15063	OUTES	Outes
 15064	OZA DOS RIOS	OZA DOS RIOS
 15065	PADERNE	Paderne
 15066	PADRON	Padrón
 15069	PONTECESO	Ponteceso
 15070	PONTEDEUME	Pontedeume
 15072	PORTO DO SON	Porto do Son
 15073	RIANXO	Rianxo
 15074	RIBEIRA	Ribeira
 15075	ROIS	Rois
 15076	SADA	Sada
 15077	SAN SADURNIÑO	San Sadurniño
 15078	SANTA COMBA	Santa Comba
 15079	SANTIAGO DE COMPOSTELA	Santiago de Compostela
 15080	SANTISO	Santiso
 15081	SOBRADO	Sobrado
 15083	TEO	Teo
 15084	TOQUES	Toques
 15085	TORDOIA	Tordoia
 15086	TOURO	Touro
 15087	TRAZO	Trazo
 15089	VAL DO DUBRA	Val do Dubra
 15088	VALDOVIÑO	Valdoviño
 15090	VEDRA	Vedra
 15092	VILARMAIOR	Vilarmaior
 15091	VILASANTAR	Vilasantar
 15093	VIMIANZO	Vimianzo
 15094	ZAS	Zas
 16001	ABIA DE LA OBISPALIA	Abia de la Obispalía
 16003	ALARCON	Alarcón
 16004	ALBALADEJO DEL CUENDE	Albaladejo del Cuende
 16005	ALBALATE DE LAS NOGUERAS	Albalate de las Nogueras
 16006	ALBENDEA	Albendea
 16008	ALCALA DE LA VEGA	Alcalá de la Vega
 16009	ALCANTUD	Alcantud
 16010	ALCAZAR DEL REY	Alcázar del Rey
 16011	ALCOHUJATE	Alcohujate
 16012	ALCONCHEL DE LA ESTRELLA	Alconchel de la Estrella
 16013	ALGARRA	Algarra
 16014	ALIAGUILLA	Aliaguilla
 16016	ALMENDROS	Almendros
 16017	ALMODOVAR DEL PINAR	Almodóvar del Pinar
 16018	ALMONACID DEL MARQUESADO	Almonacid del Marquesado
 16019	ALTAREJOS	Altarejos
 16020	ARANDILLA DEL ARROYO	Arandilla del Arroyo
 16021	ARCAS	Arcas
 16023	ARCOS DE LA SIERRA	Arcos de la Sierra
 16024	ARGUISUELAS	Arguisuelas
 16025	ARRANCACEPAS	Arrancacepas
 16026	ATALAYA DEL CAÑAVATE	Atalaya del Cañavate
 16027	BARAJAS DE MELO	Barajas de Melo
 16029	BARCHIN DEL HOYO	Barchín del Hoyo
 16030	BASCUÑANA DE SAN PEDRO	Bascuñana de San Pedro
 16031	BEAMUD	Beamud
 16032	BELINCHON	Belinchón
 16033	BELMONTE	Belmonte
 16034	BELMONTEJO	Belmontejo
 16035	BETETA	Beteta
 16037	BONICHES	Boniches
 16039	BUCIEGAS	Buciegas
 16040	BUENACHE DE ALARCON	Buenache de Alarcón
 16041	BUENACHE DE LA SIERRA	Buenache de la Sierra
 16042	BUENDIA	Buendía
 16043	CAMPILLO DE ALTOBUEY	Campillo de Altobuey
 16044	CAMPILLOS PARAVIENTOS	Campillos-Paravientos
 16045	CAMPILLOS SIERRA	Campillos-Sierra
 16060	CAMPOS DEL PARAISO	Campos del Paraíso
 16046	CANALEJAS DEL ARROYO	Canalejas del Arroyo
 16047	CAÑADA DEL HOYO	Cañada del Hoyo
 16048	CAÑADA JUNCOSA	Cañada Juncosa
 16049	CAÑAMARES	Cañamares
 16051	CAÑAVERAS	Cañaveras
 16052	CAÑAVERUELAS	Cañaveruelas
 16053	CAÑETE	Cañete
 16054	CAÑIZARES	Cañizares
 16056	CARBONERAS DE GUADAZAON	Carboneras de Guadazaón
 16057	CARDENETE	Cardenete
 16058	CARRASCOSA	Carrascosa
 16059	CARRASCOSA DE HARO	Carrascosa de Haro
 16061	CASAS DE BENITEZ	Casas de Benítez
 16062	CASAS DE FERNANDO ALONSO	Casas de Fernando Alonso
 16063	CASAS DE GARCIMOLINA	Casas de Garcimolina
 16064	CASAS DE GUIJARRO	Casas de Guijarro
 16065	CASAS DE HARO	Casas de Haro
 16066	CASAS DE LOS PINOS	Casas de los Pinos
 16067	CASASIMARRO	Casasimarro
 16068	CASTEJON	Castejón
 16069	CASTILLEJO DE INIESTA	Castillejo de Iniesta
 16071	CASTILLEJO SIERRA	Castillejo-Sierra
 16073	CASTILLO DE GARCIMUÑOZ	Castillo de Garcimuñoz
 16072	CASTILLO ALBARAÑEZ	Castillo-Albaráñez
 16074	CERVERA DEL LLANO	Cervera del Llano
 16022	CHILLARON DE CUENCA	Chillarón de Cuenca
 16084	CHUMILLAS	Chumillas
 16900	CUENCA	Cuenca
 16080	CUEVA DEL HIERRO	Cueva del Hierro
 16002	EL ACEBRON	El Acebrón
 16050	EL CAÑAVATE	El Cañavate
 16103	EL HERRUMBLAR	El Herrumblar
 16106	EL HITO	El Hito
 16162	EL PEDERNOSO	El Pedernoso
 16164	EL PERAL	El Peral
 16167	EL PICAZO	El Picazo
 16178	EL POZUELO	El Pozuelo
 16180	EL PROVENCIO	El Provencio
 16098	EL VALLE DE ALTOMIRA	El Valle de Altomira
 16085	ENGUIDANOS	Enguídanos
 16086	FRESNEDA DE ALTAREJOS	Fresneda de Altarejos
 16087	FRESNEDA DE LA SIERRA	Fresneda de la Sierra
 16089	FUENTE DE PEDRO NAHARRO	Fuente de Pedro Naharro
 16090	FUENTELESPINO DE HARO	Fuentelespino de Haro
 16091	FUENTELESPINO DE MOYA	Fuentelespino de Moya
 16119	FUENTENAVA DE JABAGA	Fuentenava de Jábaga
 16092	FUENTES	Fuentes
 16095	FUERTESCUSA	Fuertescusa
 16096	GABALDON	Gabaldón
 16097	GARABALLA	Garaballa
 16099	GASCUEÑA	Gascueña
 16100	GRAJA DE CAMPALBO	Graja de Campalbo
 16101	GRAJA DE INIESTA	Graja de Iniesta
 16102	HENAREJOS	Henarejos
 16107	HONRUBIA	Honrubia
 16108	HONTANAYA	Hontanaya
 16109	HONTECILLAS	Hontecillas
 16111	HORCAJO DE SANTIAGO	Horcajo de Santiago
 16112	HUELAMO	Huélamo
 16113	HUELVES	Huelves
 16114	HUERGUINA	Huérguina
 16115	HUERTA DE LA OBISPALIA	Huerta de la Obispalía
 16116	HUERTA DEL MARQUESADO	Huerta del Marquesado
 16117	HUETE	Huete
 16118	INIESTA	Iniesta
 16007	LA ALBERCA DE ZANCARA	La Alberca de Záncara
 16015	LA ALMARCHA	La Almarcha
 16075	LA CIERVA	La Cierva
 16088	LA FRONTERA	La Frontera
 16104	LA HINOJOSA	La Hinojosa
 16161	LA PARRA DE LAS VEGAS	La Parra de las Vegas
 16165	LA PERALEJA	La Peraleja
 16166	LA PESQUERA	La Pesquera
 16121	LAGUNA DEL MARQUESADO	Laguna del Marquesado
 16122	LAGUNASECA	Lagunaseca
 16123	LANDETE	Landete
 16127	LAS MAJADAS	Las Majadas
 16132	LAS MESAS	Las Mesas
 16163	LAS PEDROÑERAS	Las Pedroñeras
 16238	LAS VALERAS	Las Valeras
 16124	LEDAÑA	Ledaña
 16125	LEGANIEL	Leganiel
 16105	LOS HINOJOSOS	Los Hinojosos
 16230	LOS VALDECOLMENAS	Los Valdecolmenas
 16128	MARIANA	Mariana
 16129	MASEGOSA	Masegosa
 16133	MINGLANILLA	Minglanilla
 16134	MIRA	Mira
 16137	MONREAL DEL LLANO	Monreal del Llano
 16138	MONTALBANEJO	Montalbanejo
 16139	MONTALBO	Montalbo
 16140	MONTEAGUDO DE LAS SALINAS	Monteagudo de las Salinas
 16141	MOTA DE ALTAREJOS	Mota de Altarejos
 16142	MOTA DEL CUERVO	Mota del Cuervo
 16143	MOTILLA DEL PALANCAR	Motilla del Palancar
 16144	MOYA	Moya
 16146	NARBONETA	Narboneta
 16148	OLIVARES DE JUCAR	Olivares de Júcar
 16149	OLMEDA DE LA CUESTA	Olmeda de la Cuesta
 16150	OLMEDA DEL REY	Olmeda del Rey
 16151	OLMEDILLA DE ALARCON	Olmedilla de Alarcón
 16152	OLMEDILLA DE ELIZ	Olmedilla de Eliz
 16154	OSA DE LA VEGA	Osa de la Vega
 16155	PAJARON	Pajarón
 16156	PAJARONCILLO	Pajaroncillo
 16157	PALOMARES DEL CAMPO	Palomares del Campo
 16158	PALOMERA	Palomera
 16159	PARACUELLOS	Paracuellos
 16160	PAREDES	Paredes
 16168	PINAREJO	Pinarejo
 16169	PINEDA DE GIGUELA	Pineda de Gigüela
 16170	PIQUERAS DEL CASTILLO	Piqueras del Castillo
 16171	PORTALRUBIO DE GUADAMEJUD	Portalrubio de Guadamejud
 16172	PORTILLA	Portilla
 16174	POYATOS	Poyatos
 16175	POZOAMARGO	Pozoamargo
 16177	POZORRUBIELOS DE LA MANCHA	Pozorrubielos de la Mancha
 16176	POZORRUBIO DE SANTIAGO	Pozorrubio de Santiago
 16179	PRIEGO	Priego
 16181	PUEBLA DE ALMENARA	Puebla de Almenara
 16182	PUEBLA DEL SALVADOR	Puebla del Salvador
 16183	QUINTANAR DEL REY	Quintanar del Rey
 16184	RADA DE HARO	Rada de Haro
 16185	REILLO	Reíllo
 16189	ROZALEN DEL MONTE	Rozalén del Monte
 16193	SACEDA TRASIERRA	Saceda-Trasierra
 16195	SAELICES	Saelices
 16196	SALINAS DEL MANZANO	Salinas del Manzano
 16197	SALMERONCILLOS	Salmeroncillos
 16198	SALVACAÑETE	Salvacañete
 16199	SAN CLEMENTE	San Clemente
 16200	SAN LORENZO DE LA PARRILLA	San Lorenzo de la Parrilla
 16201	SAN MARTIN DE BONICHES	San Martín de Boniches
 16202	SAN PEDRO PALMICHES	San Pedro Palmiches
 16203	SANTA CRUZ DE MOYA	Santa Cruz de Moya
 16205	SANTA MARIA DE LOS LLANOS	Santa María de los Llanos
 16204	SANTA MARIA DEL CAMPO RUS	Santa María del Campo Rus
 16206	SANTA MARIA DEL VAL	Santa María del Val
 16207	SISANTE	Sisante
 16208	SOLERA DE GABALDON	Solera de Gabaldón
 16210	SOTORRIBAS	Sotorribas
 16211	TALAYUELAS	Talayuelas
 16212	TARANCON	Tarancón
 16213	TEBAR	Tébar
 16214	TEJADILLOS	Tejadillos
 16215	TINAJAS	Tinajas
 16218	TORRALBA	Torralba
 16220	TORREJONCILLO DEL REY	Torrejoncillo del Rey
 16221	TORRUBIA DEL CAMPO	Torrubia del Campo
 16222	TORRUBIA DEL CASTILLO	Torrubia del Castillo
 16224	TRAGACETE	Tragacete
 16225	TRESJUNCOS	Tresjuncos
 16226	TRIBALDOS	Tribaldos
 16227	UCLES	Uclés
 16228	UÑA	Uña
 16233	VALDEMECA	Valdemeca
 16234	VALDEMORILLO DE LA SIERRA	Valdemorillo de la Sierra
 16236	VALDEMORO SIERRA	Valdemoro-Sierra
 16237	VALDEOLIVAS	Valdeolivas
 16232	VALDETORTOLA	Valdetórtola
 16240	VALHERMOSO DE LA FUENTE	Valhermoso de la Fuente
 16243	VALSALOBRE	Valsalobre
 16245	VALVERDE DE JUCAR	Valverde de Júcar
 16246	VALVERDEJO	Valverdejo
 16247	VARA DE REY	Vara de Rey
 16248	VEGA DEL CODORNO	Vega del Codorno
 16249	VELLISCA	Vellisca
 16252	VILLACONEJOS DE TRABAQUE	Villaconejos de Trabaque
 16253	VILLAESCUSA DE HARO	Villaescusa de Haro
 16254	VILLAGARCIA DEL LLANO	Villagarcía del Llano
 16255	VILLALBA DE LA SIERRA	Villalba de la Sierra
 16256	VILLALBA DEL REY	Villalba del Rey
 16257	VILLALGORDO DEL MARQUESADO	Villalgordo del Marquesado
 16258	VILLALPARDO	Villalpardo
 16259	VILLAMAYOR DE SANTIAGO	Villamayor de Santiago
 16260	VILLANUEVA DE GUADAMEJUD	Villanueva de Guadamejud
 16261	VILLANUEVA DE LA JARA	Villanueva de la Jara
 16263	VILLAR DE CAÑAS	Villar de Cañas
 16264	VILLAR DE DOMINGO GARCIA	Villar de Domingo García
 16265	VILLAR DE LA ENCINA	Villar de la Encina
 16273	VILLAR DE OLALLA	Villar de Olalla
 16268	VILLAR DEL HUMO	Villar del Humo
 16269	VILLAR DEL INFANTADO	Villar del Infantado
 16270	VILLAR Y VELASCO	Villar y Velasco
 16274	VILLAREJO DE FUENTES	Villarejo de Fuentes
 16275	VILLAREJO DE LA PEÑUELA	Villarejo de la Peñuela
 16277	VILLAREJO PERIESTEBAN	Villarejo-Periesteban
 16280	VILLARES DEL SAZ	Villares del Saz
 16281	VILLARRUBIO	Villarrubio
 16282	VILLARTA	Villarta
 16276	VILLAS DE LA VENTOSA	Villas de la Ventosa
 16283	VILLAVERDE Y PASACONSOL	Villaverde y Pasaconsol
 16284	VILLORA	Víllora
 16285	VINDEL	Vindel
 16286	YEMEDA	Yémeda
 16287	ZAFRA DE ZANCARA	Zafra de Záncara
 16288	ZAFRILLA	Zafrilla
 16289	ZARZA DE TAJO	Zarza de Tajo
 16290	ZARZUELA	Zarzuela
 17001	AGULLANA	Agullana
 17002	AIGUAVIVA	Aiguaviva
 17003	ALBANYA	Albanyà
 17004	ALBONS	Albons
 17006	ALP	Alp
 17007	AMER	Amer
 17008	ANGLES	Anglès
 17009	ARBUCIES	Arbúcies
 17010	ARGELAGUER	Argelaguer
 17012	AVINYONET DE PUIGVENTOS	Avinyonet de Puigventós
 17016	BANYOLES	Banyoles
 17018	BASCARA	Bàscara
 17014	BEGUR	Begur
 17021	BELLCAIRE D EMPORDA	Bellcaire d'Empordà
 17022	BESALU	Besalú
 17023	BESCANO	Bescanó
 17024	BEUDA	Beuda
 17249	BIURE	Biure
 17026	BLANES	Blanes
 17032	BOADELLA I LES ESCAULES	Boadella i les Escaules
 17027	BOLVIR	Bolvir
 17028	BORDILS	Bordils
 17029	BORRASSA	Borrassà
 17030	BREDA	Breda
 17031	BRUNYOLA	Banyoles
 17034	CABANELLES	Cabanelles
 17033	CABANES	Cabanes
 17035	CADAQUES	Cadaqués
 17037	CALDES DE MALAVELLA	Caldes de Malavella
 17038	CALONGE I SANT ANTONI	Calonge i Sant Antoni
 17039	CAMOS	Camós
 17040	CAMPDEVANOL	Campdevànol
 17041	CAMPELLES	Campelles
 17042	CAMPLLONG	Campllong
 17043	CAMPRODON	Camprodon
 17044	CANET D ADRI	Canet d'Adri
 17045	CANTALLOPS	Cantallops
 17046	CAPMANY	Capmany
 17049	CASSA DE LA SELVA	Cassà de la Selva
 17051	CASTELLFOLLIT DE LA ROCA	Castellfollit de la Roca
 17052	CASTELLO D EMPURIES	Castelló d'Empúries
 17053	CASTELL PLATJA D ARO I S AGARO	Castell d'Aro, Platja d'Aro i s'Agaró
 17054	CELRA	Celrà
 17055	CERVIA DE TER	Cervià de Ter
 17056	CISTELLA	Cistella
 17059	COLERA	Colera
 17060	COLOMERS	Colomers
 17062	COR A	Corçà
 17061	CORNELLA DEL TERRI	Cornellà del Terri
 17063	CRESPIA	Crespià
 17064	CRUILLES   MONELLS   ST SAD	Cruïlles, Monells i Sant Sadurní de l'Heura
 17065	DARNIUS	Darnius
 17066	DAS	Das
 17005	EL FAR D EMPORDA	El Far d'Empordà
 17149	EL PORT DE LA SELVA	El Port de la Selva
 17069	ESPINELVES	Espinelves
 17070	ESPOLLA	Espolla
 17071	ESPONELLA	Esponellà
 17072	FIGUERES	Figueres
 17073	FLA A	Flaçà
 17074	FOIXA	Foixà
 17036	FONTANALS DE CERDANYA	Fontanals de Cerdanya
 17075	FONTANILLES	Fontanilles
 17076	FONTCOBERTA	Fontcoberta
 17077	FORALLAC	Forallac
 17078	FORNELLS DE LA SELVA	Fornells de la Selva
 17079	FORTIA	Fortià
 17081	GARRIGAS	Garrigàs
 17082	GARRIGOLES	Garrigoles
 17083	GARRIGUELLA	Garriguella
 17084	GER	Ger
 17085	GIRONA	Girona
 17086	GOMBREN	Gombrèn
 17087	GUALTA	Gualta
 17088	GUILS DE CERDANYA	Guils de Cerdanya
 17089	HOSTALRIC	Hostalric
 17090	ISOVOL	Isòvol
 17091	JAFRE	Jafre
 17094	JUIA	Juià
 17025	LA BISBAL D EMPORDA	La Bisbal d'Empordà
 17201	LA CELLERA DE TER	La Cellera de Ter
 17093	LA JONQUERA	La Jonquera
 17138	LA PERA	La Pera
 17200	LA SELVA DE MAR	La Selva de Mar
 17207	LA TALLADA D EMPORDA	La Tallada d'Empordà
 17015	LA VAJOL	La Vajol
 17221	LA VALL DE BIANYA	La Vall de Bianya
 17017	LA VALL D EN BAS	La Vall d'en Bas
 17011	L ARMENTERA	L'Armentera
 17103	LES LLOSSES	les Llosses
 17142	LES PLANES D HOSTOLES	Les Planes d'Hostoles
 17148	LES PRESES	Les Preses
 17068	L ESCALA	L'Escala
 17095	LLADO	Lladó
 17096	LLAGOSTERA	Llagostera
 17097	LLAMBILLES	Llambilles
 17098	LLANARS	Llanars
 17099	LLAN A	Llançà
 17100	LLERS	Llers
 17101	LLIVIA	Llívia
 17102	LLORET DE MAR	Lloret de Mar
 17108	MA ANET DE CABRENYS	Maçanet de Cabrenys
 17109	MA ANET DE LA SELVA	La Selva de Mar
 17104	MADREMANYA	Madremanya
 17110	MAIA DE MONTCAL	Maià de Montcal
 17106	MASARAC	Bàscara
 17107	MASSANES	Massanes
 17105	MERANGES	Meranges
 17112	MIERES	Mieres
 17113	MOLLET DE PERALADA	Mollet de Peralada
 17114	MOLLO	Molló
 17116	MONTAGUT I OIX	Montagut i Oix
 17117	MONT RAS	Mont-ras
 17118	NAVATA	Navata
 17119	OGASSA	Ogassa
 17121	OLOT	Olot
 17122	ORDIS	Ordis
 17123	OSOR	Osor
 17124	PALAFRUGELL	Palafrugell
 17125	PALAMOS	Palamós
 17126	PALAU DE SANTA EULALIA	Palau de Santa Eulàlia
 17129	PALAU SATOR	Palau-sator
 17127	PALAU SAVERDERA	Palau-saverdera
 17131	PALOL DE REVARDIT	Palol de Revardit
 17132	PALS	Pals
 17133	PARDINES	Pardines
 17134	PARLAVA	Parlavà
 17136	PAU	Pau
 17137	PEDRET I MARZA	Pedret i Marzà
 17140	PERALADA	Peralada
 17143	PLANOLES	Planoles
 17144	PONT DE MOLINS	Pont de Molins
 17145	PONTOS	Pontós
 17146	PORQUERES	Porqueres
 17147	PORTBOU	Portbou
 17150	PUIGCERDA	Puigcerdà
 17151	QUART	Quart
 17047	QUERALBS	Queralbs
 17152	RABOS	Rabós
 17153	REGENCOS	Regencós
 17154	RIBES DE FRESER	Ribes de Freser
 17155	RIELLS I VIABREA	Riells i Viabrea
 17156	RIPOLL	Ripoll
 17157	RIUDARENES	Riudarenes
 17158	RIUDAURA	Riudaura
 17159	RIUDELLOTS DE LA SELVA	Riudellots de la Selva
 17160	RIUMORS	Riumors
 17161	ROSES	Roses
 17162	RUPIA	Rupià
 17163	SALES DE LLIERCA	Sales de Llierca
 17164	SALT	Salt
 17166	SANT ANDREU SALOU	Sant Andreu Salou
 17195	SANT ANIOL DE FINESTRES	Sant Aniol de Finestres
 17167	SANT CLIMENT SESCEBES	Sant Climent Sescebes
 17169	SANT FELIU DE BUIXALLEU	Sant Feliu de Buixalleu
 17170	SANT FELIU DE GUIXOLS	Sant Feliu de Guíxols
 17171	SANT FELIU DE PALLEROLS	Sant Feliu de Pallerols
 17172	SANT FERRIOL	Sant Ferriol
 17173	SANT GREGORI	Sant Gregori
 17174	SANT HILARI SACALM	Sant Hilari Sacalm
 17175	SANT JAUME DE LLIERCA	Sant Jaume de Llierca
 17177	SANT JOAN DE LES ABADESSES	Sant Joan de les Abadesses
 17178	SANT JOAN DE MOLLET	Sant Joan de Mollet
 17197	SANT JOAN LES FONTS	Sant Joan les Fonts
 17176	SANT JORDI DESVALLS	Sant Jordi Desvalls
 17179	SANT JULIA DE RAMIS	Sant Julià de Ramis
 17251	SANT JULIA DEL LLOR I BONMATI	Sant Julià del Llor i Bonmatí
 17180	SANT LLOREN  DE LA MUGA	Sant Llorenç de la Muga
 17181	SANT MARTI DE LLEMENA	Sant Martí de Llémena
 17182	SANT MARTI VELL	Sant Martí Vell
 17183	SANT MIQUEL DE CAMPMAJOR	Sant Miquel de Campmajor
 17184	SANT MIQUEL DE FLUVIA	Sant Miquel de Fluvià
 17185	SANT MORI	Sant Mori
 17186	SANT PAU DE SEGURIES	Sant Pau de Segúries
 17187	SANT PERE PESCADOR	Sant Pere Pescador
 17191	SANTA COLOMA DE FARNERS	Santa Coloma de Farners
 17192	SANTA CRISTINA D ARO	Santa Cristina d'Aro
 17194	SANTA LLOGAIA D ALGUEMA	Santa Llogaia d'Àlguema
 17196	SANTA PAU	Santa Pau
 17198	SARRIA DE TER	Sarrià de Ter
 17199	SAUS  CAMALLERA I LLAMPAIES	Saus, Camallera i Llampaies
 17202	SERINYA	Serinyà
 17203	SERRA DE DARO	Serra de Daró
 17204	SETCASES	Setcases
 17205	SILS	Sils
 17057	SIURANA	Siurana
 17206	SUSQUEDA	Susqueda
 17209	TERRADES	Terrades
 17210	TORRENT	Torrent
 17211	TORROELLA DE FLUVIA	Torroella de Fluvià
 17212	TORROELLA DE MONTGRI	Torroella de Montgrí
 17213	TORTELLA	Tortellà
 17214	TOSES	Toses
 17215	TOSSA DE MAR	Tossa de Mar
 17217	ULLA	Ullà
 17218	ULLASTRET	Ullastret
 17216	ULTRAMORT	Ultramort
 17220	URUS	Urús
 17222	VALLFOGONA DE RIPOLLES	Vallfogona de Ripollès
 17223	VALL LLOBREGA	Vall-llobrega
 17224	VENTALLO	Ventalló
 17225	VERGES	Verges
 17226	VIDRA	Vidrà
 17227	VIDRERES	Vidreres
 17228	VILABERTRAN	Vilabertran
 17229	VILABLAREIX	Vilablareix
 17231	VILADAMAT	Viladamat
 17230	VILADASENS	Viladasens
 17232	VILADEMULS	Vilademuls
 17234	VILADRAU	Viladrau
 17235	VILAFANT	Vilafant
 17237	VILAJU GA	Vilajuïga
 17238	VILALLONGA DE TER	Vilallonga de Ter
 17240	VILAMACOLUM	Vilamacolum
 17241	VILAMALLA	Vilamalla
 17242	VILAMANISCLE	Vilamaniscle
 17243	VILANANT	Vilanant
 17245	VILA SACRA	Vila-sacra
 17236	VILAUR	Vilaür
 17248	VILOBI D ONYAR	Vilobí d'Onyar
 17247	VILOPRIU	Vilopriu
 18002	AGRON	Agrón
 18003	ALAMEDILLA	Alamedilla
 18004	ALBOLOTE	Albolote
 18005	ALBONDON	Albondón
 18006	ALBUÑAN	Albuñán
 18007	ALBUÑOL	Albuñol
 18008	ALBUÑUELAS	Albuñuelas
 18011	ALDEIRE	Aldeire
 18012	ALFACAR	Alfacar
 18013	ALGARINEJO	Algarinejo
 18014	ALHAMA DE GRANADA	Alhama de Granada
 18015	ALHENDIN	Alhendín
 18016	ALICUN DE ORTEGA	Alicún de Ortega
 18017	ALMEGIJAR	Almegíjar
 18018	ALMUÑECAR	Almuñécar
 18130	ALPUJARRA DE LA SIERRA	Alpujarra de la Sierra
 18019	ALQUIFE	Alquife
 18021	ARENAS DEL REY	Arenas del Rey
 18022	ARMILLA	Armilla
 18023	ATARFE	Atarfe
 18024	BAZA	Baza
 18025	BEAS DE GRANADA	Beas de Granada
 18026	BEAS DE GUADIX	Beas de Guadix
 18028	BENALUA	Benalúa
 18029	BENALUA DE LAS VILLAS	Benalúa de las Villas
 18030	BENAMAUREL	Benamaurel
 18031	BERCHULES	Bérchules
 18033	BUBION	Bubión
 18034	BUSQUISTAR	Busquístar
 18035	CACIN	Cacín
 18036	CADIAR	Cádiar
 18037	CAJAR	Cájar
 18038	CALICASAS	Calicasas
 18039	CAMPOTEJAR	Campotéjar
 18040	CANILES	Caniles
 18041	CAÑAR	Cáñar
 18043	CAPILEIRA	Capileira
 18044	CARATAUNAS	Carataunas
 18045	CASTARAS	Cástaras
 18046	CASTILLEJAR	Castilléjar
 18047	CASTRIL	Castril
 18048	CENES DE LA VEGA	Cenes de la Vega
 18060	CHAUCHINA	Chauchina
 18062	CHIMENEAS	Chimeneas
 18064	CHURRIANA DE LA VEGA	Churriana de la Vega
 18049	CIJUELA	Cijuela
 18050	COGOLLOS DE GUADIX	Cogollos de Guadix
 18051	COGOLLOS DE LA VEGA	Cogollos de la Vega
 18052	COLOMERA	Colomera
 18054	CORTES DE BAZA	Cortes de Baza
 18055	CORTES Y GRAENA	Cortes y Graena
 18199	CUEVAS DEL CAMPO	Cuevas del Campo
 18057	CULLAR	Cúllar
 18058	CULLAR VEGA	Cúllar Vega
 18065	DARRO	Darro
 18066	DEHESAS DE GUADIX	Dehesas de Guadix
 18202	DEHESAS VIEJAS	Dehesas Viejas
 18068	DEIFONTES	Deifontes
 18069	DIEZMA	Diezma
 18070	DILAR	Dílar
 18071	DOLAR	Dílar
 18204	DOMINGO PEREZ DE GRANADA	Domingo Pérez de Granada
 18072	DUDAR	Dúdar
 18073	DURCAL	Dúrcal
 18105	EL PINAR	El Pinar
 18132	EL VALLE	El Valle
 18074	ESCUZAR	Escúzar
 18076	FERREIRA	Ferreira
 18078	FONELAS	Fonelas
 18079	FORNES	Fornes
 18080	FREILA	Freila
 18081	FUENTE VAQUEROS	Fuente Vaqueros
 18084	GALERA	Galera
 18085	GOBERNADOR	Gobernador
 18086	GOJAR	Gójar
 18087	GOR	Gor
 18088	GORAFE	Gorafe
 18900	GRANADA	Granada
 18090	GUADAHORTUNA	Guadahortuna
 18091	GUADIX	Guadix
 18095	GUALCHOS	Gualchos
 18096	GUEJAR SIERRA	Güéjar Sierra
 18097	GUEVEJAR	Güevéjar
 18098	HUELAGO	Huélago
 18099	HUENEJA	Huéneja
 18100	HUESCAR	Huéscar
 18101	HUETOR DE SANTILLAN	Huétor de Santillán
 18102	HUETOR TAJAR	Huétor Tájar
 18103	HUETOR VEGA	Huétor Vega
 18104	ILLORA	Íllora
 18106	ITRABO	Ítrabo
 18107	IZNALLOZ	Iznalloz
 18108	JATAR	Játar
 18109	JAYENA	Jayena
 18110	JEREZ DEL MARQUESADO	Jérez del Marquesado
 18111	JETE	Jete
 18113	JUN	Jun
 18114	JUVILES	Juviles
 18116	LA CALAHORRA	La Calahorra
 18127	LA MALAHA	La Malahá
 18157	LA PEZA	La Peza
 18163	LA TAHA	La Taha
 18197	LA ZUBIA	La Zubia
 18117	LACHAR	Láchar
 18118	LANJARON	Lanjarón
 18119	LANTEIRA	Lanteira
 18083	LAS GABIAS	Las Gabias
 18063	LECRIN	Lecrín
 18121	LENTEGI	Lentegí
 18122	LOBRAS	Lobras
 18123	LOJA	Loja
 18092	LOS GUAJARES	Los Guájares
 18124	LUGROS	Lugros
 18125	LUJAR	Lújar
 18128	MARACENA	Maracena
 18129	MARCHAL	Marchal
 18133	MOCLIN	Moclín
 18134	MOLVIZAR	Molvízar
 18135	MONACHIL	Monachil
 18137	MONTEFRIO	Montefrío
 18138	MONTEJICAR	Montejícar
 18139	MONTILLANA	Montillana
 18140	MORALEDA DE ZAFAYONA	Moraleda de Zafayona
 18141	MORELABOR	Morelábor
 18142	MOTRIL	Motril
 18144	MURTAS	Murtas
 18120	NEVADA	Nevada
 18146	NIGUELAS	Nigüelas
 18147	NIVAR	Nívar
 18148	OGIJARES	Ogíjares
 18149	ORCE	Orce
 18150	ORGIVA	Órgiva
 18151	OTIVAR	Otívar
 18153	PADUL	Padul
 18154	PAMPANEIRA	Pampaneira
 18155	PEDRO MARTINEZ	Pedro Martínez
 18156	PELIGROS	Peligros
 18160	PINOS GENIL	Pinos Genil
 18161	PINOS PUENTE	Pinos Puente
 18162	PIÑAR	Píñar
 18164	POLICAR	Polícar
 18165	POLOPOS	Polopos
 18166	PORTUGOS	Pórtugos
 18167	PUEBLA DE DON FADRIQUE	Puebla de Don Fadrique
 18168	PULIANAS	Pulianas
 18170	PURULLENA	Purullena
 18171	QUENTAR	Quéntar
 18173	RUBITE	Rubite
 18174	SALAR	Salar
 18176	SALOBREÑA	Salobreña
 18177	SANTA CRUZ DEL COMERCIO	Santa Cruz del Comercio
 18178	SANTA FE	Santa Fe
 18179	SOPORTUJAR	Soportújar
 18180	SORVILAN	Sorvilán
 18181	TORRE CARDELA	Torre-Cardela
 18205	TORRENUEVA COSTA	Torrenueva Costa
 18182	TORVIZCON	Torvizcón
 18183	TREVELEZ	Trevélez
 18185	TURON	Turón
 18186	UGIJAR	Ugíjar
 18201	VALDERRUBIO	Valderrubio
 18059	VALLE DEL ZALABI	Valle del Zalabí
 18187	VALOR	Válor
 18020	VEGAS DEL GENIL	Vegas del Genil
 18188	VELEZ DE BENAUDALLA	Vélez de Benaudalla
 18189	VENTAS DE HUELMA	Ventas de Huelma
 18152	VILLA DE OTURA	Villa de Otura
 18053	VILLAMENA	Villamena
 18191	VILLANUEVA DE LAS TORRES	Villanueva de las Torres
 18192	VILLANUEVA MESIA	Villanueva Mesía
 18193	VIZNAR	Víznar
 18196	ZAFARRAYA	Zafarraya
 18200	ZAGRA	Zagra
 18198	ZUJAR	Zújar
 19001	ABANADES	Abánades
 19002	ABLANQUE	Ablanque
 19003	ADOBES	Adobes
 19005	ALAMINOS	Alaminos
 19006	ALARILLA	Alarilla
 19007	ALBALATE DE ZORITA	Albalate de Zorita
 19008	ALBARES	Albares
 19009	ALBENDIEGO	Albendiego
 19011	ALCOCER	Alcocer
 19012	ALCOLEA DE LAS PEÑAS	Alcolea de las Peñas
 19013	ALCOLEA DEL PINAR	Alcolea del Pinar
 19015	ALCOROCHES	Alcoroches
 19018	ALDEANUEVA DE GUADALAJARA	Aldeanueva de Guadalajara
 19020	ALGAR DE MESA	Algar de Mesa
 19021	ALGORA	Algora
 19022	ALHONDIGA	Alhóndiga
 19023	ALIQUE	Alique
 19024	ALMADRONES	Almadrones
 19026	ALMOGUERA	Almoguera
 19027	ALMONACID DE ZORITA	Almonacid de Zorita
 19028	ALOCEN	Alocén
 19029	ALOVERA	Alovera
 19032	ALUSTANTE	Alustante
 19036	ANGON	Angón
 19037	ANGUITA	Anguita
 19038	ANQUELA DEL DUCADO	Anquela del Ducado
 19039	ANQUELA DEL PEDREGAL	Anquela del Pedregal
 19041	ARANZUEQUE	Aranzueque
 19042	ARBANCON	Arbancón
 19043	ARBETETA	Arbeteta
 19045	ARGECILLA	Argecilla
 19046	ARMALLONES	Armallones
 19047	ARMUÑA DE TAJUÑA	Armuña de Tajuña
 19048	ARROYO DE LAS FRAGUAS	Arroyo de las Fraguas
 19050	ATANZON	Atanzón
 19051	ATIENZA	Atienza
 19052	AUÑON	Auñón
 19054	AZUQUECA DE HENARES	Azuqueca de Henares
 19055	BAIDES	Baides
 19058	BAÑOS DE TAJO	Baños de Tajo
 19059	BAÑUELOS	Bañuelos
 19060	BARRIOPEDRO	Barriopedro
 19062	BERNINCHES	Berninches
 19065	BRIHUEGA	Brihuega
 19066	BUDIA	Budia
 19067	BUJALARO	Bujalaro
 19069	BUSTARES	Bustares
 19070	CABANILLAS DEL CAMPO	Cabanillas del Campo
 19072	CAMPILLO DE DUEÑAS	Campillo de Dueñas
 19073	CAMPILLO DE RANAS	Campillo de Ranas
 19074	CAMPISABALOS	Campisábalos
 19077	CANREDONDO	Canredondo
 19078	CANTALOJAS	Cantalojas
 19079	CAÑIZAR	Cañizar
 19084	CASA DE UCEDA	Casa de Uceda
 19087	CASAS DE SAN GALINDO	Casas de San Galindo
 19088	CASPUEÑAS	Caspueñas
 19089	CASTEJON DE HENARES	Castejón de Henares
 19090	CASTELLAR DE LA MUELA	Castellar de la Muela
 19092	CASTILFORTE	Castilforte
 19094	CASTILNUEVO	Castilnuevo
 19095	CENDEJAS DE ENMEDIO	Cendejas de Enmedio
 19096	CENDEJAS DE LA TORRE	Cendejas de la Torre
 19097	CENTENERA	Centenera
 19124	CHECA	Checa
 19125	CHEQUILLA	Chequilla
 19127	CHILLARON DEL REY	Chillarón del Rey
 19126	CHILOECHES	Chiloeches
 19101	CIFUENTES	Cifuentes
 19103	CINCOVILLAS	Cincovillas
 19104	CIRUELAS	Ciruelas
 19105	CIRUELOS DEL PINAR	Ciruelos del Pinar
 19107	COBETA	Cobeta
 19109	COGOLLOR	Cogollor
 19110	COGOLLUDO	Cogolludo
 19113	CONDEMIOS DE ABAJO	Condemios de Abajo
 19114	CONDEMIOS DE ARRIBA	Condemios de Arriba
 19115	CONGOSTRINA	Congostrina
 19116	COPERNAL	Copernal
 19118	CORDUENTE	Corduente
 19128	DRIEBES	Driebes
 19129	DURON	Durón
 19081	EL CARDOSO DE LA SIERRA	El Cardoso de la Sierra
 19085	EL CASAR	El Casar
 19122	EL CUBILLO DE UCEDA	El Cubillo de Uceda
 19236	EL OLIVAR	El Olivar
 19241	EL ORDIAL	El Ordial
 19254	EL PEDREGAL	El Pedregal
 19265	EL POBO DE DUEÑAS	El Pobo de Dueñas
 19279	EL RECUENCO	El Recuenco
 19313	EL SOTILLO	El Sotillo
 19130	EMBID	Embid
 19131	ESCAMILLA	Escamilla
 19132	ESCARICHE	Escariche
 19133	ESCOPETE	Escopete
 19134	ESPINOSA DE HENARES	Espinosa de Henares
 19135	ESPLEGARES	Esplegares
 19136	ESTABLES	Establés
 19137	ESTRIEGANA	Estriégana
 19138	FONTANAR	Fontanar
 19139	FUEMBELLIDA	Fuembellida
 19140	FUENCEMILLAN	Fuencemillán
 19142	FUENTELAHIGUERA DE ALBATAGES	Fuentelahiguera de Albatages
 19143	FUENTELENCINA	Fuentelencina
 19144	FUENTELSAZ	Fuentelsaz
 19145	FUENTELVIEJO	Fuentelviejo
 19146	FUENTENOVILLA	Fuentenovilla
 19148	GAJANEJOS	Gajanejos
 19149	GALAPAGOS	Galápagos
 19150	GALVE DE SORBE	Galve de Sorbe
 19154	GASCUEÑA DE BORNOVA	Gascueña de Bornova
 19900	GUADALAJARA	Guadalajara
 19158	HENCHE	Henche
 19159	HERAS DE AYUSO	Heras de Ayuso
 19160	HERRERIA	Herrería
 19161	HIENDELAENCINA	Hiendelaencina
 19162	HIJES	Hijes
 19164	HITA	Hita
 19165	HOMBRADOS	Hombrados
 19168	HONTOBA	Hontoba
 19169	HORCHE	Horche
 19171	HORTEZUELA DE OCEN	Hortezuela de Océn
 19173	HUERMECES DEL CERRO	Huérmeces del Cerro
 19174	HUERTAHERNANDO	Huertahernando
 19177	HUEVA	Hueva
 19178	HUMANES	Humanes
 19179	ILLANA	Illana
 19181	INIESTOLA	Iniéstola
 19182	INVIERNAS LAS	Las Inviernas
 19184	IRUESTE	Irueste
 19185	JADRAQUE	Jadraque
 19186	JIRUEQUE	Jirueque
 19064	LA BODERA	La Bodera
 19172	LA HUERCE	La Huerce
 19213	LA MIERLA	La Mierla
 19216	LA MIÑOSA	La Miñosa
 19238	LA OLMEDA DE JADRAQUE	La Olmeda de Jadraque
 19325	LA TOBA	La Toba
 19402	LA YUNTA	La Yunta
 19190	LEDANCA	Ledanca
 19191	LORANCA DE TAJUÑA	Loranca de Tajuña
 19192	LUPIANA	Lupiana
 19193	LUZAGA	Luzaga
 19194	LUZON	Luzón
 19196	MAJAELRAYO	Majaelrayo
 19197	MALAGA DEL FRESNO	Málaga del Fresno
 19198	MALAGUILLA	Malaguilla
 19199	MANDAYONA	Mandayona
 19200	MANTIEL	Mantiel
 19201	MARANCHON	Maranchón
 19202	MARCHAMALO	Marchamalo
 19203	MASEGOSO DE TAJUÑA	Masegoso de Tajuña
 19204	MATARRUBIA	Matarrubia
 19205	MATILLAS	Matillas
 19206	MAZARETE	Mazarete
 19207	MAZUECOS	Mazuecos
 19208	MEDRANDA	Medranda
 19209	MEGINA	Megina
 19210	MEMBRILLERA	Membrillera
 19212	MIEDES DE ATIENZA	Miedes de Atienza
 19215	MILLANA	Millana
 19214	MILMARCOS	Milmarcos
 19217	MIRABUENO	Mirabueno
 19218	MIRALRIO	Miralrío
 19219	MOCHALES	Mochales
 19220	MOHERNANDO	Mohernando
 19221	MOLINA DE ARAGON	Molina de Aragón
 19222	MONASTERIO	Monasterio
 19223	MONDEJAR	Mondéjar
 19224	MONTARRON	Montarrón
 19226	MORATILLA DE LOS MELEROS	Moratilla de los Meleros
 19227	MORENILLA	Morenilla
 19230	MUDUEX	Muduex
 19233	NAVAS DE JADRAQUE	Las Navas de Jadraque
 19234	NEGREDO	Negredo
 19235	OCENTEJO	Ocentejo
 19237	OLMEDA DE COBETA	Olmeda de Cobeta
 19242	OREA	Orea
 19249	PALMACES DE JADRAQUE	Pálmaces de Jadraque
 19250	PARDOS	Pardos
 19251	PAREDES DE SIGUENZA	Paredes de Sigüenza
 19252	PAREJA	Pareja
 19253	PASTRANA	Pastrana
 19257	PEÑALEN	Peñalén
 19258	PEÑALVER	Peñalver
 19259	PERALEJOS DE LAS TRUCHAS	Peralejos de las Truchas
 19260	PERALVECHE	Peralveche
 19261	PINILLA DE JADRAQUE	Pinilla de Jadraque
 19262	PINILLA DE MOLINA	Pinilla de Molina
 19263	PIOZ	Pioz
 19264	PIQUERAS	Piqueras
 19266	POVEDA DE LA SIERRA	Poveda de la Sierra
 19269	POZO DE ALMOGUERA	Pozo de Almoguera
 19270	POZO DE GUADALAJARA	Pozo de Guadalajara
 19271	PRADENA DE ATIENZA	Prádena de Atienza
 19272	PRADOS REDONDOS	Prados Redondos
 19273	PUEBLA DE BELEÑA	Puebla de Beleña
 19274	PUEBLA DE VALLES	Puebla de Valles
 19276	QUER	Quer
 19278	REBOLLOSA DE JADRAQUE	Rebollosa de Jadraque
 19281	RENERA	Renera
 19282	RETIENDAS	Retiendas
 19283	RIBA DE SAELICES	Riba de Saelices
 19286	RILLO DE GALLO	Rillo de Gallo
 19287	RIOFRIO DEL LLANO	Riofrío del Llano
 19289	ROBLEDILLO DE MOHERNANDO	Robledillo de Mohernando
 19290	ROBLEDO DE CORPES	Robledo de Corpes
 19292	ROMANILLOS DE ATIENZA	Romanillos de Atienza
 19293	ROMANONES	Romanones
 19294	RUEDA DE LA SIERRA	Rueda de la Sierra
 19296	SACECORBO	Sacecorbo
 19297	SACEDON	Sacedón
 19298	SAELICES DE LA SAL	Saelices de la Sal
 19299	SALMERON	Salmerón
 19300	SAN ANDRES DEL CONGOSTO	San Andrés del Congosto
 19301	SAN ANDRES DEL REY	San Andrés del Rey
 19303	SANTIUSTE	Santiuste
 19304	SAUCA	Saúca
 19305	SAYATON	Sayatón
 19306	SELAS	Selas
 19307	SEMILLAS	Semillas
 19308	SETILES	Setiles
 19309	SIENES	Sienes
 19310	SIGUENZA	Sigüenza
 19311	SOLANILLOS DEL EXTREMO	Solanillos del Extremo
 19312	SOMOLINOS	Somolinos
 19315	SOTODOSOS	Sotodosos
 19316	TAMAJON	Tamajón
 19318	TARAGUDO	Taragudo
 19319	TARAVILLA	Taravilla
 19320	TARTANEDO	Tartanedo
 19321	TENDILLA	Tendilla
 19323	TERZAGA	Terzaga
 19324	TIERZO	Tierzo
 19328	TORDELLEGO	Tordellego
 19327	TORDELRABANO	Tordelrábano
 19329	TORDESILOS	Tordesilos
 19331	TORIJA	Torija
 19337	TORRE DEL BURGO	Torre del Burgo
 19335	TORRECUADRADA DE MOLINA	Torrecuadrada de Molina
 19336	TORRECUADRADILLA	Torrecuadradilla
 19338	TORREJON DEL REY	Torrejón del Rey
 19339	TORREMOCHA DE JADRAQUE	Torremocha de Jadraque
 19340	TORREMOCHA DEL CAMPO	Torremocha del Campo
 19341	TORREMOCHA DEL PINAR	Torremocha del Pinar
 19342	TORREMOCHUELA	Torremochuela
 19345	TORRUBIA	Torrubia
 19346	TORTOLA DE HENARES	Tórtola de Henares
 19348	TORTUERA	Tortuera
 19349	TORTUERO	Tortuero
 19350	TRAID	Traíd
 19351	TRIJUEQUE	Trijueque
 19352	TRILLO	Trillo
 19354	UCEDA	Uceda
 19355	UJADOS	Ujados
 19357	UTANDE	Utande
 19358	VALDARACHAS	Valdarachas
 19359	VALDEARENAS	Valdearenas
 19360	VALDEAVELLANO	Valdeavellano
 19361	VALDEAVERUELO	Valdeaveruelo
 19362	VALDECONCHA	Valdeconcha
 19363	VALDEGRUDAS	Valdegrudas
 19365	VALDELCUBO	Valdelcubo
 19367	VALDENUÑO FERNANDEZ	Valdenuño Fernández
 19368	VALDEPEÑAS DE LA SIERRA	Valdepeñas de la Sierra
 19369	VALDERREBOLLO	Valderrebollo
 19372	VALDESOTOS	Valdesotos
 19374	VALFERMOSO DE TAJUÑA	Valfermoso de Tajuña
 19375	VALHERMOSO	Valhermoso
 19376	VALTABLADO DEL RIO	Valtablado del Río
 19377	VALVERDE DE LOS ARROYOS	Valverde de los Arroyos
 19380	VIANA DE JADRAQUE	Viana de Jadraque
 19384	VILLANUEVA DE ALCORON	Villanueva de Alcorón
 19385	VILLANUEVA DE ARGECILLA	Villanueva de Argecilla
 19386	VILLANUEVA DE LA TORRE	Villanueva de la Torre
 19389	VILLARES DE JADRAQUE	Villares de Jadraque
 19390	VILLASECA DE HENARES	Villaseca de Henares
 19391	VILLASECA DE UCEDA	Villaseca de Uceda
 19394	VILLEL DE MESA	Villel de Mesa
 19395	VIÑUELAS	Viñuelas
 19396	YEBES	Yebes
 19397	YEBRA	Yebra
 19399	YELAMOS DE ABAJO	Yélamos de Abajo
 19400	YELAMOS DE ARRIBA	Yélamos de Arriba
 19401	YUNQUERA DE HENARES	Yunquera de Henares
 19403	ZAOREJAS	Zaorejas
 19404	ZARZUELA DE JADRAQUE	Zarzuela de Jadraque
 19405	ZORITA DE LOS CANES	Zorita de los Canes
 21001	ALAJAR	Alájar
 21002	ALJARAQUE	Aljaraque
 21004	ALMONASTER LA REAL	Almonaster la Real
 21005	ALMONTE	Almonte
 21006	ALOSNO	Alosno
 21007	ARACENA	Aracena
 21008	AROCHE	Aroche
 21009	ARROYOMOLINOS DE LEON	Arroyomolinos de León
 21010	AYAMONTE	Ayamonte
 21011	BEAS	Beas
 21012	BERROCAL	Berrocal
 21013	BOLLULLOS PAR DEL CONDADO	Bollullos Par del Condado
 21014	BONARES	Bonares
 21015	CABEZAS RUBIAS	Cabezas Rubias
 21016	CALA	Cala
 21017	CALAÑAS	Calañas
 21019	CAMPOFRIO	Campofrío
 21020	CAÑAVERAL DE LEON	Cañaveral de León
 21021	CARTAYA	Cartaya
 21022	CASTAÑO DEL ROBLEDO	Castaño del Robledo
 21030	CHUCENA	Chucena
 21024	CORTECONCEPCION	Corteconcepción
 21025	CORTEGANA	Cortegana
 21026	CORTELAZOR	Cortelazor
 21027	CUMBRES DE ENMEDIO	Cumbres de Enmedio
 21028	CUMBRES DE SAN BARTOLOME	Cumbres de San Bartolomé
 21029	CUMBRES MAYORES	Cumbres Mayores
 21003	EL ALMENDRO	El Almendro
 21018	EL CAMPILLO	El Campillo
 21023	EL CERRO DE ANDEVALO	El Cerro de Andévalo
 21037	EL GRANADO	El Granado
 21031	ENCINASOLA	Encinasola
 21032	ESCACENA DEL CAMPO	Escacena del Campo
 21033	FUENTEHERIDOS	Fuenteheridos
 21034	GALAROZA	Galaroza
 21035	GIBRALEON	Gibraleón
 21038	HIGUERA DE LA SIERRA	Higuera de la Sierra
 21039	HINOJALES	Hinojales
 21040	HINOJOS	Hinojos
 21900	HUELVA	Huelva
 21042	ISLA CRISTINA	Isla Cristina
 21043	JABUGO	Jabugo
 21036	LA GRANADA DE RIOTINTO	La Granada de Río-Tinto
 21051	LA NAVA	La Nava
 21054	LA PALMA DEL CONDADO	La Palma del Condado
 21080	LA ZARZA   PERRUNAL	La Zarza-Perrunal
 21044	LEPE	Lepe
 21045	LINARES DE LA SIERRA	Linares de la Sierra
 21048	LOS MARINES	Los Marines
 21046	LUCENA DEL PUERTO	Lucena del Puerto
 21047	MANZANILLA	Manzanilla
 21049	MINAS DE RIOTINTO	Minas de Riotinto
 21050	MOGUER	Moguer
 21052	NERVA	Nerva
 21053	NIEBLA	Niebla
 21055	PALOS DE LA FRONTERA	Palos de la Frontera
 21056	PATERNA DEL CAMPO	Paterna del Campo
 21057	PAYMOGO	Paymogo
 21058	PUEBLA DE GUZMAN	Puebla de Guzmán
 21059	PUERTO MORAL	Puerto Moral
 21079	PUNTA UMBRIA	Punta Umbría
 21060	ROCIANA DEL CONDADO	Rociana del Condado
 21061	ROSAL DE LA FRONTERA	Rosal de la Frontera
 21062	SAN BARTOLOME DE LA TORRE	San Bartolomé de la Torre
 21063	SAN JUAN DEL PUERTO	San Juan del Puerto
 21065	SAN SILVESTRE DE GUZMAN	San Silvestre de Guzmán
 21064	SANLUCAR DE GUADIANA	Sanlúcar de Guadiana
 21066	SANTA ANA LA REAL	Santa Ana la Real
 21067	SANTA BARBARA DE CASA	Santa Bárbara de Casa
 21068	SANTA OLALLA DEL CALA	Santa Olalla del Cala
 21069	TRIGUEROS	Trigueros
 21070	VALDELARCO	Valdelarco
 21071	VALVERDE DEL CAMINO	Valverde del Camino
 21072	VILLABLANCA	Villablanca
 21073	VILLALBA DEL ALCOR	Villalba del Alcor
 21074	VILLANUEVA DE LAS CRUCES	Villanueva de las Cruces
 21075	VILLANUEVA DE LOS CASTILLEJOS	Villanueva de los Castillejos
 21076	VILLARRASA	Villarrasa
 21077	ZALAMEA LA REAL	Zalamea la Real
 21078	ZUFRE	Zufre
 22001	ABIEGO	Abiego
 22002	ABIZANDA	Abizanda
 22005	ADAHUESCA	Adahuesca
 22007	AGUERO	Agüero
 22009	AINSA SOBRARBE	Aínsa-Sobrarbe
 22010	AISA	Aisa
 22011	ALBALATE DE CINCA	Albalate de Cinca
 22012	ALBALATILLO	Albalatillo
 22013	ALBELDA	Albelda
 22015	ALBERO ALTO	Albero Alto
 22016	ALBERO BAJO	Albero Bajo
 22018	ALBERUELA DE TUBO	Alberuela de Tubo
 22019	ALCALA DE GURREA	Alcalá de Gurrea
 22020	ALCALA DEL OBISPO	Alcalá del Obispo
 22021	ALCAMPELL	Alcampell
 22022	ALCOLEA DE CINCA	Alcolea de Cinca
 22023	ALCUBIERRE	Alcubierre
 22024	ALERRE	Alerre
 22025	ALFANTEGA	Alfántega
 22027	ALMUDEVAR	Almudévar
 22028	ALMUNIA DE SAN JUAN	Almunia de San Juan
 22029	ALMUNIENTE	Almuniente
 22030	ALQUEZAR	Alquézar
 22031	ALTORRICON	Altorricón
 22032	ANGUES	Angüés
 22034	ANSO	Ansó
 22035	ANTILLON	Antillón
 22039	ARAGUES DEL PUERTO	Aragüés del Puerto
 22044	AREN	Arén
 22045	ARGAVIESO	Argavieso
 22046	ARGUIS	Arguis
 22049	AYERBE	Ayerbe
 22050	AZANUY ALINS	Azanuy-Alins
 22051	AZARA	Azara
 22052	AZLOR	Azlor
 22053	BAELLS	Baélls
 22054	BAILO	Bailo
 22055	BALDELLOU	Baldellou
 22056	BALLOBAR	Ballobar
 22059	BANASTAS	Banastás
 22061	BARBASTRO	Barbastro
 22063	BARBUES	Barbués
 22064	BARBUÑALES	Barbuñales
 22065	BARCABO	Bárcabo
 22067	BELVER DE CINCA	Belver de Cinca
 22068	BENABARRE	Benabarre
 22069	BENASQUE	Benasque
 22071	BERANUY	Beranuy
 22072	BERBEGAL	Berbegal
 22079	BIELSA	Bielsa
 22080	BIERGE	Bierge
 22081	BIESCAS	Biescas
 22082	BINACED	Binaced
 22083	BINEFAR	Binéfar
 22085	BISAURRI	Bisaurri
 22086	BISCARRUES	Biscarrués
 22087	BLECUA Y TORRES	Blecua y Torres
 22089	BOLTAÑA	Boltaña
 22090	BONANSA	Bonansa
 22092	BORAU	Borau
 22094	BROTO	Broto
 22038	CALDEARENAS	Caldearenas
 22102	CAMPO	Campo
 22103	CAMPORRELLS	Camporrélls
 22073	CANAL DE BERDUN	Canal de Berdún
 22104	CANDASNOS	Candasnos
 22105	CANFRANC	Canfranc
 22106	CAPDESASO	Capdesaso
 22107	CAPELLA	Capella
 22109	CASBAS DE HUESCA	Casbas de Huesca
 22113	CASTEJON DE MONEGROS	Castejón de Monegros
 22115	CASTEJON DE SOS	Castejón de Sos
 22112	CASTEJON DEL PUENTE	Castejón del Puente
 22116	CASTELFLORITE	Castelflorite
 22117	CASTIELLO DE JACA	Castiello de Jaca
 22118	CASTIGALEU	Castigaleu
 22120	CASTILLAZUELO	Castillazuelo
 22121	CASTILLONROY	Castillonroy
 22132	CHALAMERA	Chalamera
 22133	CHIA	Chía
 22134	CHIMILLAS	Chimillas
 22123	COLUNGO	Colungo
 22161	EL GRADO	El Grado
 22261	EL PUEYO DE ARAGUAS	El Pueyo de Araguás
 22140	ESPLUS	Esplús
 22144	ESTADA	Estada
 22145	ESTADILLA	Estadilla
 22147	ESTOPIÑAN DEL CASTILLO	Estopiñán del Castillo
 22148	FAGO	Fago
 22149	FANLO	Fanlo
 22152	FISCAL	Fiscal
 22153	FONZ	Fonz
 22154	FORADADA DEL TOSCAR	Foradada del Toscar
 22155	FRAGA	Fraga
 22160	GISTAIN	Gistaín
 22162	GRAÑEN	Grañén
 22163	GRAUS	Graus
 22167	GURREA DE GALLEGO	Gurrea de Gállego
 22170	HOZ DE JACA	Hoz de Jaca
 22169	HOZ Y COSTEAN	Hoz y Costean
 22172	HUERTO	Huerto
 22901	HUESCA	Huesca
 22174	IBIECA	Ibieca
 22175	IGRIES	Igriés
 22176	ILCHE	Ilche
 22272	ISABENA	Isábena
 22178	JACA	Jaca
 22179	JASA	Jasa
 22350	LA FUEVA	La Fueva
 22256	LA PUEBLA DE CASTRO	La Puebla de Castro
 22088	LA SOTONERA	La Sotonera
 22185	LABUERDA	Labuerda
 22189	LALUENGA	Laluenga
 22190	LALUEZA	Lalueza
 22191	LANAJA	Lanaja
 22193	LAPERDIGUERA	Laperdiguera
 22270	LAS PEÑAS DE RIGLOS	Las Peñas de Riglos
 22196	LASCELLAS PONZANO	Lascellas-Ponzano
 22197	LASCUARRE	Lascuarre
 22198	LASPAULES	Laspaúles
 22199	LASPUÑA	Laspuña
 22205	LOARRE	Loarre
 22206	LOPORZANO	Loporzano
 22207	LOSCORRALES	Loscorrales
 22208	LUPIÑEN ORTILLA	Lupiñén-Ortilla
 22215	MONESMA Y CAJIGAR	Monesma y Cajigar
 22216	MONFLORITE LASCASAS	Monflorite-Lascasas
 22217	MONTANUY	Montanuy
 22218	MONZON	Monzón
 22222	NAVAL	Naval
 22226	NOVALES	Novales
 22227	NUENO	Nueno
 22230	OLVENA	Olvena
 22231	ONTIÑENA	Ontiñena
 22235	OSSO DE CINCA	Osso de Cinca
 22236	PALO	Palo
 22239	PANTICOSA	Panticosa
 22241	PEÑALBA	Peñalba
 22242	PERALTA DE ALCOFEA	Peralta de Alcofea
 22243	PERALTA DE CALASANZ	Peralta de Calasanz
 22244	PERALTILLA	Peraltilla
 22245	PERARRUA	Perarrúa
 22246	PERTUSA	Pertusa
 22249	PIRACES	Piracés
 22250	PLAN	Plan
 22252	POLEÑINO	Poleñino
 22255	POZAN DE VERO	Pozán de Vero
 22259	PUENTE DE MONTAÑANA	Puente de Montañana
 22288	PUENTE LA REINA DE JACA	Puente la Reina de Jaca
 22260	PUERTOLAS	Puértolas
 22264	PUEYO DE SANTA CRUZ	Pueyo de Santa Cruz
 22266	QUICENA	Quicena
 22271	ROBRES	Robres
 22275	SABIÑANIGO	Sabiñánigo
 22276	SAHUN	Sahún
 22277	SALAS ALTAS	Salas Altas
 22278	SALAS BAJAS	Salas Bajas
 22279	SALILLAS	Salillas
 22282	SALLENT DE GALLEGO	Sallent de Gállego
 22283	SAN ESTEBAN DE LITERA	San Esteban de Litera
 22285	SAN JUAN DE PLAN	San Juan de Plan
 22253	SAN MIGUEL DEL CINCA	San Miguel del Cinca
 22284	SANGARREN	Sangarrén
 22286	SANTA CILIA	Santa Cilia
 22287	SANTA CRUZ DE LA SEROS	Santa Cruz de la Serós
 22171	SANTA MARIA DE DULCIS	Santa María de Dulcis
 22291	SANTALIESTRA Y SAN QUILEZ	Santaliestra y San Quílez
 22294	SARIÑENA	Sariñena
 22298	SECASTILLA	Secastilla
 22299	SEIRA	Seira
 22301	SENA	Sena
 22303	SENES DE ALCUBIERRE	Senés de Alcubierre
 22305	SESA	Sesa
 22306	SESUE	Sesué
 22309	SIETAMO	Siétamo
 22313	SOPEIRA	Sopeira
 22315	TAMARITE DE LITERA	Tamarite de Litera
 22316	TARDIENTA	Tardienta
 22317	TELLA SIN	Tella-Sin
 22318	TIERZ	Tierz
 22320	TOLVA	Tolva
 22321	TORLA ORDESA	Torla-Ordesa
 22323	TORRALBA DE ARAGON	Torralba de Aragón
 22324	TORRE LA RIBERA	Torre la Ribera
 22325	TORRENTE DE CINCA	Torrente de Cinca
 22326	TORRES DE ALCANADRE	Torres de Alcanadre
 22327	TORRES DE BARBUES	Torres de Barbués
 22332	TRAMACED	Tramaced
 22336	VALFARTA	Valfarta
 22337	VALLE DE BARDAJI	Valle de Bardají
 22168	VALLE DE HECHO	Valle de Hecho
 22338	VALLE DE LIERP	Valle de Lierp
 22339	VELILLA DE CINCA	Velilla de Cinca
 22351	VENCILLON	Vencillón
 22341	VIACAMP Y LITERA	Viacamp y Litera
 22342	VICIEN	Vicién
 22343	VILLANOVA	Villanova
 22344	VILLANUA	Villanúa
 22345	VILLANUEVA DE SIGENA	Villanueva de Sigena
 22347	YEBRA DE BASA	Yebra de Basa
 22348	YESERO	Yésero
 22349	ZAIDIN	Zaidín
 23001	ALBANCHEZ DE MAGINA	Albanchez de Mágina
 23002	ALCALA LA REAL	Alcalá la Real
 23003	ALCAUDETE	Alcaudete
 23004	ALDEAQUEMADA	Aldeaquemada
 23005	ANDUJAR	Andújar
 23006	ARJONA	Arjona
 23007	ARJONILLA	Arjonilla
 23008	ARQUILLOS	Arquillos
 23102	ARROYO DEL OJANCO	Arroyo del Ojanco
 23009	BAEZA	Baeza
 23010	BAILEN	Bailén
 23011	BAÑOS DE LA ENCINA	Baños de la Encina
 23012	BEAS DE SEGURA	Beas de Segura
 23013	BEDMAR Y GARCIEZ	Bedmar y Garcíez
 23014	BEGIJAR	Begíjar
 23015	BELMEZ DE LA MORALEDA	Bélmez de la Moraleda
 23016	BENATAE	Benatae
 23017	CABRA DEL SANTO CRISTO	Cabra del Santo Cristo
 23018	CAMBIL	Cambil
 23019	CAMPILLO DE ARENAS	Campillo de Arenas
 23020	CANENA	Canena
 23021	CARBONEROS	Carboneros
 23023	CARCHELES	Cárcheles
 23025	CASTELLAR	Castellar
 23026	CASTILLO DE LOCUBIN	Castillo de Locubín
 23027	CAZALILLA	Cazalilla
 23028	CAZORLA	Cazorla
 23029	CHICLANA DE SEGURA	Chiclana de Segura
 23030	CHILLUEVAR	Chilluévar
 23031	ESCAÑUELA	Escañuela
 23032	ESPELUY	Espeluy
 23033	FRAILES	Frailes
 23034	FUENSANTA DE MARTOS	Fuensanta de Martos
 23035	FUERTE DEL REY	Fuerte del Rey
 23037	GENAVE	Génave
 23039	GUARROMAN	Guarromán
 23041	HIGUERA DE CALATRAVA	Higuera de Calatrava
 23042	HINOJARES	Hinojares
 23043	HORNOS	Hornos
 23044	HUELMA	Huelma
 23045	HUESA	Huesa
 23046	IBROS	Ibros
 23048	IZNATORAF	Iznatoraf
 23049	JABALQUINTO	Jabalquinto
 23900	JAEN	Jaén
 23051	JAMILENA	Jamilena
 23052	JIMENA	Jimena
 23053	JODAR	Jódar
 23024	LA CAROLINA	La Carolina
 23038	LA GUARDIA DE JAEN	La Guardia de Jaén
 23047	LA IRUELA	La Iruela
 23072	LA PUERTA DE SEGURA	La Puerta de Segura
 23040	LAHIGUERA	Lahiguera
 23054	LARVA	Larva
 23055	LINARES	Linares
 23056	LOPERA	Lopera
 23099	LOS VILLARES	Los Villares
 23057	LUPION	Lupión
 23058	MANCHA REAL	Mancha Real
 23059	MARMOLEJO	Marmolejo
 23060	MARTOS	Martos
 23061	MENGIBAR	Mengíbar
 23062	MONTIZON	Montizón
 23063	NAVAS DE SAN JUAN	Navas de San Juan
 23064	NOALEJO	Noalejo
 23065	ORCERA	Orcera
 23066	PEAL DE BECERRO	Peal de Becerro
 23067	PEGALAJAR	Pegalajar
 23069	PORCUNA	Porcuna
 23070	POZO ALCON	Pozo Alcón
 23071	PUENTE DE GENAVE	Puente de Génave
 23073	QUESADA	Quesada
 23074	RUS	Rus
 23075	SABIOTE	Sabiote
 23076	SANTA ELENA	Santa Elena
 23077	SANTIAGO DE CALATRAVA	Santiago de Calatrava
 23078	SANTIAGO PONTONES	Santiago-Pontones
 23079	SANTISTEBAN DEL PUERTO	Santisteban del Puerto
 23080	SANTO TOME	Santo Tomé
 23081	SEGURA DE LA SIERRA	Segura de la Sierra
 23082	SILES	Siles
 23084	SORIHUELA DEL GUADALIMAR	Sorihuela del Guadalimar
 23085	TORREBLASCOPEDRO	Torreblascopedro
 23086	TORREDELCAMPO	Torredelcampo
 23087	TORREDONJIMENO	Torredonjimeno
 23088	TORREPEROGIL	Torreperogil
 23090	TORRES	Torres
 23091	TORRES DE ALBANCHEZ	Torres de Albánchez
 23092	UBEDA	Úbeda
 23093	VALDEPEÑAS DE JAEN	Valdepeñas de Jaén
 23094	VILCHES	Vilches
 23095	VILLACARRILLO	Villacarrillo
 23096	VILLANUEVA DE LA REINA	Villanueva de la Reina
 23097	VILLANUEVA DEL ARZOBISPO	Villanueva del Arzobispo
 23098	VILLARDOMPARDO	Villardompardo
 23101	VILLARRODRIGO	Villarrodrigo
 23100	VILLATORRES	Villatorres
 24001	ACEBEDO	Acebedo
 24002	ALGADEFE	Algadefe
 24003	ALIJA DEL INFANTADO	Alija del Infantado
 24004	ALMANZA	Almanza
 24006	ARDON	Ardón
 24007	ARGANZA	Arganza
 24009	ASTORGA	Astorga
 24010	BALBOA	Balboa
 24012	BARJAS	Barjas
 24015	BEMBIBRE	Bembibre
 24016	BENAVIDES	Benavides
 24017	BENUZA	Benuza
 24018	BERCIANOS DEL PARAMO	Bercianos del Páramo
 24019	BERCIANOS DEL REAL CAMINO	Bercianos del Real Camino
 24020	BERLANGA DEL BIERZO	Berlanga del Bierzo
 24021	BOCA DE HUERGANO	Boca de Huérgano
 24022	BOÑAR	Boñar
 24023	BORRENES	Borrenes
 24024	BRAZUELO	Brazuelo
 24026	BURON	Burón
 24027	BUSTILLO DEL PARAMO	Bustillo del Páramo
 24028	CABAÑAS RARAS	Cabañas Raras
 24029	CABREROS DEL RIO	Cabreros del Río
 24030	CABRILLANES	Cabrillanes
 24031	CACABELOS	Cacabelos
 24032	CALZADA DEL COTO	Calzada del Coto
 24033	CAMPAZAS	Campazas
 24035	CAMPO DE VILLAVIDEL	Campo de Villavidel
 24036	CAMPONARAYA	Camponaraya
 24039	CARMENES	Cármenes
 24040	CARRACEDELO	Carracedelo
 24041	CARRIZO	Carrizo
 24042	CARROCERA	Carrocera
 24043	CARUCEDO	Carucedo
 24044	CASTILFALE	Castilfalé
 24045	CASTRILLO DE CABRERA	Castrillo de Cabrera
 24046	CASTRILLO DE LA VALDUERNA	Castrillo de la Valduerna
 24048	CASTROCALBON	Castrocalbón
 24049	CASTROCONTRIGO	Castrocontrigo
 24051	CASTROPODAME	Castropodame
 24052	CASTROTIERRA DE VALMADRIGAL	Castrotierra de Valmadrigal
 24053	CEA	Cea
 24054	CEBANICO	Cebanico
 24055	CEBRONES DEL RIO	Cebrones del Río
 24067	CHOZAS DE ABAJO	Chozas de Abajo
 24056	CIMANES DE LA VEGA	Cimanes de la Vega
 24057	CIMANES DEL TEJAR	Cimanes del Tejar
 24058	CISTIERNA	Cistierna
 24059	CONGOSTO	Congosto
 24060	CORBILLOS DE LOS OTEROS	Corbillos de los Oteros
 24061	CORULLON	Corullón
 24062	CREMENES	Cármenes
 24063	CUADROS	Cuadros
 24064	CUBILLAS DE LOS OTEROS	Cubillas de los Oteros
 24065	CUBILLAS DE RUEDA	Cubillas de Rueda
 24066	CUBILLOS DEL SIL	Cubillos del Sil
 24068	DESTRIANA	Destriana
 24025	EL BURGO RANERO	El Burgo Ranero
 24069	ENCINEDO	Encinedo
 24071	ESCOBAR DE CAMPOS	Escobar de Campos
 24072	FABERO	Fabero
 24073	FOLGOSO DE LA RIBERA	Folgoso de la Ribera
 24075	FRESNO DE LA VEGA	Fresno de la Vega
 24076	FUENTES DE CARBAJAL	Fuentes de Carbajal
 24078	GARRAFE DE TORIO	Garrafe de Torío
 24079	GORDALIZA DEL PINO	Gordaliza del Pino
 24080	GORDONCILLO	Gordoncillo
 24081	GRADEFES	Gradefes
 24082	GRAJAL DE CAMPOS	Grajal de Campos
 24083	GUSENDOS DE LOS OTEROS	Gusendos de los Oteros
 24084	HOSPITAL DE ORBIGO	Hospital de Órbigo
 24085	IGUEÑA	Igüeña
 24086	IZAGRE	Izagre
 24088	JOARILLA DE LAS MATAS	Joarilla de las Matas
 24005	LA ANTIGUA	La Antigua
 24011	LA BAÑEZA	La Bañeza
 24070	LA ERCINA	La Ercina
 24117	LA POLA DE GORDON	La Pola de Gordón
 24137	LA ROBLA	La Robla
 24196	LA VECILLA	La Vecilla
 24089	LAGUNA DALGA	Laguna Dalga
 24090	LAGUNA DE NEGRILLOS	Laguna de Negrillos
 24106	LAS OMAÑAS	Las Omañas
 24900	LEON	León
 24094	LLAMAS DE LA RIBERA	Llamas de la Ribera
 24013	LOS BARRIOS DE LUNA	Los Barrios de Luna
 24092	LUCILLO	Lucillo
 24093	LUYEGO	Luyego
 24095	MAGAZ DE CEPEDA	Magaz de Cepeda
 24096	MANSILLA DE LAS MULAS	Mansilla de las Mulas
 24097	MANSILLA MAYOR	Mansilla Mayor
 24098	MARAÑA	Maraña
 24099	MATADEON DE LOS OTEROS	Matadeón de los Oteros
 24100	MATALLANA DE TORIO	Matallana de Torío
 24101	MATANZA	Matanza
 24102	MOLINASECA	Molinaseca
 24103	MURIAS DE PAREDES	Murias de Paredes
 24104	NOCEDA DEL BIERZO	Noceda del Bierzo
 24105	OENCIA	Oencia
 24107	ONZONILLA	Onzonilla
 24108	OSEJA DE SAJAMBRE	Oseja de Sajambre
 24109	PAJARES DE LOS OTEROS	Pajares de los Oteros
 24110	PALACIOS DE LA VALDUERNA	Palacios de la Valduerna
 24111	PALACIOS DEL SIL	Palacios del Sil
 24113	PARAMO DEL SIL	Páramo del Sil
 24115	PERANZANES	Peranzanes
 24116	POBLADURA DE PELAYO GARCIA	Pobladura de Pelayo García
 24118	PONFERRADA	Ponferrada
 24119	POSADA DE VALDEON	Posada de Valdeón
 24120	POZUELO DEL PARAMO	Roperuelos del Páramo
 24121	PRADO DE LA GUZPEÑA	Prado de la Guzpeña
 24122	PRIARANZA DEL BIERZO	Priaranza del Bierzo
 24123	PRIORO	Prioro
 24124	PUEBLA DE LILLO	Puebla de Lillo
 24125	PUENTE DE DOMINGO FLOREZ	Puente de Domingo Flórez
 24126	QUINTANA DEL CASTILLO	Quintana del Castillo
 24127	QUINTANA DEL MARCO	Quintana del Marco
 24128	QUINTANA Y CONGOSTO	Quintana y Congosto
 24130	REGUERAS DE ARRIBA	Regueras de Arriba
 24132	REYERO	Reyero
 24133	RIAÑO	Riaño
 24134	RIEGO DE LA VEGA	Riego de la Vega
 24135	RIELLO	Riello
 24136	RIOSECO DE TAPIA	Rioseco de Tapia
 24139	ROPERUELOS DEL PARAMO	Roperuelos del Páramo
 24140	SABERO	Sabero
 24142	SAHAGUN	Sahagún
 24144	SAN ADRIAN DEL VALLE	San Adrián del Valle
 24145	SAN ANDRES DEL RABANEDO	San Andrés del Rabanedo
 24147	SAN CRISTOBAL DE LA POLANTERA	San Cristóbal de la Polantera
 24148	SAN EMILIANO	San Emiliano
 24149	SAN ESTEBAN DE NOGALES	San Esteban de Nogales
 24151	SAN JUSTO DE LA VEGA	San Justo de la Vega
 24152	SAN MILLAN DE LOS CABALLEROS	San Millán de los Caballeros
 24153	SAN PEDRO BERCIANOS	San Pedro Bercianos
 24146	SANCEDO	Sancedo
 24154	SANTA COLOMBA DE CURUEÑO	Santa Colomba de Curueño
 24155	SANTA COLOMBA DE SOMOZA	Santa Colomba de Somoza
 24156	SANTA CRISTINA DE VALMADRIGAL	Santa Cristina de Valmadrigal
 24157	SANTA ELENA DE JAMUZ	Santa Elena de Jamuz
 24158	SANTA MARIA DE LA ISLA	Santa María de la Isla
 24161	SANTA MARIA DE ORDAS	Santa María de Ordás
 24159	SANTA MARIA DEL MONTE DE CEA	Santa María del Monte de Cea
 24160	SANTA MARIA DEL PARAMO	Santa María del Páramo
 24162	SANTA MARINA DEL REY	Santa Marina del Rey
 24163	SANTAS MARTAS	Santas Martas
 24164	SANTIAGO MILLAS	Santiago Millas
 24165	SANTOVENIA DE LA VALDONCINA	Santovenia de la Valdoncina
 24166	SARIEGOS	Sariegos
 24167	SENA DE LUNA	Sena de Luna
 24168	SOBRADO	Sobrado
 24169	SOTO DE LA VEGA	Soto de la Vega
 24170	SOTO Y AMIO	Soto y Amío
 24171	TORAL DE LOS GUZMANES	Toral de los Guzmanes
 24210	TORAL DE LOS VADOS	Toral de los Vados
 24172	TORENO	Toreno
 24173	TORRE DEL BIERZO	Torre del Bierzo
 24174	TRABADELO	Trabadelo
 24175	TRUCHAS	Truchas
 24176	TURCIA	Turcia
 24177	URDIALES DEL PARAMO	Urdiales del Páramo
 24188	VAL DE SAN LORENZO	Val de San Lorenzo
 24178	VALDEFRESNO	Valdefresno
 24179	VALDEFUENTES DEL PARAMO	Valdefuentes del Páramo
 24180	VALDELUGUEROS	Valdelugueros
 24181	VALDEMORA	Valdemora
 24182	VALDEPIELAGO	Valdepiélago
 24183	VALDEPOLO	Valdepolo
 24184	VALDERAS	Valderas
 24185	VALDERREY	Valderrey
 24186	VALDERRUEDA	Valderrueda
 24187	VALDESAMARIO	Valdesamario
 24190	VALDEVIMBRE	Valdevimbre
 24191	VALENCIA DE DON JUAN	Valencia de Don Juan
 24038	VALLE DE ANCARES	Valle de Ancares
 24194	VALLECILLO	Vallecillo
 24192	VALVERDE DE LA VIRGEN	Valverde de la Virgen
 24193	VALVERDE ENRIQUE	Valverde-Enrique
 24199	VEGA DE ESPINAREDA	Vega de Espinareda
 24200	VEGA DE INFANZONES	Vega de Infanzones
 24201	VEGA DE VALCARCE	Vega de Valcarce
 24197	VEGACERVERA	Vegacervera
 24203	VEGAQUEMADA	Vegaquemada
 24205	VEGAS DEL CONDADO	Vegas del Condado
 24206	VILLABLINO	Villablino
 24207	VILLABRAZ	Villabraz
 24209	VILLADANGOS DEL PARAMO	Villadangos del Páramo
 24211	VILLADEMOR DE LA VEGA	Villademor de la Vega
 24213	VILLAFRANCA DEL BIERZO	Villafranca del Bierzo
 24214	VILLAGATON	Villagatón
 24215	VILLAMANDOS	Villamandos
 24138	VILLAMANIN	Villamanín
 24216	VILLAMAÑAN	Villamañán
 24217	VILLAMARTIN DE DON SANCHO	Villamartín de Don Sancho
 24218	VILLAMEJIL	Villamejil
 24219	VILLAMOL	Villamol
 24220	VILLAMONTAN DE LA VALDUERNA	Villamontán de la Valduerna
 24221	VILLAMORATIEL DE LAS MATAS	Villamoratiel de las Matas
 24222	VILLANUEVA DE LAS MANZANAS	Villanueva de las Manzanas
 24223	VILLAOBISPO DE OTERO	Villaobispo de Otero
 24224	VILLAORNATE Y CASTRO	Villaornate y Castro
 24225	VILLAQUEJIDA	Villaquejida
 24226	VILLAQUILAMBRE	Villaquilambre
 24227	VILLAREJO DE ORBIGO	Villarejo de Órbigo
 24228	VILLARES DE ORBIGO	Villares de Órbigo
 24229	VILLASABARIEGO	Villasabariego
 24230	VILLASELAN	Villaselán
 24231	VILLATURIEL	Villaturiel
 24233	VILLAZALA	Villazala
 24234	VILLAZANZO DE VALDERADUEY	Villazanzo de Valderaduey
 24235	ZOTES DEL PARAMO	Zotes del Páramo
 25001	ABELLA DE LA CONCA	Abella de la Conca
 25002	AGER	Àger
 25003	AGRAMUNT	Agramunt
 25046	AITONA	Aitona
 25005	ALAS I CERC	Alàs i Cerc
 25007	ALBATARREC	Albatàrrec
 25008	ALBESA	Albesa
 25010	ALCANO	Alcanó
 25011	ALCARRAS	Alcarràs
 25012	ALCOLETGE	Alcoletge
 25013	ALFARRAS	Alfarràs
 25014	ALFES	Alfés
 25015	ALGERRI	Algerri
 25016	ALGUAIRE	Alguaire
 25017	ALINS	Alins
 25019	ALMACELLES	Almacelles
 25020	ALMATRET	Almatret
 25021	ALMENAR	Almenar
 25022	ALOS DE BALAGUER	Alòs de Balaguer
 25023	ALPICAT	Alpicat
 25299	ALT ANEU	Alt Àneu
 25025	ANGLESOLA	Anglesola
 25032	ARBECA	Arbeca
 25036	ARRES	Arres
 25039	ARSEGUEL	Arsèguel
 25040	ARTESA DE LLEIDA	Artesa de Lleida
 25041	ARTESA DE SEGRE	Artesa de Segre
 25044	ASPA	Aspa
 25126	BAIX PALLARS	Baix Pallars
 25049	BALAGUER	Balaguer
 25050	BARBENS	Barbens
 25053	BASSELLA	Bassella
 25054	BAUSEN	Bausen
 25055	BELIANES	Belianes
 25212	BELLAGUARDA	Bellaguarda
 25056	BELLCAIRE D URGELL	Bellcaire d'Urgell
 25057	BELL LLOC D URGELL	Bell-lloc d'Urgell
 25058	BELLMUNT D URGELL	Bellmunt d'Urgell
 25059	BELLPUIG	Bellpuig
 25060	BELLVER DE CERDANYA	Bellver de Cerdanya
 25061	BELLVIS	Bellvís
 25063	BENAVENT DE SEGRIA	Benavent de Segrià
 25067	BIOSCA	Biosca
 25071	BOSSOST	Bossòst
 25068	BOVERA	Bovera
 25072	CABANABONA	Cabanabona
 25073	CABO	Cabó
 25074	CAMARASA	Camarasa
 25075	CANEJAN	Canejan
 25136	CASTELL DE MUR	Castell de Mur
 25076	CASTELLAR DE LA RIBERA	Castellar de la Ribera
 25079	CASTELLDANS	Castelldans
 25080	CASTELLNOU DE SEANA	Castellnou de Seana
 25081	CASTELLO DE FARFANYA	Castelló de Farfanya
 25082	CASTELLSERA	Castellserà
 25083	CAVA	Cava
 25084	CERVERA	Cervera
 25085	CERVIA DE LES GARRIGUES	Cervià de les Garrigues
 25086	CIUTADILLA	Ciutadilla
 25089	CLARIANA DE CARDENER	Clariana de Cardener
 25092	COLL DE NARGO	Coll de Nargó
 25090	CONCA DE DALT	Conca de Dalt
 25094	CORBINS	Corbins
 25095	CUBELLS	Cubells
 25091	EL COGUL	el Cogul
 25198	EL PALAU D ANGLESOLA	el Palau d'Anglesola
 25210	EL POAL	el Poal
 25278	EL PONT DE BAR	el Pont de Bar
 25216	EL PONT DE SUERT	el Pont de Suert
 25256	EL SOLERAS	el Soleràs
 25316	EL VILOSELL	el Vilosell
 25004	ELS ALAMUS	els Alamús
 25191	ELS OMELLONS	els Omellons
 25192	ELS OMELLS DE NA GAIA	els Omells de na Gaia
 25031	ELS PLANS DE SIO	els Plans de Sió
 25281	ELS TORMS	els Torms
 25069	ES BORDES	Es Bòrdes
 25104	ESPOT	Espot
 25110	ESTAMARIU	Estamariu
 25107	ESTARAS	Estaràs
 25108	ESTERRI D ANEU	Esterri de Cardós
 25109	ESTERRI DE CARDOS	Esterri de Cardós
 25111	FARRERA	Farrera
 25112	FIGOLS I ALINYA	Fígols i Alinyà
 25118	FONDARELLA	Fondarella
 25120	FORADADA	Foradada
 25123	FULLEDA	Fulleda
 25241	GAVET DE LA CONCA	Gavet de la Conca
 25321	GIMENELLS I EL PLA DE LA FONT	Gimenells i el Pla de la Font
 25128	GOLMES	Golmés
 25129	GOSOL	Gósol
 25132	GRANYANELLA	Granyanella
 25134	GRANYENA DE LES GARRIGUES	Granyena de les Garrigues
 25133	GRANYENA DE SEGARRA	Granyena de Segarra
 25138	GUIMERA	Guimerà
 25139	GUISSONA	Guissona
 25140	GUIXERS	Guixers
 25146	ISONA I CONCA DELLA	Isona i Conca Dellà
 25142	IVARS DE NOGUERA	Ivars de Noguera
 25143	IVARS D URGELL	Ivars d'Urgell
 25144	IVORRA	Ivorra
 25147	JOSA I TUIXEN	Josa i Tuixén
 25149	JUNCOSA	Juncosa
 25150	JUNEDA	Juneda
 25051	LA BARONIA DE RIALB	la Baronia de Rialb
 25203	LA COMA I LA PEDRA	la Coma i la Pedra
 25117	LA FLORESTA	la Floresta
 25122	LA FULIOLA	la Fuliola
 25130	LA GRANADELLA	la Granadella
 25131	LA GRANJA D ESCARP	la Granja d'Escarp
 25148	LA GUINGUETA D ANEU	la Guingueta d'Àneu
 25171	LA MOLSOSA	la Molsosa
 25211	LA POBLA DE CERVOLES	la Pobla de Cérvoles
 25213	LA POBLA DE SEGUR	la Pobla de Segur
 25217	LA PORTELLA	la Portella
 25043	LA SENTIU DE SIO	la Sentiu de Sió
 25252	LA SEU D URGELL	la Seu d'Urgell
 25284	LA TORRE DE CABDELLA	la Torre de Cabdella
 25052	LA VALL DE BOI	la Vall de Boí
 25302	LA VANSA I FORNOLS	la Vansa i Fórnols
 25006	L ALBAGES	l'Albagés
 25009	L ALBI	l'Albi
 25152	LES	Les
 25045	LES AVELLANES I SANTA LINYA	les Avellanes i Santa Linya
 25070	LES BORGES BLANQUES	les Borges Blanques
 25190	LES OLUGES	les Oluges
 25185	LES VALLS D AGUILAR	les Valls d'Aguilar
 25026	LES VALLS DE VALIRA	les Valls de Valira
 25102	L ESPLUGA CALVA	l'Espluga Calba
 25153	LINYOLA	Linyola
 25154	LLADORRE	Lladorre
 25155	LLADURS	Lladurs
 25157	LLARDECANS	Llardecans
 25158	LLAVORSI	Llavorsí
 25900	LLEIDA	Lleida
 25159	LLES DE CERDANYA	Lles de Cerdanya
 25162	LLIMIANA	Llimiana
 25163	LLOBERA	Llobera
 25168	MAIALS	Maials
 25164	MALDA	Maldà
 25166	MASSALCOREIG	Massalcoreig
 25167	MASSOTERES	Massoteres
 25169	MENARGUENS	Menàrguens
 25170	MIRALCAMP	Miralcamp
 25172	MOLLERUSSA	Mollerussa
 25177	MONTELLA I MARTINET	Montellà i Martinet
 25028	MONTFERRER I CASTELLBO	Montferrer i Castellbò
 25174	MONTGAI	Montgai
 25179	MONTOLIU DE LLEIDA	Montoliu de Lleida
 25178	MONTOLIU DE SEGARRA	Montoliu de Segarra
 25180	MONTORNES DE SEGARRA	Montornès de Segarra
 25183	NALEC	Nalec
 25233	NAUT ARAN	Naut Aran
 25184	NAVES	Navès
 25186	ODEN	Odèn
 25187	OLIANA	Oliana
 25188	OLIOLA	Oliola
 25189	OLIUS	Olius
 25194	ORGANYA	Organyà
 25196	OS DE BALAGUER	Os de Balaguer
 25197	OSSO DE SIO	Ossó de Sió
 25204	PENELLES	Penelles
 25206	PERAMOLA	Peramola
 25207	PINELL DE SOLSONES	Pinell de Solsonès
 25208	PINOS	Pinós
 25215	PONTS	Ponts
 25218	PRATS I SANSOR	Prats i Sansor
 25219	PREIXANA	Preixana
 25220	PREIXENS	Preixens
 25222	PRULLANS	Prullans
 25223	PUIGGROS	Puiggròs
 25224	PUIGVERD D AGRAMUNT	Puigverd d'Agramunt
 25225	PUIGVERD DE LLEIDA	Puigverd de Lleida
 25226	RIALP	Rialp
 25240	RIBERA D ONDARA	Ribera d'Ondara
 25209	RIBERA D URGELLET	Ribera d'Urgellet
 25228	RINER	Riner
 25229	RIU DE CERDANYA	Riu de Cerdanya
 25232	ROSSELLO	Rosselló
 25234	SALAS DE PALLARS	Salàs de Pallars
 25235	SANAUJA	Sanaüja
 25242	SANT ESTEVE DE LA SARGA	Sant Esteve de la Sarga
 25236	SANT GUIM DE FREIXENET	Sant Guim de Freixenet
 25243	SANT GUIM DE LA PLANA	Sant Guim de la Plana
 25237	SANT LLOREN  DE MORUNYS	Sant Llorenç de Morunys
 25244	SANT MARTI DE RIUCORB	Sant Martí de Riucorb
 25238	SANT RAMON	Sant Ramon
 25250	SARROCA DE BELLERA	Sarroca de Bellera
 25249	SARROCA DE LLEIDA	Sarroca de Lleida
 25251	SENTERADA	Senterada
 25254	SEROS	Seròs
 25255	SIDAMON	Sidamon
 25257	SOLSONA	Solsona
 25259	SORIGUERA	Soriguera
 25261	SORT	Sort
 25262	SOSES	Soses
 25263	SUDANELL	Sudanell
 25264	SUNYER	Sunyer
 25268	TALARN	Talarn
 25269	TALAVERA	Talavera
 25272	TARREGA	Tàrrega
 25273	TARRES	Arres
 25274	TARROJA DE SEGARRA	Tarroja de Segarra
 25275	TERMENS	Térmens
 25276	TIRVIA	Tírvia
 25277	TIURANA	Tiurana
 25279	TORA	Torà
 25282	TORNABOUS	Tornabous
 25283	TORREBESSES	Torrebesses
 25285	TORREFARRERA	Torrefarrera
 25286	TORREFETA I FLOREJACS	Torrefeta i Florejacs
 25287	TORREGROSSA	Torregrossa
 25288	TORRELAMEU	Torrelameu
 25289	TORRES DE SEGRE	Torres de Segre
 25290	TORRE SERONA	Torre-serona
 25295	TREMP	Tremp
 25227	VALL DE CARDOS	Vall de Cardós
 25300	VALLBONA DE LES MONGES	Vallbona de les Monges
 25301	VALLFOGONA DE BALAGUER	Vallfogona de Balaguer
 25303	VERDU	Verdú
 25304	VIELHA E MIJARAN	Vielha e Mijaran
 25306	VILAGRASSA	Vilagrassa
 25307	VILALLER	Vilaller
 25309	VILAMOS	Vilamòs
 25310	VILANOVA DE BELLPUIG	Vilanova de Bellpuig
 25317	VILANOVA DE LA BARCA	Vilanova de la Barca
 25311	VILANOVA DE L AGUDA	Vilanova de l'Aguda
 25312	VILANOVA DE MEIA	Vilanova de Meià
 25313	VILANOVA DE SEGRIA	Vilanova de Segrià
 25314	VILA SANA	Vila-sana
 25319	VINAIXA	Vinaixa
 26001	ABALOS	Ábalos
 26002	AGONCILLO	Agoncillo
 26003	AGUILAR DEL RIO ALHAMA	Aguilar del Río Alhama
 26004	AJAMIL DE CAMEROS	Ajamil de Cameros
 26005	ALBELDA DE IREGUA	Albelda de Iregua
 26006	ALBERITE	Alberite
 26007	ALCANADRE	Alcanadre
 26008	ALDEANUEVA DE EBRO	Aldeanueva de Ebro
 26009	ALESANCO	Alesanco
 26010	ALESON	Alesón
 26011	ALFARO	Alfaro
 26012	ALMARZA DE CAMEROS	Almarza de Cameros
 26013	ANGUCIANA	Anguciana
 26014	ANGUIANO	Anguiano
 26015	ARENZANA DE ABAJO	Arenzana de Abajo
 26016	ARENZANA DE ARRIBA	Arenzana de Arriba
 26017	ARNEDILLO	Arnedillo
 26018	ARNEDO	Arnedo
 26019	ARRUBAL	Arrúbal
 26020	AUSEJO	Ausejo
 26021	AUTOL	Autol
 26022	AZOFRA	Azofra
 26023	BADARAN	Badarán
 26024	BAÑARES	Bañares
 26026	BAÑOS DE RIO TOBIA	Baños de Río Tobía
 26025	BAÑOS DE RIOJA	Baños de Rioja
 26027	BERCEO	Berceo
 26028	BERGASA	Bergasa
 26029	BERGASILLAS BAJERA	Bergasillas Bajera
 26030	BEZARES	Bezares
 26031	BOBADILLA	Bobadilla
 26032	BRIEVA DE CAMEROS	Brieva de Cameros
 26033	BRIÑAS	Briñas
 26034	BRIONES	Briones
 26035	CABEZON DE CAMEROS	Cabezón de Cameros
 26036	CALAHORRA	Calahorra
 26037	CAMPROVIN	Camprovín
 26038	CANALES DE LA SIERRA	Canales de la Sierra
 26039	CANILLAS DE RIO TUERTO	Canillas de Río Tuerto
 26040	CAÑAS	Cañas
 26041	CARDENAS	Cárdenas
 26042	CASALARREINA	Casalarreina
 26043	CASTAÑARES DE RIOJA	Castañares de Rioja
 26044	CASTROVIEJO	Castroviejo
 26045	CELLORIGO	Cellorigo
 26046	CENICERO	Cenicero
 26047	CERVERA DEL RIO ALHAMA	Cervera del Río Alhama
 26048	CIDAMON	Cidamón
 26049	CIHURI	Cihuri
 26050	CIRUEÑA	Cirueña
 26051	CLAVIJO	Clavijo
 26052	CORDOVIN	Cordovín
 26053	CORERA	Corera
 26054	CORNAGO	Cornago
 26055	CORPORALES	Corporales
 26056	CUZCURRITA DE RIO TIRON	Cuzcurrita de Río Tirón
 26057	DAROCA DE RIOJA	Daroca de Rioja
 26122	EL RASILLO DE CAMEROS	El Rasillo de Cameros
 26123	EL REDAL	El Redal
 26171	EL VILLAR DE ARNEDO	El Villar de Arnedo
 26058	ENCISO	Enciso
 26059	ENTRENA	Entrena
 26060	ESTOLLO	Estollo
 26061	EZCARAY	Ezcaray
 26062	FONCEA	Foncea
 26063	FONZALECHE	Fonzaleche
 26064	FUENMAYOR	Fuenmayor
 26065	GALBARRULI	Galbárruli
 26066	GALILEA	Galilea
 26067	GALLINERO DE CAMEROS	Gallinero de Cameros
 26068	GIMILEO	Gimileo
 26069	GRAÑON	Grañón
 26070	GRAVALOS	Grávalos
 26071	HARO	Haro
 26072	HERCE	Herce
 26073	HERRAMELLURI	Herramélluri
 26074	HERVIAS	Hervías
 26075	HORMILLA	Hormilla
 26076	HORMILLEJA	Hormilleja
 26077	HORNILLOS DE CAMEROS	Hornillos de Cameros
 26078	HORNOS DE MONCALVILLO	Hornos de Moncalvillo
 26079	HUERCANOS	Huércanos
 26080	IGEA	Igea
 26081	JALON DE CAMEROS	Jalón de Cameros
 26082	LAGUNA DE CAMEROS	Laguna de Cameros
 26083	LAGUNILLA DEL JUBERA	Lagunilla del Jubera
 26084	LARDERO	Lardero
 26086	LEDESMA DE LA COGOLLA	Ledesma de la Cogolla
 26087	LEIVA	Leiva
 26088	LEZA DE RIO LEZA	Leza de Río Leza
 26900	LOGROÑO	Logroño
 26091	LUMBRERAS DE CAMEROS	Lumbreras de Cameros
 26092	MANJARRES	Manjarrés
 26093	MANSILLA DE LA SIERRA	Mansilla de la Sierra
 26094	MANZANARES DE RIOJA	Manzanares de Rioja
 26095	MATUTE	Matute
 26096	MEDRANO	Medrano
 26099	MUNILLA	Munilla
 26100	MURILLO DE RIO LEZA	Murillo de Río Leza
 26101	MURO DE AGUAS	Muro de Aguas
 26102	MURO EN CAMEROS	Muro en Cameros
 26103	NAJERA	Nájera
 26104	NALDA	Nalda
 26105	NAVAJUN	Navajún
 26106	NAVARRETE	Navarrete
 26107	NESTARES	Nestares
 26108	NIEVA DE CAMEROS	Nieva de Cameros
 26109	OCHANDURI	Ochánduri
 26097	OCON	Ocón
 26110	OJACASTRO	Ojacastro
 26111	OLLAURI	Ollauri
 26112	ORTIGOSA DE CAMEROS	Ortigosa de Cameros
 26113	PAZUENGOS	Pazuengos
 26114	PEDROSO	Pedroso
 26115	PINILLOS	Pinillos
 26117	PRADEJON	Pradejón
 26118	PRADILLO	Pradillo
 26119	PREJANO	Préjano
 26120	QUEL	Quel
 26121	RABANERA	Rabanera
 26124	RIBAFRECHA	Ribafrecha
 26125	RINCON DE SOTO	Rincón de Soto
 26126	ROBRES DEL CASTILLO	Robres del Castillo
 26127	RODEZNO	Rodezno
 26128	SAJAZARRA	Sajazarra
 26129	SAN ASENSIO	San Asensio
 26130	SAN MILLAN DE LA COGOLLA	San Millán de la Cogolla
 26131	SAN MILLAN DE YECORA	San Millán de Yécora
 26132	SAN ROMAN DE CAMEROS	San Román de Cameros
 26139	SAN TORCUATO	San Torcuato
 26142	SAN VICENTE DE LA SONSIERRA	San Vicente de la Sonsierra
 26134	SANTA COLOMA	Santa Coloma
 26135	SANTA ENGRACIA DEL JUBERA	Santa Engracia del Jubera
 26136	SANTA EULALIA BAJERA	Santa Eulalia Bajera
 26138	SANTO DOMINGO DE LA CALZADA	Santo Domingo de la Calzada
 26140	SANTURDE DE RIOJA	Santurde de Rioja
 26141	SANTURDEJO	Santurdejo
 26143	SOJUELA	Sojuela
 26144	SORZANO	Sorzano
 26145	SOTES	Sotés
 26146	SOTO EN CAMEROS	Soto en Cameros
 26147	TERROBA	Terroba
 26148	TIRGO	Tirgo
 26149	TOBIA	Tobía
 26150	TORMANTOS	Tormantos
 26153	TORRE EN CAMEROS	Torre en Cameros
 26151	TORRECILLA EN CAMEROS	Torrecilla en Cameros
 26152	TORRECILLA SOBRE ALESANCO	Torrecilla sobre Alesanco
 26154	TORREMONTALBO	Torremontalbo
 26155	TREVIANA	Treviana
 26157	TRICIO	Tricio
 26158	TUDELILLA	Tudelilla
 26160	URUÑUELA	Uruñuela
 26161	VALDEMADERA	Valdemadera
 26162	VALGAÑON	Valgañón
 26163	VENTOSA	Ventosa
 26164	VENTROSA	Ventrosa
 26165	VIGUERA	Viguera
 26167	VILLALBA DE RIOJA	Villalba de Rioja
 26168	VILLALOBAR DE RIOJA	Villalobar de Rioja
 26169	VILLAMEDIANA DE IREGUA	Villamediana de Iregua
 26170	VILLANUEVA DE CAMEROS	Villanueva de Cameros
 26172	VILLAR DE TORRE	Villar de Torre
 26173	VILLAREJO	Villarejo
 26174	VILLARROYA	Villarroya
 26175	VILLARTA QUINTANA	Villarta-Quintana
 26176	VILLAVELAYO	Villavelayo
 26177	VILLAVERDE DE RIOJA	Villaverde de Rioja
 26178	VILLOSLADA DE CAMEROS	Villoslada de Cameros
 26179	VINIEGRA DE ABAJO	Viniegra de Abajo
 26180	VINIEGRA DE ARRIBA	Viniegra de Arriba
 26181	ZARRATON	Zarratón
 26182	ZARZOSA	Zarzosa
 26184	ZORRAQUIN	Zorraquín
 27018	A FONSAGRADA	A Fonsagrada
 27044	A PASTORIZA	A Pastoriza
 27047	A POBRA DO BROLLON	A Pobra do Brollón
 27048	A PONTENOVA	A Pontenova
 27001	ABADIN	Abadín
 27002	ALFOZ	Alfoz
 27003	ANTAS DE ULLA	Antas de Ulla
 27037	AS NOGAIS	As Nogais
 27004	BALEIRA	Baleira
 27036	BARALLA	Baralla
 27005	BARREIROS	Barreiros
 27006	BECERREA	Becerreá
 27007	BEGONTE	Begonte
 27008	BOVEDA	Bóveda
 27068	BURELA	Burela
 27009	CARBALLEDO	Carballedo
 27010	CASTRO DE REI	Castro de Rei
 27011	CASTROVERDE	Castroverde
 27012	CERVANTES	Cervantes
 27013	CERVO	Cervo
 27016	CHANTADA	Chantada
 27015	COSPEITO	Cospeito
 27017	FOLGOSO DO COUREL	Folgoso do Courel
 27019	FOZ	Foz
 27020	FRIOL	Friol
 27022	GUITIRIZ	Guitiriz
 27023	GUNTIN	Guntín
 27026	LANCARA	Láncara
 27027	LOURENZA	Lourenzá
 27900	LUGO	Lugo
 27029	MEIRA	Meira
 27030	MONDOÑEDO	Mondoñedo
 27031	MONFORTE DE LEMOS	Monforte de Lemos
 27032	MONTERROSO	Monterroso
 27033	MURAS	Muras
 27034	NAVIA DE SUARNA	Navia de Suarna
 27035	NEGUEIRA DE MUÑIZ	Negueira de Muñiz
 27014	O CORGO	O Corgo
 27024	O INCIO	O Incio
 27043	O PARAMO	O Páramo
 27058	O SAVIÑAO	O Saviñao
 27063	O VALADOURO	O Valadouro
 27064	O VICEDO	O Vicedo
 27038	OUROL	Ourol
 27039	OUTEIRO DE REI	Outeiro de Rei
 27040	PALAS DE REI	Palas de Rei
 27041	PANTON	Pantón
 27042	PARADELA	Paradela
 27045	PEDRAFITA DO CEBREIRO	Pedrafita do Cebreiro
 27046	POL	Pol
 27049	PORTOMARIN	Portomarín
 27050	QUIROGA	Quiroga
 27056	RABADE	Rábade
 27051	RIBADEO	Ribadeo
 27052	RIBAS DE SIL	Ribas de Sil
 27053	RIBEIRA DE PIQUIN	Ribeira de Piquín
 27054	RIOTORTO	Riotorto
 27055	SAMOS	Samos
 27057	SARRIA	Sarria
 27059	SOBER	Sober
 27060	TABOADA	Taboada
 27061	TRABADA	Trabada
 27062	TRIACASTELA	Triacastela
 27065	VILALBA	Vilalba
 27067	VIVEIRO	Viveiro
 27021	XERMADE	Xermade
 27025	XOVE	Xove
 28002	AJALVIR	Ajalvir
 28003	ALAMEDA DEL VALLE	Alameda del Valle
 28005	ALCALA DE HENARES	Alcalá de Henares
 28006	ALCOBENDAS	Alcobendas
 28007	ALCORCON	Alcorcón
 28008	ALDEA DEL FRESNO	Aldea del Fresno
 28009	ALGETE	Algete
 28010	ALPEDRETE	Alpedrete
 28011	AMBITE	Ambite
 28012	ANCHUELO	Anchuelo
 28013	ARANJUEZ	Aranjuez
 28014	ARGANDA DEL REY	Arganda del Rey
 28015	ARROYOMOLINOS	Arroyomolinos
 28017	BATRES	Batres
 28018	BECERRIL DE LA SIERRA	Becerril de la Sierra
 28019	BELMONTE DE TAJO	Belmonte de Tajo
 28021	BERZOSA DEL LOZOYA	Berzosa del Lozoya
 28022	BOADILLA DEL MONTE	Boadilla del Monte
 28024	BRAOJOS	Braojos
 28025	BREA DE TAJO	Brea de Tajo
 28026	BRUNETE	Brunete
 28027	BUITRAGO DEL LOZOYA	Buitrago del Lozoya
 28028	BUSTARVIEJO	Bustarviejo
 28029	CABANILLAS DE LA SIERRA	Cabanillas de la Sierra
 28031	CADALSO DE LOS VIDRIOS	Cadalso de los Vidrios
 28032	CAMARMA DE ESTERUELAS	Camarma de Esteruelas
 28033	CAMPO REAL	Campo Real
 28034	CANENCIA	Canencia
 28035	CARABAÑA	Carabaña
 28036	CASARRUBUELOS	Casarrubuelos
 28037	CENICIENTOS	Cenicientos
 28038	CERCEDILLA	Cercedilla
 28039	CERVERA DE BUITRAGO	Cervera de Buitrago
 28051	CHAPINERIA	Chapinería
 28052	CHINCHON	Chinchón
 28040	CIEMPOZUELOS	Ciempozuelos
 28041	COBEÑA	Cobeña
 28046	COLLADO MEDIANO	Collado Mediano
 28047	COLLADO VILLALBA	Collado Villalba
 28043	COLMENAR DE OREJA	Colmenar de Oreja
 28042	COLMENAR DEL ARROYO	Colmenar del Arroyo
 28045	COLMENAR VIEJO	Colmenar Viejo
 28044	COLMENAREJO	Colmenarejo
 28048	CORPA	Corpa
 28049	COSLADA	Coslada
 28050	CUBAS DE LA SAGRA	Cubas de la Sagra
 28053	DAGANZO DE ARRIBA	Daganzo de Arriba
 28004	EL ALAMO	El Boalo
 28016	EL ATAZAR	El Atazar
 28020	EL BERRUECO	El Berrueco
 28023	EL BOALO	El Boalo
 28054	EL ESCORIAL	El Escorial
 28086	EL MOLAR	El Molar
 28168	EL VELLON	El Vellón
 28055	ESTREMERA	Estremera
 28056	FRESNEDILLAS DE LA OLIVA	Fresnedillas de la Oliva
 28057	FRESNO DE TOROTE	Fresno de Torote
 28058	FUENLABRADA	Fuenlabrada
 28059	FUENTE EL SAZ DE JARAMA	Fuente el Saz de Jarama
 28060	FUENTIDUEÑA DE TAJO	Fuentidueña de Tajo
 28061	GALAPAGAR	Galapagar
 28062	GARGANTA DE LOS MONTES	Garganta de los Montes
 28063	GARGANTILLA DEL LOZOYA Y PINIL	Gargantilla del Lozoya y Pinilla de Buitrago
 28064	GASCONES	Gascones
 28065	GETAFE	Getafe
 28066	GRIÑON	Griñón
 28067	GUADALIX DE LA SIERRA	Guadalix de la Sierra
 28068	GUADARRAMA	Guadarrama
 28070	HORCAJO DE LA SIERRA AOSLOS	Horcajo de la Sierra-Aoslos
 28071	HORCAJUELO DE LA SIERRA	Horcajuelo de la Sierra
 28072	HOYO DE MANZANARES	Hoyo de Manzanares
 28073	HUMANES DE MADRID	Humanes de Madrid
 28001	LA ACEBEDA	La Acebeda
 28030	LA CABRERA	La Cabrera
 28069	LA HIRUELA	La Hiruela
 28138	LA SERNA DEL MONTE	La Serna del Monte
 28127	LAS ROZAS DE MADRID	Las Rozas de Madrid
 28074	LEGANES	Leganés
 28075	LOECHES	Loeches
 28087	LOS MOLINOS	Los Molinos
 28137	LOS SANTOS DE LA HUMOSA	Los Santos de la Humosa
 28076	LOZOYA	Lozoya
 28077	LOZOYUELA NAVAS SIETEIGLESIAS	Lozoyuela-Navas-Sieteiglesias
 28078	MADARCOS	Madarcos
 28900	MADRID	Madrid
 28080	MAJADAHONDA	Majadahonda
 28082	MANZANARES EL REAL	Manzanares el Real
 28083	MECO	Meco
 28084	MEJORADA DEL CAMPO	Mejorada del Campo
 28085	MIRAFLORES DE LA SIERRA	Miraflores de la Sierra
 28088	MONTEJO DE LA SIERRA	Montejo de la Sierra
 28089	MORALEJA DE ENMEDIO	Moraleja de Enmedio
 28090	MORALZARZAL	Moralzarzal
 28091	MORATA DE TAJUÑA	Morata de Tajuña
 28092	MOSTOLES	Móstoles
 28093	NAVACERRADA	Navacerrada
 28094	NAVALAFUENTE	Navalafuente
 28095	NAVALAGAMELLA	Navalagamella
 28096	NAVALCARNERO	Navalcarnero
 28097	NAVARREDONDA Y SAN MAMES	Navarredonda y San Mamés
 28099	NAVAS DEL REY	Navas del Rey
 28100	NUEVO BAZTAN	Nuevo Baztán
 28101	OLMEDA DE LAS FUENTES	Olmeda de las Fuentes
 28102	ORUSCO DE TAJUÑA	Orusco de Tajuña
 28104	PARACUELLOS DE JARAMA	Paracuellos de Jarama
 28106	PARLA	Parla
 28107	PATONES	Patones
 28108	PEDREZUELA	Pedrezuela
 28109	PELAYOS DE LA PRESA	Pelayos de la Presa
 28110	PERALES DE TAJUÑA	Perales de Tajuña
 28111	PEZUELA DE LAS TORRES	Pezuela de las Torres
 28112	PINILLA DEL VALLE	Pinilla del Valle
 28113	PINTO	Pinto
 28114	PIÑUECAR GANDULLAS	Piñuécar-Gandullas
 28115	POZUELO DE ALARCON	Pozuelo de Alarcón
 28116	POZUELO DEL REY	Pozuelo del Rey
 28117	PRADENA DEL RINCON	Prádena del Rincón
 28118	PUEBLA DE LA SIERRA	Puebla de la Sierra
 28185	PUENTES VIEJAS	Puentes Viejas
 28119	QUIJORNA	Quijorna
 28120	RASCAFRIA	Rascafría
 28121	REDUEÑA	Redueña
 28122	RIBATEJADA	Ribatejada
 28123	RIVAS VACIAMADRID	Rivas-Vaciamadrid
 28124	ROBLEDILLO DE LA JARA	Robledillo de la Jara
 28125	ROBLEDO DE CHAVELA	Robledo de Chavela
 28126	ROBREGORDO	Robregordo
 28128	ROZAS DE PUERTO REAL	Rozas de Puerto Real
 28129	SAN AGUSTIN DEL GUADALIX	San Agustín del Guadalix
 28130	SAN FERNANDO DE HENARES	San Fernando de Henares
 28131	SAN LORENZO DE EL ESCORIAL	San Lorenzo de El Escorial
 28132	SAN MARTIN DE LA VEGA	San Martín de la Vega
 28133	SAN MARTIN DE VALDEIGLESIAS	San Martín de Valdeiglesias
 28134	SAN SEBASTIAN DE LOS REYES	San Sebastián de los Reyes
 28135	SANTA MARIA DE LA ALAMEDA	Santa María de la Alameda
 28136	SANTORCAZ	Santorcaz
 28140	SERRANILLOS DEL VALLE	Serranillos del Valle
 28141	SEVILLA LA NUEVA	Sevilla la Nueva
 28143	SOMOSIERRA	Somosierra
 28144	SOTO DEL REAL	Soto del Real
 28145	TALAMANCA DE JARAMA	Talamanca de Jarama
 28146	TIELMES	Tielmes
 28147	TITULCIA	Titulcia
 28148	TORREJON DE ARDOZ	Torrejón de Ardoz
 28149	TORREJON DE LA CALZADA	Torrejón de la Calzada
 28150	TORREJON DE VELASCO	Torrejón de Velasco
 28151	TORRELAGUNA	Torrelaguna
 28152	TORRELODONES	Torrelodones
 28153	TORREMOCHA DE JARAMA	Torremocha de Jarama
 28154	TORRES DE LA ALAMEDA	Torres de la Alameda
 28184	TRES CANTOS	Tres Cantos
 28155	VALDARACETE	Valdaracete
 28156	VALDEAVERO	Valdeavero
 28157	VALDELAGUNA	Valdelaguna
 28158	VALDEMANCO	Valdemanco
 28159	VALDEMAQUEDA	Valdemaqueda
 28160	VALDEMORILLO	Valdemorillo
 28161	VALDEMORO	Valdemoro
 28162	VALDEOLMOS ALALPARDO	Valdeolmos-Alalpardo
 28163	VALDEPIELAGOS	Valdepiélagos
 28164	VALDETORRES DE JARAMA	Valdetorres de Jarama
 28165	VALDILECHA	Valdilecha
 28166	VALVERDE DE ALCALA	Valverde de Alcalá
 28167	VELILLA DE SAN ANTONIO	Velilla de San Antonio
 28169	VENTURADA	Venturada
 28171	VILLA DEL PRADO	Villa del Prado
 28170	VILLACONEJOS	Villaconejos
 28172	VILLALBILLA	Villalbilla
 28173	VILLAMANRIQUE DE TAJO	Villamanrique de Tajo
 28174	VILLAMANTA	Villamanta
 28175	VILLAMANTILLA	Villamantilla
 28176	VILLANUEVA DE LA CAÑADA	Villanueva de la Cañada
 28178	VILLANUEVA DE PERALES	Villanueva de Perales
 28177	VILLANUEVA DEL PARDILLO	Villanueva del Pardillo
 28179	VILLAR DEL OLMO	Villar del Olmo
 28180	VILLAREJO DE SALVANES	Villarejo de Salvanés
 28181	VILLAVICIOSA DE ODON	Villaviciosa de Odón
 28182	VILLAVIEJA DEL LOZOYA	Villavieja del Lozoya
 28183	ZARZALEJO	Zarzalejo
 29001	ALAMEDA	Alameda
 29002	ALCAUCIN	Alcaucín
 29003	ALFARNATE	Alfarnate
 29004	ALFARNATEJO	Alfarnatejo
 29005	ALGARROBO	Algarrobo
 29006	ALGATOCIN	Algatocín
 29007	ALHAURIN DE LA TORRE	Alhaurín de la Torre
 29008	ALHAURIN EL GRANDE	Alhaurín el Grande
 29009	ALMACHAR	Almáchar
 29010	ALMARGEN	Almargen
 29011	ALMOGIA	Almogía
 29012	ALORA	Álora
 29013	ALOZAINA	Alozaina
 29014	ALPANDEIRE	Alpandeire
 29015	ANTEQUERA	Antequera
 29016	ARCHEZ	Árchez
 29017	ARCHIDONA	Archidona
 29018	ARDALES	Ardales
 29019	ARENAS	Arenas
 29020	ARRIATE	Arriate
 29021	ATAJATE	Atajate
 29022	BENADALID	Benadalid
 29023	BENAHAVIS	Benahavís
 29024	BENALAURIA	Benalauría
 29025	BENALMADENA	Benalmádena
 29026	BENAMARGOSA	Benamargosa
 29027	BENAMOCARRA	Benamocarra
 29028	BENAOJAN	Benaoján
 29029	BENARRABA	Benarrabá
 29032	CAMPILLOS	Campillos
 29033	CANILLAS DE ACEITUNO	Canillas de Aceituno
 29034	CANILLAS DE ALBAIDA	Canillas de Albaida
 29035	CAÑETE LA REAL	Cañete la Real
 29036	CARRATRACA	Carratraca
 29037	CARTAJIMA	Cartajima
 29038	CARTAMA	Cártama
 29039	CASABERMEJA	Casabermeja
 29040	CASARABONELA	Casarabonela
 29041	CASARES	Casares
 29042	COIN	Coín
 29043	COLMENAR	Colmenar
 29044	COMARES	Comares
 29045	COMPETA	Cómpeta
 29046	CORTES DE LA FRONTERA	Cortes de la Frontera
 29047	CUEVAS BAJAS	Cuevas Bajas
 29049	CUEVAS DE SAN MARCOS	Cuevas de San Marcos
 29048	CUEVAS DEL BECERRO	Cuevas del Becerro
 29050	CUTAR	Cútar
 29030	EL BORGE	El Borge
 29031	EL BURGO	El Burgo
 29051	ESTEPONA	Estepona
 29052	FARAJAN	Faraján
 29053	FRIGILIANA	Frigiliana
 29054	FUENGIROLA	Fuengirola
 29055	FUENTE DE PIEDRA	Fuente de Piedra
 29056	GAUCIN	Gaucín
 29057	GENALGUACIL	Genalguacil
 29058	GUARO	Guaro
 29059	HUMILLADERO	Humilladero
 29060	IGUALEJA	Igualeja
 29061	ISTAN	Istán
 29062	IZNATE	Iznate
 29063	JIMERA DE LIBAR	Jimera de Líbar
 29064	JUBRIQUE	Jubrique
 29065	JUZCAR	Júzcar
 29066	MACHARAVIAYA	Macharaviaya
 29900	MALAGA	Málaga
 29068	MANILVA	Manilva
 29069	MARBELLA	Marbella
 29070	MIJAS	Mijas
 29071	MOCLINEJO	Moclinejo
 29072	MOLLINA	Mollina
 29073	MONDA	Monda
 29101	MONTECORTO	Montecorto
 29074	MONTEJAQUE	Montejaque
 29075	NERJA	Nerja
 29076	OJEN	Ojén
 29077	PARAUTA	Parauta
 29079	PERIANA	Periana
 29080	PIZARRA	Pizarra
 29081	PUJERRA	Pujerra
 29082	RINCON DE LA VICTORIA	Rincón de la Victoria
 29083	RIOGORDO	Riogordo
 29084	RONDA	Ronda
 29085	SALARES	Salares
 29086	SAYALONGA	Sayalonga
 29087	SEDELLA	Sedella
 29104	SERRATO	Serrato
 29088	SIERRA DE YEGUAS	Sierra de Yeguas
 29089	TEBA	Teba
 29090	TOLOX	Tolox
 29103	TORREMOLINOS	Torremolinos
 29091	TORROX	Torrox
 29092	TOTALAN	Totalán
 29093	VALLE DE ABDALAJIS	Valle de Abdalajís
 29094	VELEZ MALAGA	Vélez-Málaga
 29095	VILLANUEVA DE ALGAIDAS	Villanueva de Algaidas
 29102	VILLANUEVA DE LA CONCEPCION	Villanueva de la Concepción
 29098	VILLANUEVA DE TAPIA	Villanueva de Tapia
 29096	VILLANUEVA DEL ROSARIO	Villanueva del Rosario
 29097	VILLANUEVA DEL TRABUCO	Villanueva del Trabuco
 29099	VIÑUELA	Viñuela
 29100	YUNQUERA	Yunquera
 30001	ABANILLA	Abanilla
 30002	ABARAN	Abarán
 30003	AGUILAS	Águilas
 30004	ALBUDEITE	Albudeite
 30005	ALCANTARILLA	Alcantarilla
 30006	ALEDO	Aledo
 30007	ALGUAZAS	Alguazas
 30008	ALHAMA DE MURCIA	Alhama de Murcia
 30009	ARCHENA	Archena
 30010	BENIEL	Beniel
 30011	BLANCA	Blanca
 30012	BULLAS	Bullas
 30013	CALASPARRA	Calasparra
 30014	CAMPOS DEL RIO	Campos del Río
 30015	CARAVACA DE LA CRUZ	Caravaca de la Cruz
 30017	CEHEGIN	Cehegín
 30018	CEUTI	Ceutí
 30019	CIEZA	Cieza
 30020	FORTUNA	Fortuna
 30022	JUMILLA	Jumilla
 30038	LAS TORRES DE COTILLAS	Las Torres de Cotillas
 30023	LIBRILLA	Librilla
 30024	LORCA	Lorca
 30025	LORQUI	Lorquí
 30045	LOS ALCAZARES	Los Alcázares
 30026	MAZARRON	Mazarrón
 30027	MOLINA DE SEGURA	Molina de Segura
 30028	MORATALLA	Moratalla
 30029	MULA	Mula
 30030	MURCIA	Murcia
 30031	OJOS	Ojós
 30032	PLIEGO	Pliego
 30033	PUERTO LUMBRERAS	Puerto Lumbreras
 30034	RICOTE	Ricote
 30035	SAN JAVIER	San Javier
 30036	SAN PEDRO DEL PINATAR	San Pedro del Pinatar
 30044	SANTOMERA	Santomera
 30037	TORRE PACHECO	Torre-Pacheco
 30039	TOTANA	Totana
 30040	ULEA	Ulea
 30042	VILLANUEVA DEL RIO SEGURA	Villanueva del Río Segura
 30043	YECLA	Yecla
 32004	A ARNOIA	A Arnoia
 32015	A BOLA	A Bola
 32035	A GUDIÑA	A Gudiña
 32048	A MERCA	A Merca
 32049	A MEZQUITA	A Mezquita
 32060	A PEROXA	A Peroxa
 32064	A POBRA DE TRIVES	A Pobra de Trives
 32073	A RUA	A Rúa
 32081	A TEIXEIRA	A Teixeira
 32084	A VEIGA	A Veiga
 32002	ALLARIZ	Allariz
 32003	AMOEIRO	Amoeiro
 32005	AVION	Avión
 32006	BALTAR	Baltar
 32007	BANDE	Bande
 32008	BAÑOS DE MOLGAS	Baños de Molgas
 32009	BARBADAS	Barbadás
 32011	BEADE	Beade
 32012	BEARIZ	Beariz
 32014	BOBORAS	Boborás
 32017	CALVOS DE RANDIN	Calvos de Randín
 32018	CARBALLEDA	Carballeda de Avia
 32019	CARBALLEDA DE AVIA	Carballeda de Avia
 32021	CARTELLE	Cartelle
 32023	CASTRELO DE MIÑO	Castrelo de Miño
 32022	CASTRELO DO VAL	Castrelo do Val
 32024	CASTRO CALDELAS	Castro Caldelas
 32025	CELANOVA	Celanova
 32026	CENLLE	Cenlle
 32030	CHANDREXA DE QUEIXA	Chandrexa de Queixa
 32027	COLES	Coles
 32028	CORTEGADA	Cortegada
 32029	CUALEDRO	Cualedro
 32031	ENTRIMO	Entrimo
 32032	ESGOS	Esgos
 32034	GOMESENDE	Gomesende
 32039	LAROUCO	Larouco
 32040	LAZA	Laza
 32041	LEIRO	Leiro
 32042	LOBEIRA	Lobeira
 32043	LOBIOS	Lobios
 32044	MACEDA	Maceda
 32045	MANZANEDA	Manzaneda
 32046	MASIDE	Maside
 32047	MELON	Melón
 32050	MONTEDERRAMO	Montederramo
 32051	MONTERREI	Monterrei
 32052	MUIÑOS	Muíños
 32053	NOGUEIRA DE RAMUIN	Nogueira de Ramuín
 32010	O BARCO DE VALDEORRAS	O Barco de Valdeorras
 32016	O BOLO	O Bolo
 32020	O CARBALLIÑO	O Carballiño
 32036	O IRIXO	O Irixo
 32059	O PEREIRO DE AGUIAR	O Pereiro de Aguiar
 32054	OIMBRA	Oímbra
 32013	OS BLANCOS	Os Blancos
 32900	OURENSE	Ourense
 32056	PADERNE DE ALLARIZ	Paderne de Allariz
 32057	PADRENDA	Padrenda
 32058	PARADA DE SIL	Parada de Sil
 32061	PETIN	Petín
 32062	PIÑOR	Piñor
 32065	PONTEDEVA	Pontedeva
 32063	PORQUEIRA	Porqueira
 32066	PUNXIN	Punxín
 32067	QUINTELA DE LEIRADO	Quintela de Leirado
 32068	RAIRIZ DE VEIGA	Rairiz de Veiga
 32069	RAMIRAS	Ramirás
 32070	RIBADAVIA	Ribadavia
 32072	RIOS	Riós
 32074	RUBIA	Rubiá
 32075	SAN AMARO	San Amaro
 32076	SAN CIBRAO DAS VIÑAS	San Cibrao das Viñas
 32077	SAN CRISTOVO DE CEA	San Cristovo de Cea
 32071	SAN XOAN DE RIO	San Xoán de Río
 32078	SANDIAS	Sandiás
 32079	SARREAUS	Sarreaus
 32080	TABOADELA	Taboadela
 32082	TOEN	Toén
 32083	TRASMIRAS	Trasmiras
 32085	VEREA	Verea
 32086	VERIN	Verín
 32087	VIANA DO BOLO	Viana do Bolo
 32088	VILAMARIN	Vilamarín
 32089	VILAMARTIN DE VALDEORRAS	Vilamartín de Valdeorras
 32090	VILAR DE BARRIO	Vilar de Barrio
 32091	VILAR DE SANTOS	Vilar de Santos
 32092	VILARDEVOS	Vilardevós
 32093	VILARIÑO DE CONSO	Vilariño de Conso
 32033	XINZO DE LIMIA	Xinzo de Limia
 32037	XUNQUEIRA DE AMBIA	Xunqueira de Ambía
 32038	XUNQUEIRA DE ESPADANEDO	Xunqueira de Espadanedo
 33001	ALLANDE	Allande
 33002	ALLER	Aller
 33003	AMIEVA	Amieva
 33004	AVILES	Avilés
 33005	BELMONTE DE MIRANDA	Belmonte de Miranda
 33006	BIMENES	Bimenes
 33007	BOAL	Boal
 33008	CABRALES	Cabrales
 33009	CABRANES	Cabranes
 33010	CANDAMO	Candamo
 33012	CANGAS DE ONIS	Cangas de Onís
 33011	CANGAS DEL NARCEA	Cangas del Narcea
 33013	CARAVIA	Caravia
 33015	CASO	Caso
 33016	CASTRILLON	Castrillón
 33017	CASTROPOL	Castropol
 33018	COAÑA	Coaña
 33020	CORVERA DE ASTURIAS	Corvera de Asturias
 33021	CUDILLERO	Cudillero
 33022	DEGAÑA	Degaña
 33023	EL FRANCO	El Franco
 33026	GRADO	Grado
 33027	GRANDAS DE SALIME	Grandas de Salime
 33028	IBIAS	Ibias
 33029	ILLANO	Illano
 33030	ILLAS	Illas
 33031	LANGREO	Langreo
 33054	LAS REGUERAS	Las Regueras
 33032	LAVIANA	Laviana
 33033	LENA	Lena
 33035	LLANERA	Llanera
 33036	LLANES	Llanes
 33037	MIERES	Mieres
 33038	MORCIN	Morcín
 33039	MUROS DE NALON	Muros de Nalón
 33040	NAVA	Nava
 33041	NAVIA	Navia
 33042	NOREÑA	Noreña
 33043	ONIS	Onís
 33900	OVIEDO	Oviedo
 33045	PARRES	Parres
 33046	PEÑAMELLERA ALTA	Peñamellera Alta
 33047	PEÑAMELLERA BAJA	Peñamellera Baja
 33048	PESOZ	Pesoz
 33049	PILOÑA	Piloña
 33050	PONGA	Ponga
 33051	PRAVIA	Pravia
 33052	PROAZA	Proaza
 33053	QUIROS	Quirós
 33055	RIBADEDEVA	Ribadedeva
 33056	RIBADESELLA	Ribadesella
 33057	RIBERA DE ARRIBA	Ribera de Arriba
 33058	RIOSA	Riosa
 33059	SALAS	Salas
 33061	SAN MARTIN DE OSCOS	San Martín de Oscos
 33060	SAN MARTIN DEL REY AURELIO	San Martín del Rey Aurelio
 33063	SAN TIRSO DE ABRES	San Tirso de Abres
 33062	SANTA EULALIA DE OSCOS	Santa Eulalia de Oscos
 33064	SANTO ADRIANO	Santo Adriano
 33065	SARIEGO	Sariego
 33066	SIERO	Siero
 33067	SOBRESCOBIO	Sobrescobio
 33068	SOMIEDO	Somiedo
 33069	SOTO DEL BARCO	Soto del Barco
 33070	TAPIA DE CASARIEGO	Tapia de Casariego
 33071	TARAMUNDI	Taramundi
 33072	TEVERGA	Teverga
 33073	TINEO	Tineo
 33034	VALDES	Valdés
 33074	VEGADEO	Vegadeo
 33075	VILLANUEVA DE OSCOS	Villanueva de Oscos
 33077	VILLAYON	Villayón
 33078	YERNES Y TAMEZA	Yernes y Tameza
 34001	ABARCA DE CAMPOS	Abarca de Campos
 34003	ABIA DE LAS TORRES	Abia de las Torres
 34004	AGUILAR DE CAMPOO	Aguilar de Campoo
 34005	ALAR DEL REY	Alar del Rey
 34006	ALBA DE CERRATO	Alba de Cerrato
 34009	AMAYUELAS DE ARRIBA	Amayuelas de Arriba
 34010	AMPUDIA	Ampudia
 34011	AMUSCO	Amusco
 34012	ANTIGUEDAD	Antigüedad
 34015	ARCONADA	Arconada
 34017	ASTUDILLO	Astudillo
 34018	AUTILLA DEL PINO	Autilla del Pino
 34019	AUTILLO DE CAMPOS	Autillo de Campos
 34020	AYUELA	Ayuela
 34022	BALTANAS	Baltanás
 34024	BAQUERIN DE CAMPOS	Baquerín de Campos
 34025	BARCENA DE CAMPOS	Bárcena de Campos
 34027	BARRUELO DE SANTULLAN	Barruelo de Santullán
 34028	BASCONES DE OJEDA	Báscones de Ojeda
 34029	BECERRIL DE CAMPOS	Becerril de Campos
 34031	BELMONTE DE CAMPOS	Belmonte de Campos
 34032	BERZOSILLA	Berzosilla
 34033	BOADA DE CAMPOS	Boada de Campos
 34035	BOADILLA DE RIOSECO	Boadilla de Rioseco
 34034	BOADILLA DEL CAMINO	Boadilla del Camino
 34036	BRAÑOSERA	Brañosera
 34037	BUENAVISTA DE VALDAVIA	Buenavista de Valdavia
 34038	BUSTILLO DE LA VEGA	Bustillo de la Vega
 34039	BUSTILLO DEL PARAMO DE CARRION	Bustillo del Páramo de Carrión
 34041	CALAHORRA DE BOEDO	Calahorra de Boedo
 34042	CALZADA DE LOS MOLINOS	Calzada de los Molinos
 34045	CAPILLAS	Capillas
 34046	CARDEÑOSA DE VOLPEJERA	Cardeñosa de Volpejera
 34047	CARRION DE LOS CONDES	Carrión de los Condes
 34048	CASTIL DE VELA	Castil de Vela
 34049	CASTREJON DE LA PEÑA	Castrejón de la Peña
 34050	CASTRILLO DE DON JUAN	Castrillo de Don Juan
 34051	CASTRILLO DE ONIELO	Castrillo de Onielo
 34052	CASTRILLO DE VILLAVEGA	Castrillo de Villavega
 34053	CASTROMOCHO	Castromocho
 34056	CERVATOS DE LA CUEZA	Cervatos de la Cueza
 34057	CERVERA DE PISUERGA	Cervera de Pisuerga
 34058	CEVICO DE LA TORRE	Cevico de la Torre
 34059	CEVICO NAVERO	Cevico Navero
 34060	CISNEROS	Cisneros
 34061	COBOS DE CERRATO	Cobos de Cerrato
 34062	COLLAZOS DE BOEDO	Collazos de Boedo
 34063	CONGOSTO DE VALDAVIA	Congosto de Valdavia
 34064	CORDOVILLA LA REAL	Cordovilla la Real
 34066	CUBILLAS DE CERRATO	Cubillas de Cerrato
 34067	DEHESA DE MONTEJO	Dehesa de Montejo
 34068	DEHESA DE ROMANOS	Dehesa de Romanos
 34069	DUEÑAS	Dueñas
 34070	ESPINOSA DE CERRATO	Espinosa de Cerrato
 34071	ESPINOSA DE VILLAGONZALO	Espinosa de Villagonzalo
 34072	FRECHILLA	Frechilla
 34073	FRESNO DEL RIO	Fresno del Río
 34074	FROMISTA	Frómista
 34076	FUENTES DE NAVA	Fuentes de Nava
 34077	FUENTES DE VALDEPERO	Fuentes de Valdepero
 34079	GRIJOTA	Grijota
 34080	GUARDO	Guardo
 34081	GUAZA DE CAMPOS	Guaza de Campos
 34082	HERMEDES DE CERRATO	Hérmedes de Cerrato
 34083	HERRERA DE PISUERGA	Herrera de Pisuerga
 34084	HERRERA DE VALDECAÑAS	Herrera de Valdecañas
 34086	HONTORIA DE CERRATO	Hontoria de Cerrato
 34087	HORNILLOS DE CERRATO	Hornillos de Cerrato
 34088	HUSILLOS	Husillos
 34089	ITERO DE LA VEGA	Itero de la Vega
 34166	LA PERNIA	La Pernía
 34140	LA PUEBLA DE VALDAVIA	La Puebla de Valdavia
 34175	LA SERNA	La Serna
 34093	LA VID DE OJEDA	La Vid de Ojeda
 34091	LAGARTOS	Lagartos
 34092	LANTADILLA	Lantadilla
 34094	LEDIGOS	Ledigos
 34090	LOMA DE UCIEZA	Loma de Ucieza
 34096	LOMAS	Lomas
 34098	MAGAZ DE PISUERGA	Magaz de Pisuerga
 34099	MANQUILLOS	Manquillos
 34100	MANTINOS	Mantinos
 34101	MARCILLA DE CAMPOS	Marcilla de Campos
 34102	MAZARIEGOS	Mazariegos
 34103	MAZUECOS DE VALDEGINATE	Mazuecos de Valdeginate
 34104	MELGAR DE YUSO	Melgar de Yuso
 34106	MENESES DE CAMPOS	Meneses de Campos
 34107	MICIECES DE OJEDA	Micieces de Ojeda
 34108	MONZON DE CAMPOS	Monzón de Campos
 34109	MORATINOS	Moratinos
 34110	MUDA	Mudá
 34112	NOGAL DE LAS HUERTAS	Nogal de las Huertas
 34113	OLEA DE BOEDO	Olea de Boedo
 34114	OLMOS DE OJEDA	Olmos de Ojeda
 34116	OSORNILLO	Osornillo
 34117	OSORNO LA MAYOR	Osorno la Mayor
 34900	PALENCIA	Palencia
 34121	PALENZUELA	Palenzuela
 34122	PARAMO DE BOEDO	Páramo de Boedo
 34123	PAREDES DE NAVA	Paredes de Nava
 34124	PAYO DE OJEDA	Payo de Ojeda
 34125	PEDRAZA DE CAMPOS	Pedraza de Campos
 34126	PEDROSA DE LA VEGA	Pedrosa de la Vega
 34127	PERALES	Perales
 34129	PINO DEL RIO	Pino del Río
 34130	PIÑA DE CAMPOS	Piña de Campos
 34131	POBLACION DE ARROYO	Población de Arroyo
 34132	POBLACION DE CAMPOS	Población de Campos
 34133	POBLACION DE CERRATO	Población de Cerrato
 34134	POLENTINOS	Polentinos
 34135	POMAR DE VALDIVIA	Pomar de Valdivia
 34136	POZA DE LA VEGA	Poza de la Vega
 34137	POZO DE URAMA	Pozo de Urama
 34139	PRADANOS DE OJEDA	Prádanos de Ojeda
 34141	QUINTANA DEL PUENTE	Quintana del Puente
 34143	QUINTANILLA DE ONSOÑA	Quintanilla de Onsoña
 34146	REINOSO DE CERRATO	Reinoso de Cerrato
 34147	RENEDO DE LA VEGA	Renedo de la Vega
 34149	REQUENA DE CAMPOS	Requena de Campos
 34151	RESPENDA DE LA PEÑA	Respenda de la Peña
 34152	REVENGA DE CAMPOS	Revenga de Campos
 34154	REVILLA DE COLLAZOS	Revilla de Collazos
 34155	RIBAS DE CAMPOS	Ribas de Campos
 34156	RIBEROS DE LA CUEZA	Riberos de la Cueza
 34157	SALDAÑA	Saldaña
 34158	SALINAS DE PISUERGA	Salinas de Pisuerga
 34159	SAN CEBRIAN DE CAMPOS	San Cebrián de Campos
 34160	SAN CEBRIAN DE MUDA	San Cebrián de Mudá
 34161	SAN CRISTOBAL DE BOEDO	San Cristóbal de Boedo
 34163	SAN MAMES DE CAMPOS	San Mamés de Campos
 34165	SAN ROMAN DE LA CUBA	San Román de la Cuba
 34167	SANTA CECILIA DEL ALCOR	Santa Cecilia del Alcor
 34168	SANTA CRUZ DE BOEDO	Santa Cruz de Boedo
 34169	SANTERVAS DE LA VEGA	Santervás de la Vega
 34170	SANTIBAÑEZ DE ECLA	Santibáñez de Ecla
 34171	SANTIBAÑEZ DE LA PEÑA	Santibáñez de la Peña
 34174	SANTOYO	Santoyo
 34177	SOTO DE CERRATO	Soto de Cerrato
 34176	SOTOBAÑADO Y PRIORATO	Sotobañado y Priorato
 34178	TABANERA DE CERRATO	Tabanera de Cerrato
 34179	TABANERA DE VALDAVIA	Tabanera de Valdavia
 34180	TAMARA DE CAMPOS	Támara de Campos
 34181	TARIEGO DE CERRATO	Tariego de Cerrato
 34182	TORQUEMADA	Torquemada
 34184	TORREMORMOJON	Torremormojón
 34185	TRIOLLO	Triollo
 34186	VALBUENA DE PISUERGA	Valbuena de Pisuerga
 34189	VALDEOLMILLOS	Valdeolmillos
 34190	VALDERRABANO	Valderrábano
 34192	VALDE UCIEZA	Valde-Ucieza
 34196	VALLE DE CERRATO	Valle de Cerrato
 34219	VALLE DEL RETORTILLO	Valle del Retortillo
 34199	VELILLA DEL RIO CARRION	Velilla del Río Carrión
 34023	VENTA DE BAÑOS	Venta de Baños
 34201	VERTAVILLO	Vertavillo
 34202	VILLABASTA DE VALDAVIA	Villabasta de Valdavia
 34204	VILLACIDALER	Villacidaler
 34205	VILLACONANCIO	Villaconancio
 34206	VILLADA	Villada
 34208	VILLAELES DE VALDAVIA	Villaeles de Valdavia
 34210	VILLAHAN	Villahán
 34211	VILLAHERREROS	Villaherreros
 34213	VILLALACO	Villalaco
 34214	VILLALBA DE GUARDO	Villalba de Guardo
 34215	VILLALCAZAR DE SIRGA	Villalcázar de Sirga
 34216	VILLALCON	Villalcón
 34217	VILLALOBON	Villalobón
 34218	VILLALUENGA DE LA VEGA	Villaluenga de la Vega
 34220	VILLAMARTIN DE CAMPOS	Villamartín de Campos
 34221	VILLAMEDIANA	Villamediana
 34222	VILLAMERIEL	Villameriel
 34223	VILLAMORONTA	Villamoronta
 34224	VILLAMUERA DE LA CUEZA	Villamuera de la Cueza
 34225	VILLAMURIEL DE CERRATO	Villamuriel de Cerrato
 34228	VILLANUEVA DEL REBOLLAR	Villanueva del Rebollar
 34229	VILLANUÑO DE VALDAVIA	Villanuño de Valdavia
 34230	VILLAPROVEDO	Villaprovedo
 34231	VILLARMENTERO DE CAMPOS	Villarmentero de Campos
 34232	VILLARRABE	Villarrabé
 34233	VILLARRAMIEL	Villarramiel
 34234	VILLASARRACINO	Villasarracino
 34235	VILLASILA DE VALDAVIA	Villasila de Valdavia
 34237	VILLATURDE	Villaturde
 34238	VILLAUMBRALES	Villaumbrales
 34239	VILLAVIUDAS	Villaviudas
 34241	VILLERIAS DE CAMPOS	Villerías de Campos
 34242	VILLODRE	Villodre
 34243	VILLODRIGO	Villodrigo
 34244	VILLOLDO	Villoldo
 34246	VILLOTA DEL PARAMO	Villota del Páramo
 34247	VILLOVIECO	Villovieco
 35001	AGAETE	Agaete
 35002	AGUIMES	Agüimes
 35003	ANTIGUA	Antigua
 35004	ARRECIFE	Arrecife
 35005	ARTENARA	Artenara
 35006	ARUCAS	Arucas
 35007	BETANCURIA	Betancuria
 35008	FIRGAS	Firgas
 35009	GALDAR	Gáldar
 35011	HARIA	Haría
 35012	INGENIO	Ingenio
 35021	LA ALDEA DE SAN NICOLAS	La Aldea de San Nicolás
 35015	LA OLIVA	La Oliva
 35017	LAS PALMAS DE GRAN CANARIA	Las Palmas de Gran Canaria
 35013	MOGAN	Mogán
 35014	MOYA	Moya
 35016	PAJARA	Pájara
 35018	PUERTO DEL ROSARIO	Puerto del Rosario
 35019	SAN BARTOLOME	San Bartolomé
 35020	SAN BARTOLOME DE TIRAJANA	San Bartolomé de Tirajana
 35022	SANTA BRIGIDA	Santa Brígida
 35023	SANTA LUCIA DE TIRAJANA	Santa Lucía de Tirajana
 35010	SANTA MARIA DE GUIA DE GRAN CA	Santa María de Guía de Gran Canaria
 35024	TEGUISE	Teguise
 35025	TEJEDA	Tejeda
 35026	TELDE	Telde
 35027	TEROR	Teror
 35028	TIAS	Tías
 35029	TINAJO	Tinajo
 35030	TUINEJE	Tuineje
 35032	VALLESECO	Valleseco
 35031	VALSEQUILLO DE GRAN CANARIA	Valsequillo de Gran Canaria
 35033	VEGA DE SAN MATEO	Vega de San Mateo
 35034	YAIZA	Yaiza
 36009	A CAÑIZA	A Cañiza
 36017	A ESTRADA	A Estrada
 36023	A GUARDA	A Guarda
 36062	A ILLA DE AROUSA	A Illa de Arousa
 36025	A LAMA	A Lama
 36020	AGOLADA	Agolada
 36001	ARBO	Arbo
 36034	AS NEVES	As Neves
 36002	BARRO	Barro
 36004	BUEU	Bueu
 36005	CALDAS DE REIS	Caldas de Reis
 36006	CAMBADOS	Cambados
 36007	CAMPO LAMEIRO	Campo Lameiro
 36008	CANGAS	Cangas
 36010	CATOIRA	Catoira
 36011	CERDEDO	Cerdedo-Cotobade
 36012	COTOBADE	Cerdedo-Cotobade
 36013	COVELO	Covelo
 36014	CRECENTE	Crecente
 36015	CUNTIS	Cuntis
 36016	DOZON	Dozón
 36018	FORCAREI	Forcarei
 36019	FORNELOS DE MONTES	Fornelos de Montes
 36024	LALIN	Lalín
 36026	MARIN	Marín
 36027	MEAÑO	Meaño
 36028	MEIS	Meis
 36029	MOAÑA	Moaña
 36030	MONDARIZ	Mondariz
 36031	MONDARIZ BALNEARIO	Mondariz-Balneario
 36032	MORAÑA	Moraña
 36033	MOS	Mos
 36022	O GROVE	O Grove
 36039	O PORRIÑO	O Porriño
 36048	O ROSAL	O Rosal
 36036	OIA	Oia
 36037	PAZOS DE BORBEN	Pazos de Borbén
 36041	POIO	Poio
 36043	PONTE CALDELAS	Ponte Caldelas
 36042	PONTEAREAS	Ponteareas
 36044	PONTECESURES	Pontecesures
 36900	PONTEVEDRA	Pontevedra
 36040	PORTAS	Portas
 36045	REDONDELA	Redondela
 36046	RIBADUMIA	Ribadumia
 36047	RODEIRO	Rodeiro
 36049	SALCEDA DE CASELAS	Salceda de Caselas
 36050	SALVATERRA DE MIÑO	Salvaterra de Miño
 36051	SANXENXO	Sanxenxo
 36052	SILLEDA	Silleda
 36053	SOUTOMAIOR	Soutomaior
 36054	TOMIÑO	Tomiño
 36055	TUI	Tui
 36056	VALGA	Valga
 36059	VILA DE CRUCES	Vila de Cruces
 36058	VILABOA	Vilaboa
 36060	VILAGARCIA DE AROUSA	Vilagarcía de Arousa
 36061	VILANOVA DE AROUSA	Vilanova de Arousa
 37001	ABUSEJO	Abusejo
 37002	AGALLAS	Agallas
 37003	AHIGAL DE LOS ACEITEROS	Ahigal de los Aceiteros
 37004	AHIGAL DE VILLARINO	Ahigal de Villarino
 37007	ALARAZ	Alaraz
 37008	ALBA DE TORMES	Alba de Tormes
 37009	ALBA DE YELTES	Alba de Yeltes
 37012	ALCONADA	Alconada
 37015	ALDEA DEL OBISPO	Aldea del Obispo
 37013	ALDEACIPRESTE	Aldeacipreste
 37014	ALDEADAVILA DE LA RIBERA	Aldeadávila de la Ribera
 37016	ALDEALENGUA	Aldealengua
 37017	ALDEANUEVA DE FIGUEROA	Aldeanueva de Figueroa
 37018	ALDEANUEVA DE LA SIERRA	Aldeanueva de la Sierra
 37019	ALDEARRODRIGO	Aldearrodrigo
 37020	ALDEARRUBIA	Aldearrubia
 37021	ALDEASECA DE ALBA	Aldeaseca de Alba
 37022	ALDEASECA DE LA FRONTERA	Aldeaseca de la Frontera
 37023	ALDEATEJADA	Aldeatejada
 37024	ALDEAVIEJA DE TORMES	Aldeavieja de Tormes
 37025	ALDEHUELA DE LA BOVEDA	Aldehuela de la Bóveda
 37026	ALDEHUELA DE YELTES	Aldehuela de Yeltes
 37027	ALMENARA DE TORMES	Almenara de Tormes
 37028	ALMENDRA	Almendra
 37029	ANAYA DE ALBA	Anaya de Alba
 37030	AÑOVER DE TORMES	Añover de Tormes
 37031	ARABAYONA DE MOGICA	Arabayona de Mógica
 37032	ARAPILES	Arapiles
 37033	ARCEDIANO	Arcediano
 37035	ARMENTEROS	Armenteros
 37038	BABILAFUENTE	Babilafuente
 37039	BAÑOBAREZ	Bañobárez
 37040	BARBADILLO	Barbadillo
 37041	BARBALOS	Barbalos
 37042	BARCEO	Barceo
 37044	BARRUECOPARDO	Barruecopardo
 37046	BEJAR	Béjar
 37047	BELEÑA	Beleña
 37049	BERMELLAR	Bermellar
 37050	BERROCAL DE HUEBRA	Berrocal de Huebra
 37051	BERROCAL DE SALVATIERRA	Berrocal de Salvatierra
 37052	BOADA	Boada
 37055	BOGAJO	Bogajo
 37057	BOVEDA DEL RIO ALMAR	Bóveda del Río Almar
 37058	BRINCONES	Brincones
 37059	BUENAMADRE	Buenamadre
 37060	BUENAVISTA	Buenavista
 37065	CABEZA DEL CABALLO	Cabeza del Caballo
 37062	CABEZABELLOSA DE LA CALZADA	Cabezabellosa de la Calzada
 37067	CABRERIZOS	Cabrerizos
 37068	CABRILLAS	Cabrillas
 37069	CALVARRASA DE ABAJO	Calvarrasa de Abajo
 37070	CALVARRASA DE ARRIBA	Calvarrasa de Arriba
 37072	CALZADA DE DON DIEGO	Calzada de Don Diego
 37073	CALZADA DE VALDUNCIEL	Calzada de Valdunciel
 37074	CAMPILLO DE AZABA	Campillo de Azaba
 37078	CANDELARIO	Candelario
 37079	CANILLAS DE ABAJO	Canillas de Abajo
 37080	CANTAGALLO	Cantagallo
 37081	CANTALAPIEDRA	Cantalapiedra
 37082	CANTALPINO	Cantalpino
 37083	CANTARACILLO	Cantaracillo
 37085	CARBAJOSA DE LA SAGRADA	Carbajosa de la Sagrada
 37086	CARPIO DE AZABA	Carpio de Azaba
 37087	CARRASCAL DE BARREGAS	Carrascal de Barregas
 37088	CARRASCAL DEL OBISPO	Carrascal del Obispo
 37089	CASAFRANCA	Casafranca
 37091	CASILLAS DE FLORES	Casillas de Flores
 37092	CASTELLANOS DE MORISCOS	Castellanos de Moriscos
 37186	CASTELLANOS DE VILLIQUERA	Castellanos de Villiquera
 37096	CASTILLEJO DE MARTIN VIEJO	Castillejo de Martín Viejo
 37097	CASTRAZ	Castraz
 37098	CEPEDA	Cepeda
 37099	CERECEDA DE LA SIERRA	Cereceda de la Sierra
 37100	CEREZAL DE PEÑAHORCADA	Cerezal de Peñahorcada
 37101	CERRALBO	Cerralbo
 37103	CESPEDOSA DE TORMES	Cespedosa de Tormes
 37114	CHAGARCIA MEDIANERO	Chagarcía Medianero
 37104	CILLEROS DE LA BASTIDA	Cilleros de la Bastida
 37106	CIPEREZ	Cipérez
 37107	CIUDAD RODRIGO	Ciudad Rodrigo
 37108	COCA DE ALBA	Coca de Alba
 37109	COLMENAR DE MONTEMAYOR	Colmenar de Montemayor
 37110	CORDOVILLA	Cordovilla
 37112	CRISTOBAL	Cristóbal
 37115	DIOS LE GUARDE	Dios le Guarde
 37116	DOÑINOS DE LEDESMA	Doñinos de Ledesma
 37117	DOÑINOS DE SALAMANCA	Doñinos de Salamanca
 37118	EJEME	Éjeme
 37034	EL ARCO	El Arco
 37054	EL BODON	El Bodón
 37061	EL CABACO	El Cabaco
 37077	EL CAMPO DE PEÑARANDA	El Campo de Peñaranda
 37102	EL CERRO	El Cerro
 37113	EL CUBO DE DON SANCHO	El Cubo de Don Sancho
 37178	EL MAILLO	El Maíllo
 37181	EL MANZANO	El Manzano
 37236	EL PAYO	El Payo
 37241	EL PEDROSO DE LA ARMUÑA	El Pedroso de la Armuña
 37255	EL PINO DE TORMES	El Pino de Tormes
 37305	EL SAHUGO	El Sahugo
 37321	EL TEJADO	El Tejado
 37328	EL TORNADIZO	El Tornadizo
 37120	ENCINA DE SAN SILVESTRE	Encina de San Silvestre
 37121	ENCINAS DE ABAJO	Encinas de Abajo
 37122	ENCINAS DE ARRIBA	Encinas de Arriba
 37123	ENCINASOLA DE LOS COMENDADORES	Encinasola de los Comendadores
 37124	ENDRINAL	Endrinal
 37125	ESCURIAL DE LA SIERRA	Escurial de la Sierra
 37126	ESPADAÑA	Espadaña
 37127	ESPEJA	Espeja
 37128	ESPINO DE LA ORBADA	Espino de la Orbada
 37129	FLORIDA DE LIEBANA	Florida de Liébana
 37130	FORFOLEDA	Forfoleda
 37131	FRADES DE LA SIERRA	Frades de la Sierra
 37133	FRESNEDOSO	Fresnedoso
 37134	FRESNO ALHANDIGA	Fresno Alhándiga
 37136	FUENTEGUINALDO	Fuenteguinaldo
 37137	FUENTELIANTE	Fuenteliante
 37138	FUENTERROBLE DE SALVATIERRA	Fuenterroble de Salvatierra
 37139	FUENTES DE BEJAR	Fuentes de Béjar
 37140	FUENTES DE OÑORO	Fuentes de Oñoro
 37141	GAJATES	Gajates
 37142	GALINDO Y PERAHUY	Galindo y Perahuy
 37143	GALINDUSTE	Galinduste
 37144	GALISANCHO	Galisancho
 37145	GALLEGOS DE ARGAÑAN	Gallegos de Argañán
 37146	GALLEGOS DE SOLMIRON	Gallegos de Solmirón
 37147	GARCIBUEY	Garcibuey
 37148	GARCIHERNANDEZ	Garcihernández
 37149	GARCIRREY	Garcirrey
 37151	GEJUELO DEL BARRO	Gejuelo del Barro
 37152	GOLPEJAS	Golpejas
 37153	GOMECELLO	Gomecello
 37155	GUADRAMIRO	Guadramiro
 37156	GUIJO DE AVILA	GUIJO DE AVILA
 37157	GUIJUELO	Guijuelo
 37158	HERGUIJUELA DE CIUDAD RODRIGO	Herguijuela de Ciudad Rodrigo
 37159	HERGUIJUELA DE LA SIERRA	Herguijuela de la Sierra
 37160	HERGUIJUELA DEL CAMPO	Herguijuela del Campo
 37161	HINOJOSA DE DUERO	Hinojosa de Duero
 37162	HORCAJO DE MONTEMAYOR	Horcajo de Montemayor
 37163	HORCAJO MEDIANERO	Horcajo Medianero
 37165	HUERTA	Huerta
 37166	IRUELOS	Iruelos
 37167	ITUERO DE AZABA	Ituero de Azaba
 37168	JUZBADO	Juzbado
 37005	LA ALAMEDA DE GARDON	La Alameda de Gardón
 37006	LA ALAMEDILLA	La Alamedilla
 37010	LA ALBERCA	La Alberca
 37011	LA ALBERGUERIA DE ARGAÑAN	La Alberguería de Argañán
 37037	LA ATALAYA	La Atalaya
 37045	LA BASTIDA	La Bastida
 37056	LA BOUZA	La Bouza
 37063	LA CABEZA DE BEJAR	La Cabeza de Béjar
 37071	LA CALZADA DE BEJAR	La Calzada de Béjar
 37119	LA ENCINA	La Encina
 37132	LA FREGENEDA	La Fregeneda
 37135	LA FUENTE DE SAN ESTEBAN	La Fuente de San Esteban
 37164	LA HOYA	La Hoya
 37187	LA MATA DE LEDESMA	La Mata de Ledesma
 37189	LA MAYA	La Maya
 37225	LA ORBADA	La Orbada
 37245	LA PEÑA	La Peña
 37268	LA REDONDA	La Redonda
 37270	LA RINCONADA DE LA SIERRA	La Rinconada de la Sierra
 37275	LA SAGRADA	La Sagrada
 37311	LA SIERPE	La Sierpe
 37317	LA TALA	La Tala
 37350	LA VELLES	La Vellés
 37352	LA VIDOLA	La Vídola
 37384	LA ZARZA DE PUMAREDA	La Zarza de Pumareda
 37169	LAGUNILLA	Lagunilla
 37170	LARRODRIGO	Larrodrigo
 37090	LAS CASAS DEL CONDE	Las Casas del Conde
 37349	LAS VEGUILLAS	Las Veguillas
 37171	LEDESMA	Ledesma
 37172	LEDRADA	Ledrada
 37173	LINARES DE RIOFRIO	Linares de Riofrío
 37302	LOS SANTOS	Los Santos
 37174	LUMBRALES	Lumbrales
 37176	MACHACON	Machacón
 37175	MACOTERA	Macotera
 37177	MADROÑAL	Madroñal
 37179	MALPARTIDA	Malpartida
 37180	MANCERA DE ABAJO	Mancera de Abajo
 37182	MARTIAGO	Martiago
 37184	MARTIN DE YELTES	Martín de Yeltes
 37183	MARTINAMOR	Martinamor
 37185	MASUECO	Masueco
 37188	MATILLA DE LOS CAÑOS DEL RIO	Matilla de los Caños del Río
 37190	MEMBRIBE DE LA SIERRA	Membribe de la Sierra
 37191	MIEZA	Mieza
 37192	MILANO	El Milano
 37193	MIRANDA DE AZAN	Miranda de Azán
 37194	MIRANDA DEL CASTAÑAR	Miranda del Castañar
 37195	MOGARRAZ	Mogarraz
 37196	MOLINILLO	Molinillo
 37197	MONFORTE DE LA SIERRA	Monforte de la Sierra
 37198	MONLEON	Monleón
 37199	MONLERAS	Monleras
 37200	MONSAGRO	Monsagro
 37201	MONTEJO	Montejo
 37202	MONTEMAYOR DEL RIO	Montemayor del Río
 37203	MONTERRUBIO DE ARMUÑA	Monterrubio de Armuña
 37204	MONTERRUBIO DE LA SIERRA	Monterrubio de la Sierra
 37205	MORASVERDES	Morasverdes
 37206	MORILLE	Morille
 37207	MORIÑIGO	Moríñigo
 37208	MORISCOS	Moriscos
 37209	MORONTA	Moronta
 37210	MOZARBEZ	Mozárbez
 37212	NARROS DE MATALAYEGUA	Narros de Matalayegua
 37214	NAVA DE BEJAR	Nava de Béjar
 37215	NAVA DE FRANCIA	Nava de Francia
 37216	NAVA DE SOTROBAL	Nava de Sotrobal
 37213	NAVACARROS	Navacarros
 37217	NAVALES	Navales
 37218	NAVALMORAL DE BEJAR	Navalmoral de Béjar
 37219	NAVAMORALES	Navamorales
 37220	NAVARREDONDA DE LA RINCONADA	Navarredonda de la Rinconada
 37222	NAVASFRIAS	Navasfrías
 37223	NEGRILLA DE PALENCIA	Negrilla de Palencia
 37224	OLMEDO DE CAMACES	Olmedo de Camaces
 37226	PAJARES DE LA LAGUNA	Pajares de la Laguna
 37227	PALACIOS DEL ARZOBISPO	Palacios del Arzobispo
 37229	PALACIOSRUBIOS	Palaciosrubios
 37230	PALENCIA DE NEGRILLA	Negrilla de Palencia
 37232	PARADA DE ARRIBA	Parada de Arriba
 37233	PARADA DE RUBIALES	Parada de Rubiales
 37234	PARADINAS DE SAN JUAN	Paradinas de San Juan
 37235	PASTORES	Pastores
 37237	PEDRAZA DE ALBA	Pedraza de Alba
 37238	PEDROSILLO DE ALBA	Pedrosillo de Alba
 37239	PEDROSILLO DE LOS AIRES	Pedrosillo de los Aires
 37240	PEDROSILLO EL RALO	Pedrosillo el Ralo
 37242	PELABRAVO	Pelabravo
 37243	PELARRODRIGUEZ	Pelarrodríguez
 37244	PELAYOS	Pelayos
 37246	PEÑACABALLERA	Peñacaballera
 37247	PEÑAPARDA	Peñaparda
 37248	PEÑARANDA DE BRACAMONTE	Peñaranda de Bracamonte
 37249	PEÑARANDILLA	Peñarandilla
 37250	PERALEJOS DE ABAJO	Peralejos de Abajo
 37251	PERALEJOS DE ARRIBA	Peralejos de Arriba
 37252	PEREÑA DE LA RIBERA	Pereña de la Ribera
 37253	PEROMINGO	Peromingo
 37254	PINEDAS	Pinedas
 37256	PITIEGUA	Pitiegua
 37257	PIZARRAL	Pizarral
 37258	POVEDA DE LAS CINTAS	Poveda de las Cintas
 37259	POZOS DE HINOJO	Pozos de Hinojo
 37260	PUEBLA DE AZABA	Puebla de Azaba
 37261	PUEBLA DE SAN MEDEL	Puebla de San Medel
 37262	PUEBLA DE YELTES	Puebla de Yeltes
 37263	PUENTE DEL CONGOSTO	Puente del Congosto
 37264	PUERTAS	Puertas
 37265	PUERTO DE BEJAR	Puerto de Béjar
 37266	PUERTO SEGURO	Puerto Seguro
 37267	RAGAMA	Rágama
 37269	RETORTILLO	Retortillo
 37271	ROBLEDA	Robleda
 37272	ROBLIZA DE COJOS	Robliza de Cojos
 37273	ROLLAN	Rollán
 37274	SAELICES EL CHICO	Saelices el Chico
 37900	SALAMANCA	Salamanca
 37277	SALDEANA	Saldeana
 37278	SALMORAL	Salmoral
 37279	SALVATIERRA DE TORMES	Salvatierra de Tormes
 37280	SAN CRISTOBAL DE LA CUESTA	San Cristóbal de la Cuesta
 37286	SAN ESTEBAN DE LA SIERRA	San Esteban de la Sierra
 37287	SAN FELICES DE LOS GALLEGOS	San Felices de los Gallegos
 37288	SAN MARTIN DEL CASTAÑAR	San Martín del Castañar
 37289	SAN MIGUEL DE VALERO	San Miguel de Valero
 37036	SAN MIGUEL DEL ROBLEDO	San Miguel del Robledo
 37290	SAN MORALES	San Morales
 37291	SAN MUÑOZ	San Muñoz
 37293	SAN PEDRO DE ROZADOS	San Pedro de Rozados
 37292	SAN PEDRO DEL VALLE	San Pedro del Valle
 37294	SAN PELAYO DE GUAREÑA	San Pelayo de Guareña
 37282	SANCHON DE LA RIBERA	Sanchón de la Ribera
 37283	SANCHON DE LA SAGRADA	Sanchón de la Sagrada
 37284	SANCHOTELLO	Sanchotello
 37281	SANCTI SPIRITUS	Sancti-Spíritus
 37285	SANDO	Sando
 37295	SANTA MARIA DE SANDO	Santa María de Sando
 37296	SANTA MARTA DE TORMES	Santa Marta de Tormes
 37298	SANTIAGO DE LA PUEBLA	Santiago de la Puebla
 37299	SANTIBAÑEZ DE BEJAR	Santibáñez de Béjar
 37300	SANTIBAÑEZ DE LA SIERRA	Santibáñez de la Sierra
 37301	SANTIZ	Santiz
 37303	SARDON DE LOS FRAILES	Sardón de los Frailes
 37304	SAUCELLE	Saucelle
 37306	SEPULCRO HILARIO	Sepulcro-Hilario
 37307	SEQUEROS	Sequeros
 37308	SERRADILLA DEL ARROYO	Serradilla del Arroyo
 37309	SERRADILLA DEL LLANO	Serradilla del Llano
 37312	SIETEIGLESIAS DE TORMES	Sieteiglesias de Tormes
 37313	SOBRADILLO	Sobradillo
 37314	SORIHUELA	Sorihuela
 37315	SOTOSERRANO	Sotoserrano
 37316	TABERA DE ABAJO	Tabera de Abajo
 37318	TAMAMES	Tamames
 37319	TARAZONA DE GUAREÑA	Tarazona de Guareña
 37320	TARDAGUILA	Tardáguila
 37323	TEJEDA Y SEGOYUELA	Tejeda y Segoyuela
 37324	TENEBRON	Tenebrón
 37325	TERRADILLOS	Terradillos
 37326	TOPAS	Topas
 37327	TORDILLOS	Tordillos
 37330	TORRESMENUDAS	Torresmenudas
 37331	TRABANCA	Trabanca
 37332	TREMEDAL DE TORMES	Tremedal de Tormes
 37333	VALDECARROS	Valdecarros
 37334	VALDEFUENTES DE SANGUSIN	Valdefuentes de Sangusín
 37335	VALDEHIJADEROS	Valdehijaderos
 37336	VALDELACASA	Valdelacasa
 37337	VALDELAGEVE	Valdelageve
 37338	VALDELOSA	Valdelosa
 37339	VALDEMIERQUE	Valdemierque
 37340	VALDERRODRIGO	Valderrodrigo
 37341	VALDUNCIEL	Valdunciel
 37342	VALERO	Valero
 37346	VALLEJERA DE RIOFRIO	Vallejera de Riofrío
 37343	VALSALABROSO	Valsalabroso
 37344	VALVERDE DE VALDELACASA	Valverde de Valdelacasa
 37345	VALVERDON	Valverdón
 37347	VECINOS	Vecinos
 37348	VEGA DE TIRADOS	Vega de Tirados
 37351	VENTOSA DEL RIO ALMAR	Ventosa del Río Almar
 37354	VILLAFLORES	Villaflores
 37355	VILLAGONZALO DE TORMES	Villagonzalo de Tormes
 37356	VILLALBA DE LOS LLANOS	Villalba de los Llanos
 37357	VILLAMAYOR	Villamayor
 37358	VILLANUEVA DEL CONDE	Villanueva del Conde
 37359	VILLAR DE ARGAÑAN	Villar de Argañán
 37360	VILLAR DE CIERVO	Villar de Ciervo
 37361	VILLAR DE GALLIMAZO	Villar de Gallimazo
 37362	VILLAR DE LA YEGUA	Villar de la Yegua
 37363	VILLAR DE PERALONSO	Villar de Peralonso
 37364	VILLAR DE SAMANIEGO	Villar de Samaniego
 37365	VILLARES DE LA REINA	Villares de la Reina
 37366	VILLARES DE YELTES	Villares de Yeltes
 37367	VILLARINO DE LOS AIRES	Villarino de los Aires
 37368	VILLARMAYOR	Villarmayor
 37369	VILLARMUERTO	Villarmuerto
 37370	VILLASBUENAS	Villasbuenas
 37371	VILLASDARDO	Villasdardo
 37372	VILLASECO DE LOS GAMITOS	Villaseco de los Gamitos
 37373	VILLASECO DE LOS REYES	Villaseco de los Reyes
 37374	VILLASRUBIAS	Villasrubias
 37375	VILLAVERDE DE GUAREÑA	Villaverde de Guareña
 37376	VILLAVIEJA DE YELTES	Villavieja de Yeltes
 37377	VILLORIA	Villoria
 37378	VILLORUELA	Villoruela
 37353	VILVESTRE	Vilvestre
 37379	VITIGUDINO	Vitigudino
 37380	YECLA DE YELTES	Yecla de Yeltes
 37381	ZAMARRA	Zamarra
 37382	ZAMAYON	Zamayón
 37383	ZARAPICOS	Zarapicos
 37385	ZORITA DE LA FRONTERA	Zorita de la Frontera
 38001	ADEJE	Adeje
 38002	AGULO	Agulo
 38003	ALAJERO	Alajeró
 38004	ARAFO	Arafo
 38005	ARICO	Arico
 38006	ARONA	Arona
 38007	BARLOVENTO	Barlovento
 38008	BREÑA ALTA	Breña Alta
 38009	BREÑA BAJA	Breña Baja
 38010	BUENAVISTA DEL NORTE	Buenavista del Norte
 38011	CANDELARIA	Candelaria
 38027	EL PASO	El Paso
 38054	EL PINAR DE EL HIERRO	El Pinar de El Hierro
 38032	EL ROSARIO	El Rosario
 38044	EL TANQUE	El Tanque
 38012	FASNIA	Fasnia
 38013	FRONTERA	Frontera
 38014	FUENCALIENTE DE LA PALMA	Fuencaliente de la Palma
 38015	GARACHICO	Garachico
 38016	GARAFIA	Garafía
 38017	GRANADILLA DE ABONA	Granadilla de Abona
 38019	GUIA DE ISORA	Guía de Isora
 38020	GUIMAR	Güímar
 38021	HERMIGUA	Hermigua
 38022	ICOD DE LOS VINOS	Icod de los Vinos
 38018	LA GUANCHA	La Guancha
 38025	LA MATANZA DE ACENTEJO	La Matanza de Acentejo
 38026	LA OROTAVA	La Orotava
 38051	LA VICTORIA DE ACENTEJO	La Victoria de Acentejo
 38024	LOS LLANOS DE ARIDANE	Los Llanos de Aridane
 38031	LOS REALEJOS	Los Realejos
 38042	LOS SILOS	Los Silos
 38028	PUERTO DE LA CRUZ	Puerto de la Cruz
 38029	PUNTAGORDA	Puntagorda
 38030	PUNTALLANA	Puntallana
 38033	SAN ANDRES Y SAUCES	San Andrés y Sauces
 38023	SAN CRISTOBAL DE LA LAGUNA	San Cristóbal de La Laguna
 38034	SAN JUAN DE LA RAMBLA	San Juan de la Rambla
 38035	SAN MIGUEL DE ABONA	San Miguel de Abona
 38036	SAN SEBASTIAN DE LA GOMERA	San Sebastián de la Gomera
 38037	SANTA CRUZ DE LA PALMA	Santa Cruz de la Palma
 38900	SANTA CRUZ DE TENERIFE	Santa Cruz de Tenerife
 38039	SANTA URSULA	SANTA URSULA
 38040	SANTIAGO DEL TEIDE	Santiago del Teide
 38041	SAUZAL	El Sauzal
 38043	TACORONTE	Tacoronte
 38045	TAZACORTE	Tazacorte
 38046	TEGUESTE	Tegueste
 38047	TIJARAFE	Tijarafe
 38049	VALLE GRAN REY	Valle Gran Rey
 38050	VALLEHERMOSO	Vallehermoso
 38048	VALVERDE	Valverde
 38052	VILAFLOR DE CHASNA	Vilaflor de Chasna
 38053	VILLA DE MAZO	Villa de Mazo
 39001	ALFOZ DE LLOREDO	Alfoz de Lloredo
 39002	AMPUERO	Ampuero
 39003	ANIEVAS	Anievas
 39004	ARENAS DE IGUÑA	Arenas de Iguña
 39005	ARGOÑOS	Argoños
 39006	ARNUERO	Arnuero
 39007	ARREDONDO	Arredondo
 39009	BARCENA DE CICERO	Bárcena de Cicero
 39010	BARCENA DE PIE DE CONCHA	Bárcena de Pie de Concha
 39011	BAREYO	Bareyo
 39012	CABEZON DE LA SAL	Cabezón de la Sal
 39013	CABEZON DE LIEBANA	Cabezón de Liébana
 39014	CABUERNIGA	Cabuérniga
 39015	CAMALEÑO	Camaleño
 39016	CAMARGO	Camargo
 39027	CAMPOO DE ENMEDIO	Campoo de Enmedio
 39017	CAMPOO DE YUSO	Campoo de Yuso
 39018	CARTES	Cartes
 39019	CASTAÑEDA	Castañeda
 39020	CASTRO URDIALES	Castro-Urdiales
 39103	CDAD CAM CAB	CDAD CAM CAB
 39021	CIEZA	Cieza
 39022	CILLORIGO DE LIEBANA	Cillorigo de Liébana
 39023	COLINDRES	Colindres
 39024	COMILLAS	Comillas
 39025	CORRALES DE BUELNA	Los Corrales de Buelna
 39026	CORVERA DE TORANZO	Corvera de Toranzo
 39008	EL ASTILLERO	El Astillero
 39028	ENTRAMBASAGUAS	Entrambasaguas
 39029	ESCALANTE	Escalante
 39030	GURIEZO	Guriezo
 39031	HAZAS DE CESTO	Hazas de Cesto
 39032	HERMANDAD DE CAMPOO DE SUSO	Hermandad de Campoo de Suso
 39033	HERRERIAS	Herrerías
 39034	LAMASON	Lamasón
 39035	LAREDO	Laredo
 39065	LAS ROZAS DE VALDEARROYO	Las Rozas de Valdearroyo
 39036	LIENDO	Liendo
 39037	LIERGANES	Liérganes
 39038	LIMPIAS	Limpias
 39086	LOS TOJOS	Los Tojos
 39039	LUENA	Luena
 39040	MARINA DE CUDEYO	Marina de Cudeyo
 39041	MAZCUERRAS	Mazcuerras
 39042	MEDIO CUDEYO	Medio Cudeyo
 39043	MERUELO	Meruelo
 39044	MIENGO	Miengo
 39045	MIERA	Miera
 39046	MOLLEDO	Molledo
 39047	NOJA	Noja
 39048	PENAGOS	Penagos
 39049	PEÑARRUBIA	Peñarrubia
 39050	PESAGUERO	Pesaguero
 39051	PESQUERA	Pesquera
 39052	PIELAGOS	Piélagos
 39053	POLACIONES	Polaciones
 39054	POLANCO	Polanco
 39055	POTES	Potes
 39056	PUENTE VIESGO	Puente Viesgo
 39057	RAMALES DE LA VICTORIA	Ramales de la Victoria
 39058	RASINES	Rasines
 39059	REINOSA	Reinosa
 39060	REOCIN	Reocín
 39061	RIBAMONTAN AL MAR	Ribamontán al Mar
 39062	RIBAMONTAN AL MONTE	Ribamontán al Monte
 39063	RIONANSA	Rionansa
 39064	RIOTUERTO	Riotuerto
 39066	RUENTE	Ruente
 39067	RUESGA	Ruesga
 39068	RUILOBA	Ruiloba
 39069	SAN FELICES DE BUELNA	San Felices de Buelna
 39070	SAN MIGUEL DE AGUAYO	San Miguel de Aguayo
 39071	SAN PEDRO DEL ROMERAL	San Pedro del Romeral
 39072	SAN ROQUE DE RIOMIERA	San Roque de Riomiera
 39080	SAN VICENTE DE LA BARQUERA	San Vicente de la Barquera
 39073	SANTA CRUZ DE BEZANA	Santa Cruz de Bezana
 39074	SANTA MARIA DE CAYON	Santa María de Cayón
 39900	SANTANDER	Santander
 39076	SANTILLANA DEL MAR	Santillana del Mar
 39077	SANTIURDE DE REINOSA	Santiurde de Reinosa
 39078	SANTIURDE DE TORANZO	Santiurde de Toranzo
 39079	SANTOÑA	Santoña
 39081	SARO	Saro
 39082	SELAYA	Selaya
 39083	SOBA	Soba
 39084	SOLORZANO	Solórzano
 39085	SUANCES	Suances
 39087	TORRELAVEGA	Torrelavega
 39088	TRESVISO	Tresviso
 39089	TUDANCA	Tudanca
 39090	UDIAS	Udías
 39095	VAL DE SAN VICENTE	Val de San Vicente
 39091	VALDALIGA	Valdáliga
 39092	VALDEOLEA	Valdeolea
 39093	VALDEPRADO DEL RIO	Valdeprado del Río
 39094	VALDERREDIBLE	Valderredible
 39101	VALLE DE VILLAVERDE	Valle de Villaverde
 39096	VEGA DE LIEBANA	Vega de Liébana
 39097	VEGA DE PAS	Vega de Pas
 39098	VILLACARRIEDO	Villacarriedo
 39099	VILLAESCUSA	Villaescusa
 39100	VILLAFUFRE	Villafufre
 39102	VOTO	Voto
 40001	ABADES	Abades
 40002	ADRADA DE PIRON	Adrada de Pirón
 40003	ADRADOS	Adrados
 40004	AGUILAFUENTE	Aguilafuente
 40005	ALCONADA DE MADERUELO	Alconada de Maderuelo
 40012	ALDEA REAL	Aldea Real
 40006	ALDEALCORVO	Aldealcorvo
 40007	ALDEALENGUA DE PEDRAZA	Aldealengua de Pedraza
 40008	ALDEALENGUA DE SANTA MARIA	Aldealengua de Santa María
 40009	ALDEANUEVA DE LA SERREZUELA	Aldeanueva de la Serrezuela
 40010	ALDEANUEVA DEL CODONAL	Aldeanueva del Codonal
 40013	ALDEASOÑA	Aldeasoña
 40014	ALDEHORNO	Aldehorno
 40015	ALDEHUELA DEL CODONAL	Aldehuela del Codonal
 40017	ALDEONTE	Aldeonte
 40018	ANAYA	Anaya
 40019	AÑE	Añe
 40021	ARAHUETES	Arahuetes
 40022	ARCONES	Arcones
 40023	AREVALILLO DE CEGA	Arevalillo de Cega
 40024	ARMUÑA	Armuña
 40026	AYLLON	Ayllón
 40028	BARBOLLA	Barbolla
 40029	BASARDILLA	Basardilla
 40031	BERCIAL	Bercial
 40032	BERCIMUEL	Bercimuel
 40033	BERNARDOS	Bernardos
 40035	BERNUY DE PORREROS	Bernuy de Porreros
 40036	BOCEGUILLAS	Boceguillas
 40037	BRIEVA	Brieva
 40038	CABALLAR	Caballar
 40039	CABAÑAS DE POLENDOS	Cabañas de Polendos
 40040	CABEZUELA	Cabezuela
 40041	CALABAZAS DE FUENTIDUEÑA	Calabazas de Fuentidueña
 40043	CAMPO DE SAN PEDRO	Campo de San Pedro
 40044	CANTALEJO	Cantalejo
 40045	CANTIMPALOS	Cantimpalos
 40191	CARABIAS	Carabias
 40047	CARBONERO EL MAYOR	Carbonero el Mayor
 40048	CARRASCAL DEL RIO	Carrascal del Río
 40050	CASLA	Casla
 40051	CASTILLEJO DE MESLEON	Castillejo de Mesleón
 40053	CASTRO DE FUENTIDUEÑA	Castro de Fuentidueña
 40054	CASTROJIMENO	Castrojimeno
 40055	CASTROSERNA DE ABAJO	Castroserna de Abajo
 40057	CASTROSERRACIN	Castroserracín
 40058	CEDILLO DE LA TORRE	Cedillo de la Torre
 40059	CEREZO DE ABAJO	Cerezo de Abajo
 40060	CEREZO DE ARRIBA	Cerezo de Arriba
 40075	CHAÑE	Chañe
 40061	CILLERUELO DE SAN MAMES	Cilleruelo de San Mamés
 40063	COBOS DE FUENTIDUEÑA	Cobos de Fuentidueña
 40065	COCA	Coca
 40066	CODORNIZ	Codorniz
 40067	COLLADO HERMOSO	Collado Hermoso
 40068	CONDADO DE CASTILNOVO	Condado de Castilnovo
 40069	CORRAL DE AYLLON	Corral de Ayllón
 40070	COZUELOS DE FUENTIDUEÑA	Cozuelos de Fuentidueña
 40071	CUBILLO	Cubillo
 40072	CUELLAR	Cuéllar
 40074	CUEVAS DE PROVANCO	Cuevas de Provanco
 40078	DOMINGO GARCIA	Domingo García
 40079	DONHIERRO	Donhierro
 40081	DURUELO	Duruelo
 40087	EL ESPINAR	El Espinar
 40082	ENCINAS	Encinas
 40083	ENCINILLAS	Encinillas
 40084	ESCALONA DEL PRADO	Escalona del Prado
 40085	ESCARABAJOSA DE CABEZAS	Escarabajosa de Cabezas
 40086	ESCOBAR DE POLENDOS	Escobar de Polendos
 40088	ESPIRDO	Espirdo
 40091	FRESNEDA DE CUELLAR	Fresneda de Cuéllar
 40092	FRESNO DE CANTESPINO	Fresno de Cantespino
 40093	FRESNO DE LA FUENTE	Fresno de la Fuente
 40094	FRUMALES	Frumales
 40095	FUENTE DE SANTA CRUZ	Fuente de Santa Cruz
 40096	FUENTE EL OLMO DE FUENTIDUEÑA	Fuente el Olmo de Fuentidueña
 40097	FUENTE EL OLMO DE ISCAR	Fuente el Olmo de Fuentidueña
 40100	FUENTEPELAYO	Fuentepelayo
 40101	FUENTEPIÑEL	Fuentepiñel
 40102	FUENTERREBOLLO	Fuenterrebollo
 40103	FUENTESAUCO DE FUENTIDUEÑA	Fuentesaúco de Fuentidueña
 40105	FUENTESOTO	Fuentesoto
 40106	FUENTIDUEÑA	Fuentidueña
 40107	GALLEGOS	Gallegos
 40108	GARCILLAN	Garcillán
 40109	GOMEZSERRACIN	Gomezserracín
 40111	GRAJERA	Grajera
 40114	HONRUBIA DE LA CUESTA	Honrubia de la Cuesta
 40115	HONTALBILLA	Hontalbilla
 40116	HONTANARES DE ERESMA	Hontanares de Eresma
 40120	ITUERO Y LAMA	Ituero y Lama
 40122	JUARROS DE RIOMOROS	Juarros de Riomoros
 40123	JUARROS DE VOLTOYA	Juarros de Voltoya
 40130	LA LASTRILLA	La Lastrilla
 40131	LA LOSA	La Losa
 40145	LA MATILLA	La Matilla
 40124	LABAJOS	Labajos
 40125	LAGUNA DE CONTRERAS	Laguna de Contreras
 40127	LANGUILLA	Languilla
 40128	LASTRAS DE CUELLAR	Lastras de Cuéllar
 40129	LASTRAS DEL POZO	Lastras del Pozo
 40119	LOS HUERTOS	Los Huertos
 40134	MADERUELO	Maderuelo
 40137	MARAZOLEJA	Marazoleja
 40138	MARAZUELA	Marazuela
 40139	MARTIN MIGUEL	Martín Miguel
 40140	MARTIN MUÑOZ DE LA DEHESA	Martín Muñoz de la Dehesa
 40141	MARTIN MUÑOZ DE LAS POSADAS	Martín Muñoz de las Posadas
 40142	MARUGAN	Marugán
 40144	MATA DE CUELLAR	Mata de Cuéllar
 40143	MATABUENA	Matabuena
 40146	MELQUE DE CERCOS	Melque de Cercos
 40147	MEMBIBRE DE LA HOZ	Membibre de la Hoz
 40148	MIGUELAÑEZ	Migueláñez
 40150	MONTEJO DE AREVALO	Montejo de Arévalo
 40151	MONTEJO DE LA VEGA DE LA SERRE	Montejo de la Vega de la Serrezuela
 40152	MONTERRUBIO	Monterrubio
 40154	MORAL DE HORNUEZ	Moral de Hornuez
 40157	MOZONCILLO	Mozoncillo
 40158	MUÑOPEDRO	Muñopedro
 40159	MUÑOVEROS	Muñoveros
 40162	NAVA DE LA ASUNCION	Nava de la Asunción
 40163	NAVAFRIA	Navafría
 40164	NAVALILLA	Navalilla
 40165	NAVALMANZANO	Navalmanzano
 40166	NAVARES DE AYUSO	Navares de Ayuso
 40167	NAVARES DE ENMEDIO	Navares de Enmedio
 40168	NAVARES DE LAS CUEVAS	Navares de las Cuevas
 40169	NAVAS DE ORO	Navas de Oro
 40279	NAVAS DE RIOFRIO	Navas de Riofrío
 40170	NAVAS DE SAN ANTONIO	Navas de San Antonio
 40172	NIEVA	Nieva
 40174	OLOMBRADA	Olombrada
 40175	OREJANA	Orejana
 40177	ORTIGOSA DE PESTAÑO	Ortigosa de Pestaño
 40176	ORTIGOSA DEL MONTE	Ortigosa del Monte
 40178	OTERO DE HERREROS	Otero de Herreros
 40180	PAJAREJOS	Pajarejos
 40182	PALAZUELOS DE ERESMA	Palazuelos de Eresma
 40184	PEDRAZA	Pedraza
 40185	PELAYOS DEL ARROYO	Pelayos del Arroyo
 40187	PEROSILLO	Perosillo
 40188	PINAREJOS	Pinarejos
 40189	PINARNEGRILLO	Pinarnegrillo
 40192	PRADENA	Prádena
 40193	PUEBLA DE PEDRAZA	Puebla de Pedraza
 40194	RAPARIEGOS	Rapariegos
 40212	REAL SITIO DE SAN ILDEFONSO	Real Sitio de San Ildefonso
 40195	REBOLLO	Rebollo
 40196	REMONDO	Remondo
 40198	RIAGUAS DE SAN BARTOLOME	Riaguas de San Bartolomé
 40200	RIAZA	Riaza
 40201	RIBOTA	Ribota
 40202	RIOFRIO DE RIAZA	Riofrío de Riaza
 40203	RODA DE ERESMA	Roda de Eresma
 40204	SACRAMENIA	Sacramenia
 40207	SAMBOAL	Samboal
 40208	SAN CRISTOBAL DE CUELLAR	San Cristóbal de Cuéllar
 40209	SAN CRISTOBAL DE LA VEGA	San Cristóbal de la Vega
 40280	SAN CRISTOBAL DE SEGOVIA	San Cristóbal de Segovia
 40213	SAN MARTIN Y MUDRIAN	San Martín y Mudrián
 40214	SAN MIGUEL DE BERNUY	San Miguel de Bernuy
 40215	SAN PEDRO DE GAILLOS	San Pedro de Gaíllos
 40210	SANCHONUÑO	Sanchonuño
 40211	SANGARCIA	Sangarcía
 40217	SANTA MARIA LA REAL DE NIEVA	Santa María la Real de Nieva
 40218	SANTA MARTA DEL CERRO	Santa Marta del Cerro
 40220	SANTIUSTE DE PEDRAZA	Santiuste de Pedraza
 40221	SANTIUSTE DE SAN JUAN BAUTISTA	Santiuste de San Juan Bautista
 40222	SANTO DOMINGO DE PIRON	Santo Domingo de Pirón
 40223	SANTO TOME DEL PUERTO	Santo Tomé del Puerto
 40224	SAUQUILLO DE CABEZAS	Sauquillo de Cabezas
 40225	SEBULCOR	Sebúlcor
 40900	SEGOVIA	Segovia
 40227	SEPULVEDA	Sepúlveda
 40228	SEQUERA DE FRESNO	Sequera de Fresno
 40232	SOTILLO	Sotillo
 40233	SOTOSALBOS	Sotosalbos
 40234	TABANERA LA LUENGA	Tabanera la Luenga
 40236	TOLOCIRIO	Tolocirio
 40241	TORRE VAL DE SAN PEDRO	Torre Val de San Pedro
 40237	TORREADRADA	Torreadrada
 40238	TORRECABALLEROS	Torrecaballeros
 40239	TORRECILLA DEL PINAR	Torrecilla del Pinar
 40240	TORREIGLESIAS	Torreiglesias
 40242	TRESCASAS	Trescasas
 40243	TUREGANO	Turégano
 40245	URUEÑAS	Urueñas
 40246	VALDEPRADOS	Valdeprados
 40248	VALDEVACAS DE MONTEJO	Valdevacas de Montejo
 40249	VALDEVACAS Y GUIJAR	Valdevacas y Guijar
 40255	VALLE DE TABLADILLO	Valle de Tabladillo
 40256	VALLELADO	Vallelado
 40257	VALLERUELA DE PEDRAZA	Valleruela de Pedraza
 40258	VALLERUELA DE SEPULVEDA	Valleruela de Sepúlveda
 40251	VALSECA	Valseca
 40252	VALTIENDAS	Valtiendas
 40253	VALVERDE DEL MAJANO	Valverde del Majano
 40260	VEGANZONES	Veganzones
 40261	VEGAS DE MATUTE	Vegas de Matute
 40262	VENTOSILLA Y TEJADILLA	Ventosilla y Tejadilla
 40263	VILLACASTIN	Villacastín
 40268	VILLAVERDE DE ISCAR	Villaverde de Íscar
 40269	VILLAVERDE DE MONTEJO	Villaverde de Montejo
 40270	VILLEGUILLO	Villeguillo
 40272	YANGUAS DE ERESMA	Yanguas de Eresma
 40274	ZARZUELA DEL MONTE	Zarzuela del Monte
 40275	ZARZUELA DEL PINAR	Zarzuela del Pinar
 41001	AGUADULCE	Aguadulce
 41002	ALANIS	Alanís
 41003	ALBAIDA DEL ALJARAFE	Albaida del Aljarafe
 41004	ALCALA DE GUADAIRA	Alcalá de Guadaíra
 41005	ALCALA DEL RIO	Alcalá del Río
 41006	ALCOLEA DEL RIO	Alcolea del Río
 41008	ALGAMITAS	Algámitas
 41009	ALMADEN DE LA PLATA	Almadén de la Plata
 41010	ALMENSILLA	Almensilla
 41011	ARAHAL	Arahal
 41012	AZNALCAZAR	Aznalcázar
 41013	AZNALCOLLAR	Aznalcóllar
 41014	BADOLATOSA	Badolatosa
 41015	BENACAZON	Benacazón
 41016	BOLLULLOS DE LA MITACION	Bollullos de la Mitación
 41017	BORMUJOS	Bormujos
 41018	BRENES	Brenes
 41019	BURGUILLOS	Burguillos
 41021	CAMAS	Camas
 41023	CANTILLANA	Cantillana
 41103	CAÑADA ROSAL	Cañada Rosal
 41024	CARMONA	Carmona
 41025	CARRION DE LOS CESPEDES	Carrión de los Céspedes
 41026	CASARICHE	Casariche
 41027	CASTILBLANCO DE LOS ARROYOS	Castilblanco de los Arroyos
 41028	CASTILLEJA DE GUZMAN	Castilleja de Guzmán
 41029	CASTILLEJA DE LA CUESTA	Castilleja de la Cuesta
 41030	CASTILLEJA DEL CAMPO	Castilleja del Campo
 41032	CAZALLA DE LA SIERRA	Cazalla de la Sierra
 41033	CONSTANTINA	Constantina
 41034	CORIA DEL RIO	Coria del Río
 41035	CORIPE	Coripe
 41038	DOS HERMANAS	Dos Hermanas
 41039	ECIJA	Écija
 41031	EL CASTILLO DE LAS GUARDAS	El Castillo de las Guardas
 41036	EL CORONIL	El Coronil
 41105	EL CUERVO DE SEVILLA	El Cuervo de Sevilla
 41043	EL GARROBO	El Garrobo
 41057	EL MADROÑO	El Madroño
 41106	EL PALMAR DE TROYA	El Palmar de Troya
 41073	EL PEDROSO	El Pedroso
 41080	EL REAL DE LA JARA	El Real de la Jara
 41083	EL RONQUILLO	El Ronquillo
 41084	EL RUBIO	El Rubio
 41090	EL SAUCEJO	El Saucejo
 41102	EL VISO DEL ALCOR	El Viso del Alcor
 41040	ESPARTINAS	Espartinas
 41041	ESTEPA	Estepa
 41042	FUENTES DE ANDALUCIA	Fuentes de Andalucía
 41044	GELVES	Gelves
 41045	GERENA	Gerena
 41046	GILENA	Gilena
 41047	GINES	Gines
 41048	GUADALCANAL	Guadalcanal
 41049	GUILLENA	Guillena
 41050	HERRERA	Herrera
 41051	HUEVAR DEL ALJARAFE	Huévar del Aljarafe
 41104	ISLA MAYOR	Isla Mayor
 41007	LA ALGABA	La Algaba
 41022	LA CAMPANA	La Campana
 41056	LA LUISIANA	La Luisiana
 41077	LA PUEBLA DE CAZALLA	La Puebla de Cazalla
 41078	LA PUEBLA DE LOS INFANTES	La Puebla de los Infantes
 41079	LA PUEBLA DEL RIO	La Puebla del Río
 41081	LA RINCONADA	La Rinconada
 41082	LA RODA DE ANDALUCIA	La Roda de Andalucía
 41052	LANTEJUELA	Lantejuela
 41020	LAS CABEZAS DE SAN JUAN	Las Cabezas de San Juan
 41066	LAS NAVAS DE LA CONCEPCION	Las Navas de la Concepción
 41053	LEBRIJA	Lebrija
 41054	LORA DE ESTEPA	Lora de Estepa
 41055	LORA DEL RIO	Lora del Río
 41037	LOS CORRALES	Los Corrales
 41063	LOS MOLARES	Los Molares
 41069	LOS PALACIOS Y VILLAFRANCA	Los Palacios y Villafranca
 41058	MAIRENA DEL ALCOR	Mairena del Alcor
 41059	MAIRENA DEL ALJARAFE	Mairena del Aljarafe
 41060	MARCHENA	Marchena
 41061	MARINALEDA	Marinaleda
 41062	MARTIN DE LA JARA	Martín de la Jara
 41064	MONTELLANO	Montellano
 41065	MORON DE LA FRONTERA	Morón de la Frontera
 41067	OLIVARES	Olivares
 41068	OSUNA	Osuna
 41070	PALOMARES DEL RIO	Palomares del Río
 41071	PARADAS	Paradas
 41072	PEDRERA	Pedrera
 41074	PEÑAFLOR	Peñaflor
 41075	PILAS	Pilas
 41076	PRUNA	Pruna
 41085	SALTERAS	Salteras
 41086	SAN JUAN DE AZNALFARACHE	San Juan de Aznalfarache
 41088	SAN NICOLAS DEL PUERTO	San Nicolás del Puerto
 41087	SANLUCAR LA MAYOR	Sanlúcar la Mayor
 41089	SANTIPONCE	Santiponce
 41900	SEVILLA	Sevilla
 41092	TOCINA	Tocina
 41093	TOMARES	Tomares
 41094	UMBRETE	Umbrete
 41095	UTRERA	Utrera
 41096	VALENCINA DE LA CONCEPCION	Valencina de la Concepción
 41097	VILLAMANRIQUE DE LA CONDESA	Villamanrique de la Condesa
 41100	VILLANUEVA DE SAN JUAN	Villanueva de San Juan
 41098	VILLANUEVA DEL ARISCAL	Villanueva del Ariscal
 41099	VILLANUEVA DEL RIO Y MINAS	Villanueva del Río y Minas
 41101	VILLAVERDE DEL RIO	Villaverde del Río
 42002	ABEJAR	Abejar
 42005	ADRADAS	Adradas
 42006	AGREDA	Ágreda
 42012	ALCONABA	Alconaba
 42014	ALCUBILLA DE AVELLANEDA	Alcubilla de Avellaneda
 42015	ALCUBILLA DE LAS PEÑAS	Alcubilla de las Peñas
 42018	ALDEALAFUENTE	Aldealafuente
 42019	ALDEALICES	Aldealices
 42020	ALDEALPOZO	Aldealpozo
 42021	ALDEALSEÑOR	Aldealseñor
 42024	ALDEHUELA DE PERIAÑEZ	Aldehuela de Periáñez
 42026	ALENTISQUE	Alentisque
 42027	ALIUD	Aliud
 42028	ALMAJANO	Almajano
 42029	ALMALUEZ	Almaluez
 42031	ALMARZA	Almarza
 42032	ALMAZAN	Almazán
 42033	ALMAZUL	Almazul
 42034	ALMENAR DE SORIA	Almenar de Soria
 42035	ALPANSEQUE	Alpanseque
 42038	ARANCON	Arancón
 42039	ARCOS DE JALON	Arcos de Jalón
 42040	ARENILLAS	Arenillas
 42041	AREVALO DE LA SIERRA	Arévalo de la Sierra
 42045	AUSEJO DE LA SIERRA	Ausejo de la Sierra
 42047	BARAONA	Baraona
 42048	BARCA	Barca
 42049	BARCONES	Barcones
 42051	BAYUBAS DE ABAJO	Bayubas de Abajo
 42052	BAYUBAS DE ARRIBA	Bayubas de Arriba
 42055	BERATON	Beratón
 42056	BERLANGA DE DUERO	Berlanga de Duero
 42058	BLACOS	Blacos
 42059	BLIECOS	Bliecos
 42064	BORJABAD	Borjabad
 42065	BOROBIA	Borobia
 42068	BUBEROS	Buberos
 42070	BUITRAGO	Buitrago
 42071	BURGO DE OSMA CIUDAD DE OSMA	Burgo de Osma-Ciudad de Osma
 42072	CABREJAS DEL CAMPO	Cabrejas del Campo
 42073	CABREJAS DEL PINAR	Cabrejas del Pinar
 42075	CALATAÑAZOR	Calatañazor
 42077	CALTOJAR	Caltojar
 42079	CANDILICHERA	Candilichera
 42081	CAÑAMAQUE	Cañamaque
 42082	CARABANTES	Carabantes
 42083	CARACENA	Caracena
 42086	CARRASCOSA DE ABAJO	Carrascosa de Abajo
 42088	CARRASCOSA DE LA SIERRA	Carrascosa de la Sierra
 42089	CASAREJOS	Casarejos
 42092	CASTILFRIO DE LA SIERRA	Castilfrío de la Sierra
 42094	CASTILLEJO DE ROBLEDO	Castillejo de Robledo
 42093	CASTILRUIZ	Castilruiz
 42095	CENTENERA DE ANDALUZ	Centenera de Andaluz
 42096	CERBON	Cerbón
 42097	CIDONES	Cidones
 42098	CIGUDOSA	Cigudosa
 42099	CIHUELA	Cihuela
 42100	CIRIA	Ciria
 42102	CIRUJALES DEL RIO	Cirujales del Río
 42107	COSCURITA	Coscurita
 42108	COVALEDA	Covaleda
 42109	CUBILLA	Cubilla
 42111	CUBO DE LA SOLANA	Cubo de la Solana
 42114	CUEVA DE AGREDA	Cabrejas del Campo
 42120	DEVANOS	Dévanos
 42121	DEZA	Deza
 42124	DURUELO DE LA SIERRA	Duruelo de la Sierra
 42257	EL ROYO	El Royo
 42125	ESCOBOSA DE ALMAZAN	Escobosa de Almazán
 42126	ESPEJA DE SAN MARCELINO	Espeja de San Marcelino
 42127	ESPEJON	Espejón
 42128	ESTEPA DE SAN JUAN	Estepa de San Juan
 42132	FRECHILLA DE ALMAZAN	Frechilla de Almazán
 42133	FRESNO DE CARACENA	Fresno de Caracena
 42135	FUENTEARMEGIL	Fuentearmegil
 42137	FUENTECAMBRON	Fuentecambrón
 42139	FUENTECANTOS	Fuentecantos
 42142	FUENTELMONGE	Fuentelmonge
 42143	FUENTELSAZ DE SORIA	Fuentelsaz de Soria
 42144	FUENTEPINILLA	Fuentepinilla
 42146	FUENTES DE MAGAÑA	Fuentes de Magaña
 42147	FUENTESTRUN	Fuentestrún
 42150	GARRAY	Garray
 42151	GOLMAYO	Golmayo
 42152	GOMARA	Gómara
 42153	GORMAZ	Gormaz
 42154	HERRERA DE SORIA	Herrera de Soria
 42157	HINOJOSA DEL CAMPO	Hinojosa del Campo
 42175	LA LOSILLA	La Losilla
 42233	LA POVEDA DE SORIA	La Póveda de Soria
 42253	LA RIBA DE ESCALOTE	La Riba de Escalote
 42169	LANGA DE DUERO	Langa de Duero
 42025	LAS ALDEHUELAS	Las Aldehuelas
 42172	LICERAS	Liceras
 42242	LOS RABANOS	Los Rábanos
 42335	LOS VILLARES DE SORIA	Los Villares de Soria
 42178	MAGAÑA	Magaña
 42179	MAJAN	Maján
 42182	MATALEBRERAS	Matalebreras
 42183	MATAMALA DE ALMAZAN	Matamala de Almazán
 42187	MEDINACELI	Medinaceli
 42190	MIÑO DE MEDINACELI	Miño de Medinaceli
 42191	MIÑO DE SAN ESTEBAN	Miño de San Esteban
 42193	MOLINOS DE DUERO	Molinos de Duero
 42194	MOMBLONA	Momblona
 42195	MONTEAGUDO DE LAS VICARIAS	Monteagudo de las Vicarías
 42196	MONTEJO DE TIERMES	Montejo de Tiermes
 42197	MONTENEGRO DE CAMEROS	Montenegro de Cameros
 42201	MORON DE ALMAZAN	Morón de Almazán
 42202	MURIEL DE LA FUENTE	Muriel de la Fuente
 42203	MURIEL VIEJO	Muriel Viejo
 42205	NAFRIA DE UCERO	Nafría de Ucero
 42207	NARROS	Narros
 42209	NAVALENO	Navaleno
 42210	NEPAS	Nepas
 42213	NOLAY	Nolay
 42216	NOVIERCAS	Noviercas
 42219	OLVEGA	Ólvega
 42220	ONCALA	Oncala
 42228	PINILLA DEL CAMPO	Pinilla del Campo
 42232	PORTILLO DE SORIA	Portillo de Soria
 42234	POZALMURO	Pozalmuro
 42236	QUINTANA REDONDA	Quintana Redonda
 42237	QUINTANAS DE GORMAZ	Quintanas de Gormaz
 42241	QUIÑONERIA	Quiñonería
 42244	REBOLLAR	Rebollar
 42246	RECUERDA	Recuerda
 42248	RELLO	Rello
 42249	RENIEBLAS	Renieblas
 42250	RETORTILLO DE SORIA	Retortillo de Soria
 42252	REZNOS	Reznos
 42254	RIOSECO DE SORIA	Rioseco de Soria
 42255	ROLLAMIENTA	Rollamienta
 42259	SALDUERO	Salduero
 42263	SAN ESTEBAN DE GORMAZ	San Esteban de Gormaz
 42264	SAN FELICES	San Felices
 42265	SAN LEONARDO DE YAGUE	San Leonardo de Yagüe
 42266	SAN PEDRO MANRIQUE	San Pedro Manrique
 42267	SANTA CRUZ DE YANGUAS	Santa Cruz de Yanguas
 42268	SANTA MARIA DE HUERTA	Santa María de Huerta
 42269	SANTA MARIA DE LAS HOYAS	Santa María de las Hoyas
 42274	SERON DE NAGIMA	Serón de Nágima
 42275	SOLIEDRA	Soliedra
 42900	SORIA	Soria
 42278	SOTILLO DEL RINCON	Sotillo del Rincón
 42280	SUELLACABRAS	Suellacabras
 42281	TAJAHUERCE	Tajahuerce
 42282	TAJUECO	Tajueco
 42283	TALVEILA	Talveila
 42287	TARDELCUENDE	Tardelcuende
 42289	TARODA	Taroda
 42290	TEJADO	Tejado
 42292	TORLENGUA	Torlengua
 42295	TORREBLACOS	Torreblacos
 42298	TORRUBIA DE SORIA	Torrubia de Soria
 42299	TREVAGO	Trévago
 42300	UCERO	Ucero
 42302	VADILLO	Vadillo
 42304	VALDEAVELLANO DE TERA	Valdeavellano de Tera
 42305	VALDEGEÑA	Valdegeña
 42306	VALDELAGUA DEL CERRO	Valdelagua del Cerro
 42307	VALDEMALUQUE	Valdemaluque
 42309	VALDENEBRO	Valdenebro
 42310	VALDEPRADO	Valdeprado
 42311	VALDERRODILLA	Valderrodilla
 42313	VALTAJEROS	Valtajeros
 42318	VELAMAZAN	Velamazán
 42319	VELILLA DE LA SIERRA	Velilla de la Sierra
 42320	VELILLA DE LOS AJOS	Velilla de los Ajos
 42325	VIANA DE DUERO	Viana de Duero
 42328	VILLACIERVOS	Villaciervos
 42330	VILLANUEVA DE GORMAZ	Villanueva de Gormaz
 42331	VILLAR DEL ALA	Villar del Ala
 42332	VILLAR DEL CAMPO	Villar del Campo
 42333	VILLAR DEL RIO	Villar del Río
 42337	VILLASAYAS	Villasayas
 42338	VILLASECA DE ARCIEL	Villaseca de Arciel
 42340	VINUESA	Vinuesa
 42341	VIZMANOS	Vizmanos
 42342	VOZMEDIANO	Vozmediano
 42343	YANGUAS	Yanguas
 42344	YELO	Yelo
 43001	AIGUAMURCIA	Aiguamúrcia
 43002	ALBINYANA	Albinyana
 43004	ALCANAR	Alcanar
 43005	ALCOVER	Alcover
 43006	ALDOVER	Aldover
 43008	ALFARA DE CARLES	Alfara de Carles
 43009	ALFORJA	Alforja
 43010	ALIO	Alió
 43011	ALMOSTER	Almoster
 43012	ALTAFULLA	Altafulla
 43014	AMPOSTA	Amposta
 43015	ARBOLI	Arbolí
 43018	ARNES	Arnes
 43019	ASCO	Ascó
 43020	BANYERES DEL PENEDES	Banyeres del Penedès
 43021	BARBERA DE LA CONCA	Barberà de la Conca
 43022	BATEA	Batea
 43023	BELLMUNT DEL PRIORAT	Bellmunt del Priorat
 43024	BELLVEI	Bellvei
 43025	BENIFALLET	Benifallet
 43026	BENISSANET	Benissanet
 43029	BLANCAFORT	Blancafort
 43030	BONASTRE	Bonastre
 43032	BOT	Bot
 43033	BOTARELL	Botarell
 43034	BRAFIM	Bràfim
 43035	CABACES	Cabacés
 43036	CABRA DEL CAMP	Cabra del Camp
 43037	CALAFELL	Calafell
 43183	CAMARLES	Camarles
 43038	CAMBRILS	Cambrils
 43040	CAPAFONTS	Capafonts
 43041	CAP ANES	Gandesa
 43042	CASERES	Caseres
 43043	CASTELLVELL DEL CAMP	Castellvell del Camp
 43046	COLLDEJOU	Colldejou
 43047	CONESA	Conesa
 43048	CONSTANTI	Constantí
 43049	CORBERA D EBRE	Corbera d'Ebre
 43050	CORNUDELLA DE MONTSANT	Cornudella de Montsant
 43051	CREIXELL	Creixell
 43052	CUNIT	Cunit
 43181	DELTEBRE	Deltebre
 43054	DUESAIGUES	Duesaigües
 43044	EL CATLLAR	El Catllar
 43073	EL LLOAR	El Lloar
 43083	EL MASROIG	El Masroig
 43084	EL MILA	El Milà
 43086	EL MOLAR	El Molar
 43091	EL MONTMELL	el Montmell
 43096	EL MORELL	El Morell
 43106	EL PERELLO	El Perelló
 43108	EL PINELL DE BRAI	El Pinell de Brai
 43110	EL PLA DE SANTA MARIA	El Pla de Santa Maria
 43115	EL PONT D ARMENTERA	El Pont d'Armentera
 43136	EL ROURELL	El Rourell
 43165	EL VENDRELL	El Vendrell
 43067	ELS GARIDELLS	Els Garidells
 43071	ELS GUIAMETS	Els Guiamets
 43056	FALSET	Falset
 43060	FIGUEROLA DEL CAMP	Figuerola del Camp
 43061	FLIX	Flix
 43062	FORES	Forès
 43063	FREGINALS	Freginals
 43065	GANDESA	Gandesa
 43066	GARCIA	Garcia
 43068	GINESTAR	Ginestar
 43069	GODALL	Godall
 43070	GRATALLOPS	Gratallops
 43072	HORTA DE SANT JOAN	Horta de Sant Joan
 43027	LA BISBAL DE FALSET	La Bisbal del Penedès
 43028	LA BISBAL DEL PENEDES	La Bisbal del Penedès
 43039	LA CANONJA	La Canonja
 43057	LA FATARELLA	La Fatarella
 43058	LA FEBRO	La Febró
 43059	LA FIGUERA	La Figuera
 43064	LA GALERA	La Galera
 43081	LA MASO	la Masó
 43097	LA MORERA DE MONTSANT	La Morera de Montsant
 43099	LA NOU DE GAIA	La Nou de Gaià
 43101	LA PALMA D EBRE	La Palma d'Ebre
 43111	LA POBLA DE MAFUMET	La Pobla de Mafumet
 43112	LA POBLA DE MASSALUCA	La Pobla de Massaluca
 43113	LA POBLA DE MONTORNES	La Pobla de Montornès
 43138	LA RAPITA	La Ràpita
 43126	LA RIBA	La Riba
 43128	LA RIERA DE GAIA	La Riera de Gaià
 43146	LA SECUITA	La Secuita
 43147	LA SELVA DEL CAMP	La Selva del Camp
 43045	LA SENIA	La Sénia
 43153	LA TORRE DE FONTAUBELLA	La Torre de Fontaubella
 43154	LA TORRE DE L ESPANYOL	La Torre de l'Espanyol
 43175	LA VILELLA ALTA	La Vilella Alta
 43176	LA VILELLA BAIXA	La Vilella Baixa
 43003	L ALBIOL	L'Albiol
 43184	L ALDEA	L'Aldea
 43007	L ALEIXAR	L'Aleixar
 43013	L AMETLLA DE MAR	L'Ametlla de Mar
 43186	L AMPOLLA	L'Ampolla
 43016	L ARBO	L'Arboç
 43017	L ARGENTERA	L'Argentera
 43031	LES BORGES DEL CAMP	Les Borges del Camp
 43107	LES PILES	Les Piles
 43055	L ESPLUGA DE FRANCOLI	L'Espluga de Francolí
 43074	LLORAC	Llorac
 43075	LLOREN  DEL PENEDES	Llorenç del Penedès
 43077	MAR A	Marçà
 43076	MARGALEF	Margalef
 43078	MAS DE BARBERANS	Mas de Barberans
 43079	MASDENVERGE	Masdenverge
 43080	MASLLOREN	Masllorenç
 43082	MASPUJOLS	Maspujols
 43085	MIRAVET	Miravet
 43087	MONTBLANC	Montblanc
 43089	MONTBRIO DEL CAMP	Montbrió del Camp
 43090	MONTFERRI	Montferri
 43092	MONT RAL	Mont-ral
 43093	MONT ROIG DEL CAMP	Mont-roig del Camp
 43094	MORA D EBRE	Móra d'Ebre
 43095	MORA LA NOVA	Móra la Nova
 43100	NULLES	Nulles
 43102	PALLARESOS ELS	Els Pallaresos
 43103	PASSANANT I BELLTALL	Passanant i Belltall
 43104	PAULS	Paüls
 43105	PERAFORT	Perafort
 43109	PIRA	Pira
 43114	POBOLEDA	Poboleda
 43143	PONTILS	Pontils
 43116	PORRERA	Porrera
 43117	PRADELL DE LA TEIXETA	Pradell de la Teixeta
 43118	PRADES	Prades
 43119	PRAT DE COMTE	Prat de Comte
 43120	PRATDIP	Pratdip
 43121	PUIGPELAT	Puigpelat
 43122	QUEROL	Querol
 43123	RASQUERA	Rasquera
 43124	RENAU	Renau
 43125	REUS	Reus
 43127	RIBA ROJA D EBRE	Riba-roja d'Ebre
 43129	RIUDECANYES	Riudecanyes
 43130	RIUDECOLS	Riudecols
 43131	RIUDOMS	Riudoms
 43132	ROCAFORT DE QUERALT	Rocafort de Queralt
 43133	RODA DE BERA	Roda de Berà
 43134	RODONYA	Rodonyà
 43135	ROQUETES	Roquetes
 43137	SALOMO	Salomó
 43185	SALOU	Salou
 43139	SANT JAUME DELS DOMENYS	Sant Jaume dels Domenys
 43182	SANT JAUME D ENVEJA	Sant Jaume d'Enveja
 43140	SANTA BARBARA	Santa Bàrbara
 43141	SANTA COLOMA DE QUERALT	Santa Coloma de Queralt
 43142	SANTA OLIVA	Santa Oliva
 43144	SARRAL	Sarral
 43145	SAVALLA DEL COMTAT	Savallà del Comtat
 43148	SENAN	Senan
 43149	SOLIVELLA	Solivella
 43900	TARRAGONA	Tarragona
 43151	TIVENYS	Tivenys
 43152	TIVISSA	Tivissa
 43155	TORREDEMBARRA	Torredembarra
 43156	TORROJA DEL PRIORAT	Torroja del Priorat
 43157	TORTOSA	Tortosa
 43158	ULLDECONA	Ulldecona
 43159	ULLDEMOLINS	Ulldemolins
 43160	VALLCLARA	Vallclara
 43161	VALLFOGONA DE RIUCORB	Vallfogona de Riucorb
 43162	VALLMOLL	Vallmoll
 43163	VALLS	Valls
 43164	VANDELLOS I L HOSPITALET DE L	Vandellòs i l'Hospitalet de l'Infant
 43166	VESPELLA DE GAIA	Vespella de Gaià
 43167	VILABELLA	Vilabella
 43177	VILALBA DELS ARCS	Vilalba dels Arcs
 43168	VILALLONGA DEL CAMP	Vilallonga del Camp
 43170	VILANOVA DE PRADES	Vilanova de Prades
 43169	VILANOVA D ESCORNALBOU	Vilanova d'Escornalbou
 43171	VILAPLANA	Vilaplana
 43172	VILA RODONA	Vila-rodona
 43173	VILA SECA	Vila-seca
 43174	VILAVERD	Vilaverd
 43178	VIMBODI I POBLET	Vimbodí i Poblet
 43179	VINEBRE	Vinebre
 43180	VINYOLS I ELS ARCS	Vinyols i els Arcs
 43053	XERTA	Xerta
 44001	ABABUJ	Ababuj
 44002	ABEJUELA	Abejuela
 44003	AGUATON	Aguatón
 44004	AGUAVIVA	Aguaviva
 44005	AGUILAR DEL ALFAMBRA	Aguilar del Alfambra
 44006	ALACON	Alacón
 44007	ALBA	Alba
 44008	ALBALATE DEL ARZOBISPO	Albalate del Arzobispo
 44009	ALBARRACIN	Albarracín
 44010	ALBENTOSA	Albentosa
 44011	ALCAINE	Alcaine
 44012	ALCALA DE LA SELVA	Alcalá de la Selva
 44013	ALCAÑIZ	Alcañiz
 44014	ALCORISA	Alcorisa
 44016	ALFAMBRA	Alfambra
 44017	ALIAGA	Aliaga
 44021	ALLEPUZ	Allepuz
 44022	ALLOZA	Alloza
 44023	ALLUEVA	Allueva
 44018	ALMOHAJA	Almohaja
 44019	ALOBRAS	Alobras
 44020	ALPEÑES	Alpeñés
 44024	ANADON	Anadón
 44025	ANDORRA	Andorra
 44026	ARCOS DE LAS SALINAS	Arcos de las Salinas
 44027	ARENS DE LLEDO	Arens de Lledó
 44028	ARGENTE	Argente
 44029	ARIÑO	Ariño
 44031	AZAILA	Azaila
 44032	BADENAS	Bádenas
 44033	BAGUENA	Báguena
 44034	BAÑON	Bañón
 44035	BARRACHINA	Barrachina
 44036	BEA	Bea
 44037	BECEITE	Beceite
 44039	BELLO	Bello
 44038	BELMONTE DE SAN JOSE	Belmonte de San José
 44040	BERGE	Berge
 44041	BEZAS	Bezas
 44042	BLANCAS	Blancas
 44043	BLESA	Blesa
 44044	BORDON	Bordón
 44045	BRONCHALES	Bronchales
 44046	BUEÑA	Bueña
 44047	BURBAGUENA	Burbáguena
 44048	CABRA DE MORA	Cabra de Mora
 44049	CALACEITE	Calaceite
 44050	CALAMOCHA	Calamocha
 44051	CALANDA	Calanda
 44052	CALOMARDE	Calomarde
 44053	CAMAÑAS	Camañas
 44054	CAMARENA DE LA SIERRA	Camarena de la Sierra
 44055	CAMARILLAS	Camarillas
 44056	CAMINREAL	Caminreal
 44059	CANTAVIEJA	Cantavieja
 44060	CAÑADA DE BENATANDUZ	Cañada de Benatanduz
 44062	CAÑADA VELLIDA	Cañada Vellida
 44063	CAÑIZAR DEL OLIVAR	Cañizar del Olivar
 44064	CASCANTE DEL RIO	Cascante del Río
 44065	CASTEJON DE TORNOS	Castejón de Tornos
 44066	CASTEL DE CABRA	Castel de Cabra
 44071	CASTELLOTE	Castellote
 44067	CASTELNOU	Castelnou
 44068	CASTELSERAS	Castelserás
 44074	CEDRILLAS	Cedrillas
 44075	CELADAS	Celadas
 44076	CELLA	Cella
 44084	CORBALAN	Corbalán
 44086	CORTES DE ARAGON	Cortes de Aragón
 44087	COSA	Cosa
 44088	CRETAS	Cretas
 44089	CRIVILLEN	Crivillén
 44091	CUBLA	Cubla
 44092	CUCALON	Cucalón
 44095	CUEVAS DE ALMUDEN	Cuevas de Almudén
 44098	CUEVAS LABRADAS	Cuevas Labradas
 44101	EJULVE	Ejulve
 44070	EL CASTELLAR	El Castellar
 44094	EL CUERVO	El Cuervo
 44196	EL POBO	El Pobo
 44263	EL VALLECILLO	El Vallecillo
 44102	ESCORIHUELA	Escorihuela
 44104	ESCUCHA	Escucha
 44105	ESTERCUEL	Estercuel
 44106	FERRERUELA DE HUERVA	Ferreruela de Huerva
 44107	FONFRIA	Fonfría
 44108	FORMICHE ALTO	Formiche Alto
 44110	FORNOLES	Fórnoles
 44111	FORTANETE	Fortanete
 44112	FOZ CALANDA	Foz-Calanda
 44114	FRIAS DE ALBARRACIN	Frías de Albarracín
 44115	FUENFERRADA	Fuenferrada
 44116	FUENTES CALIENTES	Fuentes Calientes
 44117	FUENTES CLARAS	Fuentes Claras
 44118	FUENTES DE RUBIELOS	Fuentes de Rubielos
 44119	FUENTESPALDA	Fuentespalda
 44120	GALVE	Galve
 44121	GARGALLO	Gargallo
 44122	GEA DE ALBARRACIN	Gea de Albarracín
 44125	GRIEGOS	Griegos
 44126	GUADALAVIAR	Guadalaviar
 44127	GUDAR	Gúdar
 44128	HIJAR	Híjar
 44129	HINOJOSA DE JARQUE	Hinojosa de Jarque
 44131	HUESA DEL COMUN	Huesa del Común
 44133	JABALOYAS	Jabaloyas
 44134	JARQUE DE LA VAL	Jarque de la Val
 44135	JATIEL	Jatiel
 44136	JORCAS	Jorcas
 44137	JOSA	Josa
 44061	LA CAÑADA DE VERICH	La Cañada de Verich
 44077	LA CEROLLERA	La Cerollera
 44081	LA CODOÑERA	La Codoñera
 44090	LA CUBA	La Cuba
 44113	LA FRESNEDA	La Fresneda
 44123	LA GINEBROSA	La Ginebrosa
 44130	LA HOZ DE LA VIEJA	La Hoz de la Vieja
 44132	LA IGLESUELA DEL CID	La Iglesuela del Cid
 44153	LA MATA DE LOS OLMOS	La Mata de los Olmos
 44198	LA PORTELLADA	La Portellada
 44202	LA PUEBLA DE HIJAR	La Puebla de Híjar
 44203	LA PUEBLA DE VALVERDE	La Puebla de Valverde
 44282	LA ZOMA	La Zoma
 44139	LAGUERUELA	Lagueruela
 44140	LANZUELA	Lanzuela
 44187	LAS PARRAS DE CASTELLOTE	Las Parras de Castellote
 44142	LIBROS	Libros
 44143	LIDON	Lidón
 44144	LINARES DE MORA	Linares de Mora
 44148	LLEDO	Lledó
 44182	LOS OLMOS	Los Olmos
 44145	LOSCOS	Loscos
 44149	MAICAS	Maicas
 44150	MANZANERA	Manzanera
 44151	MARTIN DEL RIO	Martín del Río
 44152	MAS DE LAS MATAS	Mas de las Matas
 44154	MAZALEON	Mazaleón
 44155	MEZQUITA DE JARQUE	Mezquita de Jarque
 44157	MIRAMBEL	Mirambel
 44158	MIRAVETE DE LA SIERRA	Miravete de la Sierra
 44159	MOLINOS	Molinos
 44160	MONFORTE DE MOYUELA	Monforte de Moyuela
 44161	MONREAL DEL CAMPO	Monreal del Campo
 44162	MONROYO	Monroyo
 44163	MONTALBAN	Montalbán
 44164	MONTEAGUDO DEL CASTILLO	Monteagudo del Castillo
 44165	MONTERDE DE ALBARRACIN	Monterde de Albarracín
 44167	MORA DE RUBIELOS	Mora de Rubielos
 44168	MOSCARDON	Moscardón
 44169	MOSQUERUELA	Mosqueruela
 44170	MUNIESA	Muniesa
 44172	NOGUERA DE ALBARRACIN	Noguera de Albarracín
 44173	NOGUERAS	Nogueras
 44174	NOGUERUELAS	Nogueruelas
 44176	OBON	Obón
 44177	ODON	Odón
 44178	OJOS NEGROS	Ojos Negros
 44180	OLBA	Olba
 44181	OLIETE	Oliete
 44183	ORIHUELA DEL TREMEDAL	Orihuela del Tremedal
 44184	ORRIOS	Orrios
 44185	PALOMAR DE ARROYOS	Palomar de Arroyos
 44186	PANCRUDO	Pancrudo
 44189	PEÑARROYA DE TASTAVINS	Peñarroya de Tastavins
 44190	PERACENSE	Peracense
 44191	PERALEJOS	Peralejos
 44192	PERALES DEL ALFAMBRA	Perales del Alfambra
 44194	PITARQUE	Pitarque
 44195	PLOU	Plou
 44200	POZONDON	Pozondón
 44201	POZUEL DEL CAMPO	Pozuel del Campo
 44204	PUERTOMINGALVO	Puertomingalvo
 44205	RAFALES	Ráfales
 44207	RILLO	Rillo
 44208	RIODEVA	Riodeva
 44209	RODENAS	Ródenas
 44210	ROYUELA	Royuela
 44211	RUBIALES	Rubiales
 44212	RUBIELOS DE LA CERIDA	Rubielos de la Cérida
 44213	RUBIELOS DE MORA	Mora de Rubielos
 44215	SALCEDILLO	Salcedillo
 44216	SALDON	Saldón
 44217	SAMPER DE CALANDA	Samper de Calanda
 44218	SAN AGUSTIN	San Agustín
 44219	SAN MARTIN DEL RIO	San Martín del Río
 44220	SANTA CRUZ DE NOGUERAS	Santa Cruz de Nogueras
 44221	SANTA EULALIA DEL CAMPO	Santa Eulalia
 44223	SARRION	Sarrión
 44224	SEGURA DE LOS BAÑOS	Segura de los Baños
 44225	SENO	Seno
 44226	SINGRA	Singra
 44228	TERRIENTE	Terriente
 44900	TERUEL	Teruel
 44230	TORIL Y MASEGOSO	Toril y Masegoso
 44231	TORMON	Tormón
 44232	TORNOS	Tornos
 44233	TORRALBA DE LOS SISONES	Torralba de los Sisones
 44236	TORRE DE ARCAS	Torre de Arcas
 44237	TORRE DE LAS ARCAS	Torre de las Arcas
 44238	TORRE DEL COMPTE	Torre del Compte
 44240	TORRE LOS NEGROS	Torre los Negros
 44234	TORRECILLA DE ALCAÑIZ	Torrecilla de Alcañiz
 44235	TORRECILLA DEL REBOLLAR	Torrecilla del Rebollar
 44239	TORRELACARCEL	Torrelacárcel
 44241	TORREMOCHA DE JILOCA	Torremocha de Jiloca
 44242	TORRES DE ALBARRACIN	Torres de Albarracín
 44243	TORREVELILLA	Torrevelilla
 44244	TORRIJAS	Torrijas
 44245	TORRIJO DEL CAMPO	Torrijo del Campo
 44247	TRAMACASTIEL	Tramacastiel
 44248	TRAMACASTILLA	Tramacastilla
 44249	TRONCHON	Tronchón
 44250	URREA DE GAEN	Urrea de Gaén
 44251	UTRILLAS	Utrillas
 44252	VALACLOCHE	Valacloche
 44253	VALBONA	Valbona
 44254	VALDEALGORFA	Valdealgorfa
 44257	VALDECUENCA	Valdecuenca
 44258	VALDELINARES	Valdelinares
 44259	VALDELTORMO	Valdeltormo
 44260	VALDERROBRES	Valderrobres
 44261	VALJUNQUERA	Valjunquera
 44264	VEGUILLAS DE LA SIERRA	Veguillas de la Sierra
 44265	VILLAFRANCA DEL CAMPO	Villafranca del Campo
 44266	VILLAHERMOSA DEL CAMPO	Villahermosa del Campo
 44270	VILLANUEVA DEL REBOLLAR DE LA	Villanueva del Rebollar de la Sierra
 44271	VILLAR DEL COBO	Villar del Cobo
 44272	VILLAR DEL SALZ	Villar del Salz
 44274	VILLARLUENGO	Villarluengo
 44275	VILLARQUEMADO	Villarquemado
 44276	VILLARROYA DE LOS PINARES	Villarroya de los Pinares
 44277	VILLASTAR	Villastar
 44278	VILLEL	Villel
 44279	VINACEITE	Vinaceite
 44280	VISIEDO	Visiedo
 44281	VIVEL DEL RIO MARTIN	Vivel del Río Martín
 45001	AJOFRIN	Ajofrín
 45002	ALAMEDA DE LA SAGRA	Alameda de la Sagra
 45003	ALBARREAL DE TAJO	Albarreal de Tajo
 45004	ALCABON	Alcabón
 45005	ALCAÑIZO	Alcañizo
 45006	ALCAUDETE DE LA JARA	Alcaudete de la Jara
 45007	ALCOLEA DE TAJO	Alcolea de Tajo
 45008	ALDEA EN CABO	Aldea en Cabo
 45009	ALDEANUEVA DE BARBARROYA	Aldeanueva de Barbarroya
 45010	ALDEANUEVA DE SAN BARTOLOME	Aldeanueva de San Bartolomé
 45011	ALMENDRAL DE LA CAÑADA	Almendral de la Cañada
 45012	ALMONACID DE TOLEDO	Almonacid de Toledo
 45013	ALMOROX	Almorox
 45014	AÑOVER DE TAJO	Añover de Tajo
 45015	ARCICOLLAR	Arcicóllar
 45016	ARGES	Argés
 45017	AZUTAN	Azután
 45018	BARCIENCE	Barcience
 45019	BARGAS	Bargas
 45020	BELVIS DE LA JARA	Belvís de la Jara
 45021	BOROX	Borox
 45022	BUENAVENTURA	Buenaventura
 45023	BURGUILLOS DE TOLEDO	Burguillos de Toledo
 45024	BURUJON	Burujón
 45025	CABAÑAS DE LA SAGRA	Cabañas de la Sagra
 45026	CABAÑAS DE YEPES	Cabañas de Yepes
 45027	CABEZAMESADA	Cabezamesada
 45028	CALERA Y CHOZAS	Calera y Chozas
 45029	CALERUELA	Caleruela
 45030	CALZADA DE OROPESA	Calzada de Oropesa
 45031	CAMARENA	Camarena
 45032	CAMARENILLA	Camarenilla
 45034	CAMUÑAS	Camuñas
 45035	CARDIEL DE LOS MONTES	Cardiel de los Montes
 45036	CARMENA	Carmena
 45038	CARRANQUE	Carranque
 45039	CARRICHES	Carriches
 45041	CASARRUBIOS DEL MONTE	Casarrubios del Monte
 45042	CASASBUENAS	Casasbuenas
 45043	CASTILLO DE BAYUELA	Castillo de Bayuela
 45045	CAZALEGAS	Cazalegas
 45046	CEBOLLA	Cebolla
 45047	CEDILLO DEL CONDADO	Cedillo del Condado
 45049	CERVERA DE LOS MONTES	Cervera de los Montes
 45056	CHOZAS DE CANALES	Chozas de Canales
 45057	CHUECA	Chueca
 45050	CIRUELOS	Ciruelos
 45051	COBEJA	Cobeja
 45052	COBISA	Cobisa
 45053	CONSUEGRA	Consuegra
 45054	CORRAL DE ALMAGUER	Corral de Almaguer
 45055	CUERVA	Cuerva
 45058	DOMINGO PEREZ	Domingo Pérez
 45059	DOSBARRIOS	Dosbarrios
 45033	EL CAMPILLO DE LA JARA	El Campillo de la Jara
 45037	EL CARPIO DE TAJO	El Carpio de Tajo
 45040	EL CASAR DE ESCALONA	El Casar de Escalona
 45139	EL PUENTE DEL ARZOBISPO	El Puente del Arzobispo
 45145	EL REAL DE SAN VICENTE	El Real de San Vicente
 45150	EL ROMERAL	El Romeral
 45168	EL TOBOSO	El Toboso
 45200	EL VISO DE SAN JUAN	El Viso de San Juan
 45060	ERUSTES	Erustes
 45061	ESCALONA	Escalona
 45062	ESCALONILLA	Escalonilla
 45063	ESPINOSO DEL REY	Espinoso del Rey
 45064	ESQUIVIAS	Esquivias
 45066	FUENSALIDA	Fuensalida
 45067	GALVEZ	Gálvez
 45069	GARCIOTUM	Garciotum
 45070	GERINDOTE	Gerindote
 45071	GUADAMUR	Guadamur
 45074	HERRERUELA DE OROPESA	Herreruela de Oropesa
 45075	HINOJOSA DE SAN VICENTE	Hinojosa de San Vicente
 45076	HONTANAR	Hontanar
 45077	HORMIGOS	Hormigos
 45078	HUECAS	Huecas
 45079	HUERTA DE VALDECARABANOS	Huerta de Valdecarábanos
 45081	ILLAN DE VACAS	Illán de Vacas
 45082	ILLESCAS	Illescas
 45065	LA ESTRELLA	La Estrella
 45072	LA GUARDIA	La Guardia
 45080	LA IGLESUELA DEL TIETAR	La Iglesuela del Tiétar
 45096	LA MATA	La Mata
 45109	LA NAVA DE RICOMALILLO	La Nava de Ricomalillo
 45136	LA PUEBLA DE ALMORADIEL	La Puebla de Almoradiel
 45137	LA PUEBLA DE MONTALBAN	La Puebla de Montalbán
 45138	LA PUEBLANUEVA	La Pueblanueva
 45172	LA TORRE DE ESTEBAN HAMBRAN	La Torre de Esteban Hambrán
 45187	LA VILLA DE DON FADRIQUE	La Villa de Don Fadrique
 45083	LAGARTERA	Lagartera
 45073	LAS HERENCIAS	Las Herencias
 45183	LAS VENTAS CON PEÑA AGUILERA	Las Ventas con Peña Aguilera
 45184	LAS VENTAS DE RETAMOSA	Las Ventas de Retamosa
 45185	LAS VENTAS DE SAN JULIAN	Las Ventas de San Julián
 45084	LAYOS	Layos
 45085	LILLO	Lillo
 45086	LOMINCHAR	Lominchar
 45048	LOS CERRALBOS	Los Cerralbos
 45113	LOS NAVALMORALES	Los Navalmorales
 45114	LOS NAVALUCILLOS	Los Navalucillos
 45201	LOS YEBENES	Los Yébenes
 45087	LUCILLOS	Lucillos
 45088	MADRIDEJOS	Madridejos
 45089	MAGAN	Magán
 45090	MALPICA DE TAJO	Malpica de Tajo
 45091	MANZANEQUE	Manzaneque
 45092	MAQUEDA	Maqueda
 45093	MARJALIZA	Marjaliza
 45094	MARRUPE	Marrupe
 45095	MASCARAQUE	Mascaraque
 45097	MAZARAMBROZ	Mazarambroz
 45098	MEJORADA	Mejorada
 45099	MENASALBAS	Menasalbas
 45100	MENTRIDA	Méntrida
 45101	MESEGAR DE TAJO	Mesegar de Tajo
 45102	MIGUEL ESTEBAN	Miguel Esteban
 45103	MOCEJON	Mocejón
 45104	MOHEDAS DE LA JARA	Mohedas de la Jara
 45105	MONTEARAGON	Montearagón
 45106	MONTESCLAROS	Montesclaros
 45107	MORA	Mora
 45108	NAMBROCA	Nambroca
 45110	NAVAHERMOSA	Navahermosa
 45111	NAVALCAN	Navalcán
 45112	NAVALMORALEJO	Navalmoralejo
 45115	NAVAMORCUENDE	Navamorcuende
 45116	NOBLEJAS	Noblejas
 45117	NOEZ	Noez
 45118	NOMBELA	Nombela
 45119	NOVES	Novés
 45120	NUMANCIA DE LA SAGRA	Numancia de la Sagra
 45121	NUÑO GOMEZ	Nuño Gómez
 45122	OCAÑA	Ocaña
 45123	OLIAS DEL REY	Olías del Rey
 45124	ONTIGOLA	Ontígola
 45125	ORGAZ	Orgaz
 45126	OROPESA	Oropesa
 45127	OTERO	Otero
 45128	PALOMEQUE	Palomeque
 45129	PANTOJA	Pantoja
 45130	PAREDES DE ESCALONA	Paredes de Escalona
 45131	PARRILLAS	Parrillas
 45132	PELAHUSTAN	Pelahustán
 45133	PEPINO	Pepino
 45134	POLAN	Polán
 45135	PORTILLO DE TOLEDO	Portillo de Toledo
 45140	PUERTO DE SAN VICENTE	Puerto de San Vicente
 45141	PULGAR	Pulgar
 45142	QUERO	Quero
 45143	QUINTANAR DE LA ORDEN	Quintanar de la Orden
 45144	QUISMONDO	Quismondo
 45146	RECAS	Recas
 45147	RETAMOSO DE LA JARA	Retamoso de la Jara
 45148	RIELVES	Rielves
 45149	ROBLEDO DEL MAZO	Robledo del Mazo
 45151	SAN BARTOLOME DE LAS ABIERTAS	San Bartolomé de las Abiertas
 45152	SAN MARTIN DE MONTALBAN	San Martín de Montalbán
 45153	SAN MARTIN DE PUSA	San Martín de Pusa
 45154	SAN PABLO DE LOS MONTES	San Pablo de los Montes
 45155	SAN ROMAN DE LOS MONTES	San Román de los Montes
 45156	SANTA ANA DE PUSA	Santa Ana de Pusa
 45157	SANTA CRUZ DE LA ZARZA	Santa Cruz de la Zarza
 45158	SANTA CRUZ DEL RETAMAR	Santa Cruz del Retamar
 45159	SANTA OLALLA	Santa Olalla
 45179	SANTO DOMINGO CAUDILLA	Santo Domingo-Caudilla
 45160	SARTAJADA	Sartajada
 45161	SEGURILLA	Segurilla
 45162	SESEÑA	Seseña
 45163	SEVILLEJA DE LA JARA	Sevilleja de la Jara
 45164	SONSECA	Sonseca
 45165	SOTILLO DE LAS PALOMAS	Sotillo de las Palomas
 45166	TALAVERA DE LA REINA	Talavera de la Reina
 45167	TEMBLEQUE	Tembleque
 45900	TOLEDO	Toledo
 45170	TORRALBA DE OROPESA	Torralba de Oropesa
 45171	TORRECILLA DE LA JARA	Torrecilla de la Jara
 45173	TORRICO	Torrico
 45174	TORRIJOS	Torrijos
 45175	TOTANES	Totanés
 45176	TURLEQUE	Turleque
 45177	UGENA	Ugena
 45178	URDA	Urda
 45180	VALDEVERDEJA	Valdeverdeja
 45181	VALMOJADO	Valmojado
 45182	VELADA	Velada
 45186	VILLACAÑAS	Villacañas
 45188	VILLAFRANCA DE LOS CABALLEROS	Villafranca de los Caballeros
 45189	VILLALUENGA DE LA SAGRA	Villaluenga de la Sagra
 45190	VILLAMIEL DE TOLEDO	Villamiel de Toledo
 45191	VILLAMINAYA	Villaminaya
 45192	VILLAMUELAS	Villamuelas
 45193	VILLANUEVA DE ALCARDETE	Villanueva de Alcardete
 45194	VILLANUEVA DE BOGAS	Villanueva de Bogas
 45195	VILLAREJO DE MONTALBAN	Villarejo de Montalbán
 45196	VILLARRUBIA DE SANTIAGO	Villarrubia de Santiago
 45197	VILLASECA DE LA SAGRA	Villaseca de la Sagra
 45198	VILLASEQUILLA	Villasequilla
 45199	VILLATOBAS	Villatobas
 45202	YELES	Yeles
 45203	YEPES	Yepes
 45204	YUNCLER	Yuncler
 45205	YUNCLILLOS	Yunclillos
 45206	YUNCOS	Yuncos
 46001	ADEMUZ	Ademuz
 46002	ADOR	Ador
 46004	AGULLENT	Agullent
 46042	AIELO DE MALFERIT	Aielo de Malferit
 46043	AIELO DE RUGAT	Aielo de Rugat
 46005	ALAQUAS	Alaquàs
 46006	ALBAIDA	Albaida
 46007	ALBAL	Albal
 46008	ALBALAT DE LA RIBERA	Albalat de la Ribera
 46009	ALBALAT DELS SORELLS	Albalat dels Sorells
 46010	ALBALAT DELS TARONGERS	Albalat dels Tarongers
 46011	ALBERIC	Alberic
 46012	ALBORACHE	Alborache
 46013	ALBORAIA ALBORAYA	Alboraia/Alboraya
 46014	ALBUIXECH	Albuixech
 46016	ALCANTERA DE XUQUER	Alcàntera de Xúquer
 46015	ALCASSER	Alcàsser
 46018	ALCUBLAS	Alcublas
 46021	ALDAIA	Aldaia
 46022	ALFAFAR	Alfafar
 46024	ALFARA DE LA BARONIA	Alfara de la Baronia
 46025	ALFARA DEL PATRIARCA	Alfara del Patriarca
 46026	ALFARB	Alfarb
 46027	ALFARRASI	Alfarrasí
 46023	ALFAUIR	Alfauir
 46028	ALGAR DE PALANCIA	Algar de Palància
 46029	ALGEMESI	Algemesí
 46030	ALGIMIA D ALFARA	Algímia d'Alfara
 46031	ALGINET	Alginet
 46032	ALMASSERA	Almàssera
 46033	ALMISERA	Almiserà
 46034	ALMOINES	Almoines
 46035	ALMUSSAFES	Almussafes
 46036	ALPUENTE	Alpuente
 46017	ALZIRA	Alzira
 46038	ANDILLA	Andilla
 46039	ANNA	Anna
 46040	ANTELLA	Antella
 46041	ARAS DE LOS OLMOS	Aras de los Olmos
 46003	ATZENETA D ALBAIDA	Atzeneta d'Albaida
 46044	AYORA	Ayora
 46046	BARX	Barx
 46045	BARXETA	Barxeta
 46047	BELGIDA	Bèlgida
 46048	BELLREGUARD	Bellreguard
 46049	BELLUS	Bellús
 46050	BENAGEBER	Benagéber
 46051	BENAGUASIL	Benaguasil
 46052	BENAVITES	Benavites
 46053	BENEIXIDA	Beneixida
 46054	BENETUSSER	Benetússer
 46055	BENIARJO	Beniarjó
 46056	BENIATJAR	Beniatjar
 46057	BENICOLET	Benicolet
 46268	BENICULL DE XUQUER	Benicull de Xúquer
 46060	BENIFAIO	Benifaió
 46059	BENIFAIRO DE LA VALLDIGNA	Benifairó de la Valldigna
 46058	BENIFAIRO DE LES VALLS	Benifairó de les Valls
 46061	BENIFLA	Beniflá
 46062	BENIGANIM	Benigànim
 46063	BENIMODO	Benimodo
 46064	BENIMUSLEM	Benimuslem
 46066	BENIPARRELL	Beniparrell
 46068	BENIRREDRA	Benirredrà
 46069	BENISSANO	Benissanó
 46070	BENISSODA	Benissoda
 46071	BENISSUERA	Benissuera
 46072	BETERA	Bétera
 46073	BICORP	Bicorp
 46074	BOCAIRENT	Bocairent
 46075	BOLBAITE	Bolbaite
 46076	BONREPOS I MIRAMBELL	Bonrepòs i Mirambell
 46077	BUFALI	Bufali
 46078	BUGARRA	Bugarra
 46079	BUÑOL	Buñol
 46080	BURJASSOT	Burjassot
 46081	CALLES	Calles
 46082	CAMPORROBLES	Camporrobles
 46083	CANALS	Canals
 46084	CANET D EN BERENGUER	Canet d'En Berenguer
 46085	CARCAIXENT	Carcaixent
 46086	CARCER	Càrcer
 46087	CARLET	Carlet
 46088	CARRICOLA	Carrícola
 46089	CASAS ALTAS	Casas Altas
 46090	CASAS BAJAS	Casas Bajas
 46091	CASINOS	Casinos
 46259	CASTELLO	Castelló
 46092	CASTELLO DE RUGAT	Castelló de Rugat
 46093	CASTELLONET DE LA CONQUESTA	Castellonet de la Conquesta
 46094	CASTIELFABIB	Castielfabib
 46095	CATADAU	Catadau
 46096	CATARROJA	Catarroja
 46097	CAUDETE DE LAS FUENTES	Caudete de las Fuentes
 46098	CERDA	Cerdà
 46109	CHELLA	Chella
 46108	CHELVA	Chelva
 46110	CHERA	Chera
 46111	CHESTE	Cheste
 46113	CHIVA	Chiva
 46114	CHULILLA	Chulilla
 46099	COFRENTES	Cofrentes
 46100	CORBERA	Corbera
 46101	CORTES DE PALLAS	Cortes de Pallás
 46102	COTES	Cotes
 46107	CULLERA	Cullera
 46115	DAIMUS	Daimús
 46116	DOMEÑO	Domeño
 46117	DOS AGUAS	Dos Aguas
 46134	EL GENOVES	el Genovés
 46191	EL PALOMAR	el Palomar
 46206	EL PUIG DE SANTA MARIA	el Puig de Santa Maria
 46213	EL REAL DE GANDIA	el Real de Gandia
 46119	EMPERADOR	Emperador
 46120	ENGUERA	Enguera
 46122	ESTIVELLA	Estivella
 46123	ESTUBENY	Estubeny
 46124	FAURA	Faura
 46125	FAVARA	Favara
 46128	FOIOS	Foios
 46126	FONTANARS DELS ALFORINS	Fontanars dels Alforins
 46127	FORTALENY	Fortaleny
 46131	FUENTERROBLES	Fuenterrobles
 46133	GANDIA	Gandia
 46266	GATOVA	Gátova
 46132	GAVARDA	Gavarda
 46135	GESTALGAR	Gestalgar
 46136	GILET	Gilet
 46137	GODELLA	Godella
 46138	GODELLETA	Godelleta
 46140	GUADASSEQUIES	Guadasséquies
 46141	GUADASSUAR	Guadassuar
 46142	GUARDAMAR DE LA SAFOR	Guardamar de la Safor
 46143	HIGUERUELAS	Higueruelas
 46144	JALANCE	Jalance
 46146	JARAFUEL	Jarafuel
 46130	LA FONT DE LA FIGUERA	la Font de la Figuera
 46129	LA FONT D EN CARROS	la Font d'en Carròs
 46139	LA GRANJA DE LA COSTERA	la Granja de la Costera
 46159	LA LLOSA DE RANES	la Llosa de Ranes
 46201	LA POBLA DE FARNALS	la Pobla de Farnals
 46204	LA POBLA DE VALLBONA	la Pobla de Vallbona
 46202	LA POBLA DEL DUC	la Pobla del Duc
 46205	LA POBLA LLARGA	la Pobla Llarga
 46264	LA YESA	La Yesa
 46019	L ALCUDIA	l'Alcúdia
 46020	L ALCUDIA DE CRESPINS	l'Alcúdia de Crespins
 46037	L ALQUERIA DE LA COMTESSA	l'Alqueria de la Comtessa
 46118	L ELIANA	l'Eliana
 46121	L ENOVA	l'Eliana
 46156	LLANERA DE RANES	Llanera de Ranes
 46157	LLAURI	Llaurí
 46149	LLIRIA	Llíria
 46154	LLOCNOU DE LA CORONA	Llocnou de la Corona
 46155	LLOCNOU DE SANT JERONI	Llocnou de Sant Jeroni
 46153	LLOCNOU D EN FENOLLET	Llocnou d'En Fenollet
 46158	LLOMBAI	Llombai
 46152	LLUTXENT	Llutxent
 46185	L OLLERIA	l'Olleria
 46150	LORIGUILLA	Loriguilla
 46151	LOSA DEL OBISPO	Losa del Obispo
 46160	MACASTRE	Macastre
 46161	MANISES	Manises
 46162	MANUEL	Manuel
 46163	MARINES	Marines
 46164	MASSALAVES	Massalavés
 46165	MASSALFASSAR	Massalfassar
 46166	MASSAMAGRELL	Massamagrell
 46167	MASSANASSA	Massanassa
 46168	MELIANA	Meliana
 46169	MILLARES	Millares
 46170	MIRAMAR	Miramar
 46171	MISLATA	Mislata
 46172	MOIXENT   MOGENTE	Moixent/Mogente
 46175	MONTAVERNER	Montaverner
 46173	MONTCADA MONCADA	Montcada/Moncada
 46176	MONTESA	Montesa
 46177	MONTITXELVO MONTICHELVO	Montitxelvo/Montichelvo
 46178	MONTROI MONTROY	Montroi/Montroy
 46174	MONTSERRAT	Montserrat
 46179	MUSEROS	Museros
 46180	NAQUERA	Enguera
 46181	NAVARRES	Navarrés
 46182	NOVELE   NOVETLE	NOVELE   NOVETLE
 46183	OLIVA	Oliva
 46184	OLOCAU	Olocau
 46186	ONTINYENT	Ontinyent
 46187	OTOS	Otos
 46188	PAIPORTA	Paiporta
 46189	PALMA DE GANDIA	Palma de Gandía
 46190	PALMERA	Palmera
 46192	PATERNA	Paterna
 46193	PEDRALBA	Pedralba
 46194	PETRES	Petrés
 46195	PICANYA	Picanya
 46196	PICASSENT	Picassent
 46197	PILES	Piles
 46198	PINET	Pinet
 46199	POLINYA DE XUQUER	Polinyà de Xúquer
 46200	POTRIES	Potries
 46207	PU OL	PU OL
 46203	PUEBLA DE SAN MIGUEL	Puebla de San Miguel
 46103	QUART DE LES VALLS	Quart de les Valls
 46104	QUART DE POBLET	Quart de Poblet
 46105	QUARTELL	Quartell
 46106	QUATRETONDA	Quatretonda
 46208	QUESA	Quesa
 46209	RAFELBUNYOL	Rafelbunyol
 46210	RAFELCOFER	Rafelcofer
 46211	RAFELGUARAF	Rafelguaraf
 46212	RAFOL DE SALEM	Ráfol de Salem
 46214	REAL	Real
 46215	REQUENA	Requena
 46216	RIBA ROJA DE TURIA	Riba-roja de Túria
 46217	RIOLA	Riola
 46218	ROCAFORT	Rocafort
 46219	ROTGLA I CORBERA	Rotglà i Corberà
 46220	ROTOVA	Ròtova
 46221	RUGAT	Rugat
 46222	SAGUNTO   SAGUNT	Sagunt/Sagunto
 46223	SALEM	Salem
 46267	SAN ANTONIO DE BENAGEBER	San Antonio de Benagéber
 46224	SANT JOANET	Sant Joanet
 46225	SEDAVI	Sedaví
 46226	SEGART	Segart
 46227	SELLENT	Sellent
 46228	SEMPERE	Sempere
 46229	SENYERA	Senyera
 46230	SERRA	Serra
 46231	SIETE AGUAS	Siete Aguas
 46232	SILLA	Silla
 46233	SIMAT DE LA VALLDIGNA	Simat de la Valldigna
 46234	SINARCAS	Sinarcas
 46235	SOLLANA	Sollana
 46236	SOT DE CHERA	Sot de Chera
 46237	SUECA	Sueca
 46238	SUMACARCER	Sumacàrcer
 46239	TAVERNES BLANQUES	Tavernes Blanques
 46240	TAVERNES DE LA VALLDIGNA	Tavernes de la Valldigna
 46241	TERESA DE COFRENTES	Teresa de Cofrentes
 46242	TERRATEIG	Terrateig
 46243	TITAGUAS	Titaguas
 46244	TORREBAJA	Torrebaja
 46245	TORRELLA	Torrella
 46246	TORRENT	Torrent
 46247	TORRES TORRES	Torres Torres
 46248	TOUS	Tous
 46249	TUEJAR	Tuéjar
 46250	TURIS	Turís
 46251	UTIEL	Utiel
 46900	VALENCIA	València
 46253	VALLADA	Vallada
 46254	VALLANCA	Vallanca
 46255	VALLES	Vallés
 46256	VENTA DEL MORO	Venta del Moro
 46257	VILALLONGA VILLALONGA	Vilallonga/Villalonga
 46258	VILAMARXANT	Vilamarxant
 46260	VILLAR DEL ARZOBISPO	Villar del Arzobispo
 46261	VILLARGORDO DEL CABRIEL	Villargordo del Cabriel
 46262	VINALESA	Vinalesa
 46147	XATIVA	Xàtiva
 46145	XERACO	Xeraco
 46148	XERESA	Xeresa
 46112	XIRIVELLA	Xirivella
 46263	YATOVA	Yátova
 46265	ZARRA	Zarra
 47001	ADALIA	Adalia
 47002	AGUASAL	Aguasal
 47003	AGUILAR DE CAMPOS	Aguilar de Campos
 47004	ALAEJOS	Alaejos
 47005	ALCAZAREN	Alcazarén
 47006	ALDEA DE SAN MIGUEL	Aldea de San Miguel
 47007	ALDEAMAYOR DE SAN MARTIN	Aldeamayor de San Martín
 47009	ALMENARA DE ADAJA	Almenara de Adaja
 47010	AMUSQUILLO	Amusquillo
 47011	ARROYO DE LA ENCOMIENDA	Arroyo de la Encomienda
 47012	ATAQUINES	Ataquines
 47013	BAHABON	Bahabón
 47014	BARCIAL DE LA LOMA	Barcial de la Loma
 47015	BARRUELO DEL VALLE	Barruelo del Valle
 47016	BECILLA DE VALDERADUEY	Becilla de Valderaduey
 47017	BENAFARCES	Benafarces
 47018	BERCERO	Bercero
 47019	BERCERUELO	Berceruelo
 47020	BERRUECES	Berrueces
 47021	BOBADILLA DEL CAMPO	Bobadilla del Campo
 47022	BOCIGAS	Bocigas
 47023	BOCOS DE DUERO	Bocos de Duero
 47024	BOECILLO	Boecillo
 47025	BOLAÑOS DE CAMPOS	Bolaños de Campos
 47026	BRAHOJOS DE MEDINA	Brahojos de Medina
 47027	BUSTILLO DE CHAVES	Bustillo de Chaves
 47028	CABEZON DE PISUERGA	Cabezón de Pisuerga
 47029	CABEZON DE VALDERADUEY	Cabezón de Valderaduey
 47030	CABREROS DEL MONTE	Cabreros del Monte
 47031	CAMPASPERO	Campaspero
 47033	CAMPORREDONDO	Camporredondo
 47034	CANALEJAS DE PEÑAFIEL	Canalejas de Peñafiel
 47035	CANILLAS DE ESGUEVA	Canillas de Esgueva
 47036	CARPIO	Carpio
 47037	CASASOLA DE ARION	Casasola de Arión
 47038	CASTREJON DE TRABANCOS	Castrejón de Trabancos
 47039	CASTRILLO DE DUERO	Castrillo de Duero
 47040	CASTRILLO TEJERIEGO	Castrillo-Tejeriego
 47041	CASTROBOL	Castrobol
 47042	CASTRODEZA	Castrodeza
 47043	CASTROMEMBIBRE	Castromembibre
 47044	CASTROMONTE	Castromonte
 47045	CASTRONUEVO DE ESGUEVA	Castronuevo de Esgueva
 47046	CASTRONUÑO	Castronuño
 47047	CASTROPONCE	Castroponce
 47048	CASTROVERDE DE CERRATO	Castroverde de Cerrato
 47049	CEINOS DE CAMPOS	Ceinos de Campos
 47050	CERVILLEGO DE LA CRUZ	Cervillego de la Cruz
 47051	CIGALES	Cigales
 47052	CIGUÑUELA	Ciguñuela
 47053	CISTERNIGA	Cistérniga
 47054	COGECES DE ISCAR	Cogeces de Íscar
 47055	COGECES DEL MONTE	Cogeces del Monte
 47056	CORCOS	Corcos
 47057	CORRALES DE DUERO	Corrales de Duero
 47058	CUBILLAS DE SANTA MARTA	Cubillas de Santa Marta
 47059	CUENCA DE CAMPOS	Cuenca de Campos
 47060	CURIEL DE DUERO	Curiel de Duero
 47032	EL CAMPILLO	El Campillo
 47061	ENCINAS DE ESGUEVA	Encinas de Esgueva
 47062	ESGUEVILLAS DE ESGUEVA	Esguevillas de Esgueva
 47063	FOMBELLIDA	Fombellida
 47064	FOMPEDRAZA	Fompedraza
 47065	FONTIHOYUELO	Fontihoyuelo
 47066	FRESNO EL VIEJO	Fresno el Viejo
 47067	FUENSALDAÑA	Fuensaldaña
 47068	FUENTE EL SOL	Fuente el Sol
 47069	FUENTE OLMEDO	Fuente-Olmedo
 47070	GALLEGOS DE HORNIJA	Gallegos de Hornija
 47071	GATON DE CAMPOS	Gatón de Campos
 47072	GERIA	Geria
 47074	HERRIN DE CAMPOS	Herrín de Campos
 47075	HORNILLOS DE ERESMA	Hornillos de Eresma
 47076	ISCAR	Íscar
 47100	LA MUDARRA	La Mudarra
 47111	LA PARRILLA	La Parrilla
 47112	LA PEDRAJA DE PORTILLO	La Pedraja de Portillo
 47159	LA SECA	La Seca
 47177	LA UNION DE CAMPOS	La Unión de Campos
 47233	LA ZARZA	La Zarza
 47077	LAGUNA DE DUERO	Laguna de Duero
 47078	LANGAYO	Langayo
 47080	LLANO DE OLMEDO	Llano de Olmedo
 47079	LOMOVIEJO	Lomoviejo
 47081	MANZANILLO	Manzanillo
 47082	MARZALES	Marzales
 47083	MATAPOZUELOS	Matapozuelos
 47084	MATILLA DE LOS CAÑOS	Matilla de los Caños
 47085	MAYORGA	Mayorga
 47087	MEDINA DE RIOSECO	Medina de Rioseco
 47086	MEDINA DEL CAMPO	Medina del Campo
 47088	MEGECES	Megeces
 47089	MELGAR DE ABAJO	Melgar de Abajo
 47090	MELGAR DE ARRIBA	Melgar de Arriba
 47091	MOJADOS	Mojados
 47092	MONASTERIO DE VEGA	Monasterio de Vega
 47093	MONTEALEGRE DE CAMPOS	Montealegre de Campos
 47094	MONTEMAYOR DE PILILLA	Montemayor de Pililla
 47095	MORAL DE LA REINA	Moral de la Reina
 47096	MORALEJA DE LAS PANADERAS	Moraleja de las Panaderas
 47097	MORALES DE CAMPOS	Morales de Campos
 47098	MOTA DEL MARQUES	Mota del Marqués
 47099	MUCIENTES	Mucientes
 47101	MURIEL	Muriel
 47102	NAVA DEL REY	Nava del Rey
 47103	NUEVA VILLA DE LAS TORRES	Nueva Villa de las Torres
 47104	OLIVARES DE DUERO	Olivares de Duero
 47105	OLMEDO	Olmedo
 47106	OLMOS DE ESGUEVA	Olmos de Esgueva
 47107	OLMOS DE PEÑAFIEL	Olmos de Peñafiel
 47110	PALAZUELO DE VEDIJA	Palazuelo de Vedija
 47113	PEDRAJAS DE SAN ESTEBAN	Pedrajas de San Esteban
 47114	PEDROSA DEL REY	Pedrosa del Rey
 47115	PEÑAFIEL	Peñafiel
 47116	PEÑAFLOR DE HORNIJA	Peñaflor de Hornija
 47117	PESQUERA DE DUERO	Pesquera de Duero
 47118	PIÑA DE ESGUEVA	Piña de Esgueva
 47119	PIÑEL DE ABAJO	Piñel de Abajo
 47120	PIÑEL DE ARRIBA	Piñel de Arriba
 47122	POLLOS	Pollos
 47123	PORTILLO	Portillo
 47124	POZAL DE GALLINAS	Pozal de Gallinas
 47125	POZALDEZ	Pozaldez
 47126	POZUELO DE LA ORDEN	Pozuelo de la Orden
 47127	PURAS	Puras
 47128	QUINTANILLA DE ARRIBA	Quintanilla de Arriba
 47130	QUINTANILLA DE ONESIMO	Quintanilla de Onésimo
 47131	QUINTANILLA DE TRIGUEROS	Quintanilla de Trigueros
 47129	QUINTANILLA DEL MOLAR	Quintanilla del Molar
 47132	RABANO	Rábano
 47133	RAMIRO	Ramiro
 47134	RENEDO DE ESGUEVA	Renedo de Esgueva
 47135	ROALES DE CAMPOS	Roales de Campos
 47136	ROBLADILLO	Robladillo
 47138	ROTURAS	Roturas
 47139	RUBI DE BRACAMONTE	Rubí de Bracamonte
 47140	RUEDA	Rueda
 47141	SAELICES DE MAYORGA	Saelices de Mayorga
 47142	SALVADOR DE ZAPARDIEL	Salvador de Zapardiel
 47143	SAN CEBRIAN DE MAZOTE	San Cebrián de Mazote
 47144	SAN LLORENTE	San Llorente
 47145	SAN MARTIN DE VALVENI	San Martín de Valvení
 47146	SAN MIGUEL DEL ARROYO	San Miguel del Arroyo
 47147	SAN MIGUEL DEL PINO	San Miguel del Pino
 47148	SAN PABLO DE LA MORALEJA	San Pablo de la Moraleja
 47149	SAN PEDRO DE LATARCE	San Pedro de Latarce
 47150	SAN PELAYO	San Pelayo
 47151	SAN ROMAN DE HORNIJA	San Román de Hornija
 47152	SAN SALVADOR	San Salvador
 47157	SAN VICENTE DEL PALACIO	San Vicente del Palacio
 47153	SANTA EUFEMIA DEL ARROYO	Santa Eufemia del Arroyo
 47154	SANTERVAS DE CAMPOS	Santervás de Campos
 47155	SANTIBAÑEZ DE VALCORBA	Santibáñez de Valcorba
 47156	SANTOVENIA DE PISUERGA	Santovenia de Pisuerga
 47158	SARDON DE DUERO	Sardón de Duero
 47160	SERRADA	Serrada
 47161	SIETE IGLESIAS DE TRABANCOS	Siete Iglesias de Trabancos
 47162	SIMANCAS	Simancas
 47163	TAMARIZ DE CAMPOS	Tamariz de Campos
 47164	TIEDRA	Tiedra
 47165	TORDEHUMOS	Tordehumos
 47166	TORDESILLAS	Tordesillas
 47170	TORRE DE ESGUEVA	Torre de Esgueva
 47171	TORRE DE PEÑAFIEL	Torre de Peñafiel
 47167	TORRECILLA DE LA ABADESA	Torrecilla de la Abadesa
 47168	TORRECILLA DE LA ORDEN	Torrecilla de la Orden
 47169	TORRECILLA DE LA TORRE	Torrecilla de la Torre
 47172	TORRELOBATON	Torrelobatón
 47173	TORRESCARCELA	Torrescárcela
 47174	TRASPINEDO	Traspinedo
 47175	TRIGUEROS DEL VALLE	Trigueros del Valle
 47176	TUDELA DE DUERO	Tudela de Duero
 47178	URONES DE CASTROPONCE	Urones de Castroponce
 47179	URUEÑA	Urueña
 47180	VALBUENA DE DUERO	Valbuena de Duero
 47181	VALDEARCOS DE LA VEGA	Valdearcos de la Vega
 47182	VALDENEBRO DE LOS VALLES	Valdenebro de los Valles
 47183	VALDESTILLAS	Valdestillas
 47184	VALDUNQUILLO	Valdunquillo
 47900	VALLADOLID	Valladolid
 47185	VALORIA LA BUENA	Valoria la Buena
 47186	VALVERDE DE CAMPOS	Valverde de Campos
 47188	VEGA DE RUIPONCE	Vega de Ruiponce
 47189	VEGA DE VALDETRONCO	Vega de Valdetronco
 47190	VELASCALVARO	Velascálvaro
 47191	VELILLA	Velilla
 47192	VELLIZA	Velliza
 47193	VENTOSA DE LA CUESTA	Ventosa de la Cuesta
 47194	VIANA DE CEGA	Viana de Cega
 47196	VILLABAÑEZ	Villabáñez
 47197	VILLABARUZ DE CAMPOS	Villabaruz de Campos
 47198	VILLABRAGIMA	Villabrágima
 47199	VILLACARRALON	Villacarralón
 47200	VILLACID DE CAMPOS	Villacid de Campos
 47201	VILLACO	Villaco
 47204	VILLAFRADES DE CAMPOS	Villafrades de Campos
 47205	VILLAFRANCA DE DUERO	Villafranca de Duero
 47206	VILLAFRECHOS	Villafrechós
 47207	VILLAFUERTE	Villafuerte
 47208	VILLAGARCIA DE CAMPOS	Villagarcía de Campos
 47209	VILLAGOMEZ LA NUEVA	Villagómez la Nueva
 47210	VILLALAN DE CAMPOS	Villalán de Campos
 47211	VILLALAR DE LOS COMUNEROS	Villalar de los Comuneros
 47212	VILLALBA DE LA LOMA	Villalba de la Loma
 47213	VILLALBA DE LOS ALCORES	Villalba de los Alcores
 47214	VILLALBARBA	Villalbarba
 47215	VILLALON DE CAMPOS	Villalán de Campos
 47216	VILLAMURIEL DE CAMPOS	Villamuriel de Campos
 47217	VILLAN DE TORDESILLAS	Villán de Tordesillas
 47218	VILLANUBLA	Villanubla
 47219	VILLANUEVA DE DUERO	Villanueva de Duero
 47220	VILLANUEVA DE LA CONDESA	Villanueva de la Condesa
 47221	VILLANUEVA DE LOS CABALLEROS	Villanueva de los Caballeros
 47222	VILLANUEVA DE LOS INFANTES	Villanueva de los Infantes
 47223	VILLANUEVA DE SAN MANCIO	Villanueva de San Mancio
 47224	VILLARDEFRADES	Villardefrades
 47225	VILLARMENTERO DE ESGUEVA	Villarmentero de Esgueva
 47226	VILLASEXMIR	Villasexmir
 47227	VILLAVAQUERIN	Villavaquerín
 47228	VILLAVELLID	Villavellid
 47229	VILLAVERDE DE MEDINA	Villaverde de Medina
 47230	VILLAVICENCIO DE LOS CABALLERO	Villavicencio de los Caballeros
 47195	VILORIA	Viloria
 47231	WAMBA	Wamba
 47232	ZARATAN	Zaratán
 49002	ABEZAMES	Abezames
 49003	ALCAÑICES	Alcañices
 49004	ALCUBILLA DE NOGALES	Alcubilla de Nogales
 49005	ALFARAZ DE SAYAGO	Alfaraz de Sayago
 49006	ALGODRE	Algodre
 49007	ALMARAZ DE DUERO	Almaraz de Duero
 49008	ALMEIDA DE SAYAGO	Almeida de Sayago
 49009	ANDAVIAS	Andavías
 49010	ARCENILLAS	Arcenillas
 49011	ARCOS DE LA POLVOROSA	Arcos de la Polvorosa
 49012	ARGAÑIN	Argañín
 49013	ARGUJILLO	Argujillo
 49015	ARQUILLINOS	Arquillinos
 49016	ARRABALDE	Arrabalde
 49017	ASPARIEGOS	Aspariegos
 49018	ASTURIANOS	Asturianos
 49019	AYOO DE VIDRIALES	Ayoó de Vidriales
 49021	BARCIAL DEL BARCO	Barcial del Barco
 49022	BELVER DE LOS MONTES	Belver de los Montes
 49023	BENAVENTE	Benavente
 49024	BENEGILES	Benegiles
 49026	BERMILLO DE SAYAGO	Bermillo de Sayago
 49029	BRETO	Bretó
 49030	BRETOCINO	Bretocino
 49031	BRIME DE SOG	Brime de Sog
 49032	BRIME DE URZ	Brime de Urz
 49033	BURGANES DE VALVERDE	Burganes de Valverde
 49034	BUSTILLO DEL ORO	Bustillo del Oro
 49035	CABAÑAS DE SAYAGO	Cabañas de Sayago
 49036	CALZADILLA DE TERA	Calzadilla de Tera
 49037	CAMARZANA DE TERA	Camarzana de Tera
 49038	CAÑIZAL	Cañizal
 49039	CAÑIZO	Cañizo
 49040	CARBAJALES DE ALBA	Carbajales de Alba
 49041	CARBELLINO	Carbellino
 49043	CASASECA DE CAMPEAN	Casaseca de Campeán
 49044	CASASECA DE LAS CHANAS	Casaseca de las Chanas
 49045	CASTRILLO DE LA GUAREÑA	Castrillo de la Guareña
 49046	CASTROGONZALO	Castrogonzalo
 49047	CASTRONUEVO	Castronuevo
 49048	CASTROVERDE DE CAMPOS	Castroverde de Campos
 49049	CAZURRA	Cazurra
 49051	CERECINOS DE CAMPOS	Cerecinos de Campos
 49052	CERECINOS DEL CARRIZAL	Cerecinos del Carrizal
 49054	CERNADILLA	Cernadilla
 49057	COBREROS	Cobreros
 49060	COOMONTE	Coomonte
 49061	CORESES	Coreses
 49062	CORRALES DEL VINO	Corrales del Vino
 49063	COTANES DEL MONTE	Cotanes del Monte
 49064	CUBILLOS	Cubillos
 49065	CUBO DE BENAVENTE	Cubo de Benavente
 49067	CUELGAMURES	Cuelgamures
 49066	EL CUBO DE TIERRA DEL VINO	El Cubo de Tierra del Vino
 49115	EL MADERAL	El Maderal
 49161	EL PEGO	El Pego
 49167	EL PERDIGON	El Perdigón
 49174	EL PIÑERO	El Piñero
 49070	ENTRALA	Entrala
 49072	ESPADAÑEDO	Espadañedo
 49074	FARAMONTANOS DE TABARA	Faramontanos de Tábara
 49075	FARIZA	Fariza
 49076	FERMOSELLE	Fermoselle
 49077	FERRERAS DE ABAJO	Ferreras de Abajo
 49078	FERRERAS DE ARRIBA	Ferreras de Arriba
 49079	FERRERUELA	Ferreruela
 49081	FIGUERUELA DE ARRIBA	Figueruela de Arriba
 49083	FONFRIA	Fonfría
 49087	FRESNO DE LA POLVOROSA	Fresno de la Polvorosa
 49088	FRESNO DE LA RIBERA	Fresno de la Ribera
 49089	FRESNO DE SAYAGO	Fresno de Sayago
 49090	FRIERA DE VALVERDE	Friera de Valverde
 49092	FUENTE ENCALADA	Fuente Encalada
 49093	FUENTELAPEÑA	Fuentelapeña
 49095	FUENTES DE ROPEL	Fuentes de Ropel
 49094	FUENTESAUCO	Fuentesaúco
 49096	FUENTESECAS	Fuentesecas
 49097	FUENTESPREADAS	Fuentespreadas
 49098	GALENDE	Galende
 49099	GALLEGOS DEL PAN	Gallegos del Pan
 49100	GALLEGOS DEL RIO	Gallegos del Río
 49101	GAMONES	Gamones
 49103	GEMA	Gema
 49104	GRANJA DE MORERUELA	Granja de Moreruela
 49105	GRANUCILLO	Granucillo
 49106	GUARRATE	Guarrate
 49107	HERMISENDE	Hermisende
 49109	JAMBRINA	Jambrina
 49110	JUSTEL	Justel
 49027	LA BOVEDA DE TORO	La Bóveda de Toro
 49108	LA HINIESTA	La Hiniesta
 49245	LA TORRE DEL VALLE	La Torre del Valle
 49111	LOSACINO	Losacino
 49112	LOSACIO	Losacio
 49113	LUBIAN	Lubián
 49114	LUELMO	Luelmo
 49116	MADRIDANOS	Madridanos
 49117	MAHIDE	Mahide
 49118	MAIRE DE CASTROPONCE	Maire de Castroponce
 49120	MALVA	Malva
 49121	MANGANESES DE LA LAMPREANA	Manganeses de la Lampreana
 49122	MANGANESES DE LA POLVOROSA	Manganeses de la Polvorosa
 49123	MANZANAL DE ARRIBA	Manzanal de Arriba
 49125	MANZANAL DE LOS INFANTES	Manzanal de los Infantes
 49124	MANZANAL DEL BARCO	Manzanal del Barco
 49126	MATILLA DE ARZON	Matilla de Arzón
 49127	MATILLA LA SECA	Matilla la Seca
 49128	MAYALDE	Mayalde
 49129	MELGAR DE TERA	Melgar de Tera
 49130	MICERECES DE TERA	Micereces de Tera
 49131	MILLES DE LA POLVOROSA	Milles de la Polvorosa
 49133	MOLACILLOS	Molacillos
 49134	MOLEZUELAS DE LA CARBALLEDA	Molezuelas de la Carballeda
 49135	MOMBUEY	Mombuey
 49136	MONFARRACINOS	Monfarracinos
 49137	MONTAMARTA	Montamarta
 49138	MORAL DE SAYAGO	Moral de Sayago
 49140	MORALEJA DE SAYAGO	Moraleja de Sayago
 49139	MORALEJA DEL VINO	Moraleja del Vino
 49142	MORALES DE REY	Morales de Rey
 49143	MORALES DE TORO	Morales de Toro
 49144	MORALES DE VALVERDE	Morales de Valverde
 49141	MORALES DEL VINO	Morales del Vino
 49145	MORALINA	Moralina
 49146	MORERUELA DE LOS INFANZONES	Moreruela de los Infanzones
 49147	MORERUELA DE TABARA	Moreruela de Tábara
 49148	MUELAS DE LOS CABALLEROS	Muelas de los Caballeros
 49149	MUELAS DEL PAN	Muelas del Pan
 49150	MUGA DE SAYAGO	Muga de Sayago
 49151	NAVIANOS DE VALVERDE	Navianos de Valverde
 49152	OLMILLOS DE CASTRO	Olmillos de Castro
 49153	OTERO DE BODAS	Otero de Bodas
 49156	PAJARES DE LA LAMPREANA	Pajares de la Lampreana
 49158	PALACIOS DE SANABRIA	Palacios de Sanabria
 49157	PALACIOS DEL PAN	Palacios del Pan
 49160	PEDRALBA DE LA PRADERIA	Pedralba de la Pradería
 49162	PELEAGONZALO	Peleagonzalo
 49163	PELEAS DE ABAJO	Peleas de Abajo
 49165	PEÑAUSENDE	Peñausende
 49166	PEQUE	Peque
 49168	PERERUELA	Pereruela
 49169	PERILLA DE CASTRO	Perilla de Castro
 49170	PIAS	Pías
 49171	PIEDRAHITA DE CASTRO	Piedrahita de Castro
 49172	PINILLA DE TORO	Pinilla de Toro
 49173	PINO DEL ORO	Pino del Oro
 49177	POBLADURA DE VALDERADUEY	Pobladura de Valderaduey
 49176	POBLADURA DEL VALLE	Pobladura del Valle
 49179	PORTO	Porto
 49180	POZOANTIGUO	Pozoantiguo
 49181	POZUELO DE TABARA	Pozuelo de Tábara
 49183	PRADO	Prado
 49184	PUEBLA DE SANABRIA	Puebla de Sanabria
 49185	PUEBLICA DE VALVERDE	Pueblica de Valverde
 49188	QUINTANILLA DE URZ	Quintanilla de Urz
 49186	QUINTANILLA DEL MONTE	Quintanilla del Monte
 49187	QUINTANILLA DEL OLMO	Quintanilla del Olmo
 49189	QUIRUELAS DE VIDRIALES	Quiruelas de Vidriales
 49190	RABANALES	Rabanales
 49191	RABANO DE ALISTE	Rábano de Aliste
 49192	REQUEJO	Requejo
 49193	REVELLINOS	Revellinos
 49196	RIOFRIO DE ALISTE	Riofrío de Aliste
 49197	RIONEGRO DEL PUENTE	Rionegro del Puente
 49198	ROALES	Roales
 49199	ROBLEDA CERVANTES	Robleda-Cervantes
 49200	ROELOS DE SAYAGO	Roelos de Sayago
 49201	ROSINOS DE LA REQUEJADA	Rosinos de la Requejada
 49203	SALCE	Salce
 49204	SAMIR DE LOS CAÑOS	Samir de los Caños
 49205	SAN AGUSTIN DEL POZO	San Agustín del Pozo
 49206	SAN CEBRIAN DE CASTRO	San Cebrián de Castro
 49208	SAN CRISTOBAL DE ENTREVIÑAS	San Cristóbal de Entreviñas
 49209	SAN ESTEBAN DEL MOLAR	San Esteban del Molar
 49210	SAN JUSTO	San Justo
 49212	SAN MARTIN DE VALDERADUEY	San Martín de Valderaduey
 49213	SAN MIGUEL DE LA RIBERA	San Miguel de la Ribera
 49214	SAN MIGUEL DEL VALLE	San Miguel del Valle
 49215	SAN PEDRO DE CEQUE	San Pedro de Ceque
 49216	SAN PEDRO DE LA NAVE ALMENDRA	San Pedro de la Nave-Almendra
 49231	SAN VICENTE DE LA CABEZA	San Vicente de la Cabeza
 49232	SAN VITERO	San Vitero
 49220	SANTA CLARA DE AVEDILLO	Santa Clara de Avedillo
 49222	SANTA COLOMBA DE LAS MONJAS	Santa Colomba de las Monjas
 49223	SANTA CRISTINA DE LA POLVOROSA	Santa Cristina de la Polvorosa
 49224	SANTA CROYA DE TERA	Santa Croya de Tera
 49225	SANTA EUFEMIA DEL BARCO	Santa Eufemia del Barco
 49226	SANTA MARIA DE LA VEGA	Santa María de la Vega
 49227	SANTA MARIA DE VALVERDE	Santa María de Valverde
 49228	SANTIBAÑEZ DE TERA	Santibáñez de Tera
 49229	SANTIBAÑEZ DE VIDRIALES	Santibáñez de Vidriales
 49230	SANTOVENIA	Santovenia
 49233	SANZOLES	Sanzoles
 49237	TABARA	Tábara
 49240	TAPIOLES	Tapioles
 49244	TORO	Toro
 49247	TORREGAMONES	Torregamones
 49248	TORRES DEL CARRIZAL	Torres del Carrizal
 49249	TRABAZOS	Trabazos
 49250	TREFACIO	Trefacio
 49253	UÑA DE QUINTANA	Uña de Quintana
 49254	VADILLO DE LA GUAREÑA	Vadillo de la Guareña
 49255	VALCABADO	Valcabado
 49256	VALDEFINJAS	Valdefinjas
 49257	VALDESCORRIEL	Valdescorriel
 49259	VALLESA DE LA GUAREÑA	Vallesa de la Guareña
 49260	VEGA DE TERA	Vega de Tera
 49261	VEGA DE VILLALOBOS	Vega de Villalobos
 49262	VEGALATRAVE	Vegalatrave
 49263	VENIALBO	Venialbo
 49264	VEZDEMARBAN	Vezdemarbán
 49265	VIDAYANES	Vidayanes
 49266	VIDEMALA	Videmala
 49267	VILLABRAZARO	Villabrázaro
 49268	VILLABUENA DEL PUENTE	Villabuena del Puente
 49269	VILLADEPERA	Villadepera
 49270	VILLAESCUSA	Villaescusa
 49271	VILLAFAFILA	Villafáfila
 49272	VILLAFERRUEÑA	Villaferrueña
 49273	VILLAGERIZ	Villageriz
 49274	VILLALAZAN	Villalazán
 49275	VILLALBA DE LA LAMPREANA	Villalba de la Lampreana
 49276	VILLALCAMPO	Villalcampo
 49277	VILLALOBOS	Villalobos
 49278	VILLALONSO	Villalonso
 49279	VILLALPANDO	Villalpando
 49280	VILLALUBE	Villalube
 49281	VILLAMAYOR DE CAMPOS	Villamayor de Campos
 49284	VILLAMOR DE LOS ESCUDEROS	Villamor de los Escuderos
 49285	VILLANAZAR	Villanázar
 49286	VILLANUEVA DE AZOAGUE	Villanueva de Azoague
 49287	VILLANUEVA DE CAMPEAN	Villanueva de Campeán
 49288	VILLANUEVA DE LAS PERAS	Villanueva de las Peras
 49289	VILLANUEVA DEL CAMPO	Villanueva del Campo
 49292	VILLAR DE FALLAVES	Villar de Fallaves
 49293	VILLAR DEL BUEY	Villar del Buey
 49290	VILLARALBO	Villaralbo
 49291	VILLARDECIERVOS	Villardeciervos
 49294	VILLARDIEGUA DE LA RIBERA	Villardiegua de la Ribera
 49295	VILLARDIGA	Villárdiga
 49296	VILLARDONDIEGO	Villardondiego
 49297	VILLARRIN DE CAMPOS	Villarrín de Campos
 49298	VILLASECO DEL PAN	Villaseco del Pan
 49299	VILLAVENDIMIO	Villavendimio
 49301	VILLAVEZA DE VALVERDE	Villaveza de Valverde
 49300	VILLAVEZA DEL AGUA	Villaveza del Agua
 49302	VIÑAS	Viñas
 49900	ZAMORA	Zamora
 50001	ABANTO	Abanto
 50002	ACERED	Acered
 50003	AGON	Agón
 50004	AGUARON	Aguarón
 50005	AGUILON	Aguilón
 50006	AINZON	Ainzón
 50007	ALADREN	Aladrén
 50008	ALAGON	Alagón
 50009	ALARBA	Alarba
 50010	ALBERITE DE SAN JUAN	Alberite de San Juan
 50011	ALBETA	Albeta
 50012	ALBORGE	Alborge
 50013	ALCALA DE EBRO	Alcalá de Ebro
 50014	ALCALA DE MONCAYO	Alcalá de Moncayo
 50015	ALCONCHEL DE ARIZA	Alconchel de Ariza
 50016	ALDEHUELA DE LIESTOS	Aldehuela de Liestos
 50017	ALFAJARIN	Alfajarín
 50018	ALFAMEN	Alfamén
 50019	ALFORQUE	Alforque
 50020	ALHAMA DE ARAGON	Alhama de Aragón
 50021	ALMOCHUEL	Almochuel
 50023	ALMONACID DE LA CUBA	Almonacid de la Cuba
 50024	ALMONACID DE LA SIERRA	Almonacid de la Sierra
 50026	ALPARTIR	Alpartir
 50027	AMBEL	Ambel
 50028	ANENTO	Anento
 50029	ANIÑON	Aniñón
 50030	AÑON DE MONCAYO	Añón de Moncayo
 50031	ARANDA DE MONCAYO	Aranda de Moncayo
 50032	ARANDIGA	Arándiga
 50033	ARDISA	Ardisa
 50034	ARIZA	Ariza
 50035	ARTIEDA	Artieda
 50036	ASIN	Asín
 50037	ATEA	Atea
 50038	ATECA	Ateca
 50039	AZUARA	Azuara
 50040	BADULES	Badules
 50041	BAGUES	Bagüés
 50042	BALCONCHAN	Balconchán
 50043	BARBOLES	Bárboles
 50044	BARDALLUR	Bardallur
 50045	BELCHITE	Belchite
 50046	BELMONTE DE GRACIAN	Belmonte de Gracián
 50047	BERDEJO	Berdejo
 50048	BERRUECO	Berrueco
 50049	BIEL	Biel
 50050	BIJUESCA	Bijuesca
 50051	BIOTA	Biota
 50052	BISIMBRE	Bisimbre
 50053	BOQUIÑENI	Boquiñeni
 50054	BORDALBA	Bordalba
 50055	BORJA	Borja
 50056	BOTORRITA	Botorrita
 50057	BREA DE ARAGON	Brea de Aragón
 50058	BUBIERCA	Bubierca
 50059	BUJARALOZ	Bujaraloz
 50060	BULBUENTE	Bulbuente
 50061	BURETA	Bureta
 50064	CABAÑAS DE EBRO	Cabañas de Ebro
 50065	CABOLAFUENTE	Cabolafuente
 50066	CADRETE	Cadrete
 50067	CALATAYUD	Calatayud
 50068	CALATORAO	Calatorao
 50069	CALCENA	Calcena
 50070	CALMARZA	Calmarza
 50071	CAMPILLO DE ARAGON	Campillo de Aragón
 50072	CARENAS	Carenas
 50073	CARIÑENA	Cariñena
 50074	CASPE	Caspe
 50075	CASTEJON DE ALARBA	Castejón de Alarba
 50076	CASTEJON DE LAS ARMAS	Castejón de las Armas
 50077	CASTEJON DE VALDEJASA	Castejón de Valdejasa
 50078	CASTILISCAR	Castiliscar
 50079	CERVERA DE LA CAÑADA	Cervera de la Cañada
 50080	CERVERUELA	Cerveruela
 50081	CETINA	Cetina
 50092	CHIPRANA	Chiprana
 50093	CHODES	Chodes
 50082	CIMBALLA	Cimballa
 50083	CINCO OLIVAS	Cinco Olivas
 50084	CLARES DE RIBOTA	Clarés de Ribota
 50085	CODO	Codo
 50086	CODOS	Codos
 50087	CONTAMINA	Contamina
 50088	COSUENDA	Cosuenda
 50089	CUARTE DE HUERVA	Cuarte de Huerva
 50090	CUBEL	Cubel
 50094	DAROCA	Daroca
 50095	EJEA DE LOS CABALLEROS	Ejea de los Caballeros
 50062	EL BURGO DE EBRO	El Burgo de Ebro
 50063	EL BUSTE	El Buste
 50110	EL FRAGO	El Frago
 50111	EL FRASNO	El Frasno
 50096	EMBID DE ARIZA	Embid de Ariza
 50098	ENCINACORBA	Encinacorba
 50099	EPILA	Épila
 50100	ERLA	Erla
 50101	ESCATRON	Escatrón
 50103	FABARA	Fabara
 50105	FARLETE	Farlete
 50106	FAYON	Fayón
 50108	FIGUERUELAS	Figueruelas
 50109	FOMBUENA	Fombuena
 50112	FRESCANO	Fréscano
 50114	FUENDEJALON	Fuendejalón
 50115	FUENDETODOS	Fuendetodos
 50116	FUENTES DE EBRO	Fuentes de Ebro
 50117	FUENTES DE JILOCA	Fuentes de Jiloca
 50118	GALLOCANTA	Gallocanta
 50119	GALLUR	Gallur
 50120	GELSA	Gelsa
 50121	GODOJOS	Godojos
 50122	GOTOR	Gotor
 50123	GRISEL	Grisel
 50124	GRISEN	Grisén
 50125	HERRERA DE LOS NAVARROS	Herrera de los Navarros
 50126	IBDES	Ibdes
 50127	ILLUECA	Illueca
 50129	ISUERRE	Isuerre
 50130	JARABA	Jaraba
 50131	JARQUE DE MONCAYO	Jarque de Moncayo
 50132	JAULIN	Jaulín
 50022	LA ALMOLDA	La Almolda
 50025	LA ALMUNIA DE DOÑA GODINA	La Almunia de Doña Godina
 50133	LA JOYOSA	La Joyosa
 50183	LA MUELA	La Muela
 50287	LA VILUEÑA	La Vilueña
 50302	LA ZAIDA	La Zaida
 50134	LAGATA	Lagata
 50135	LANGA DEL CASTILLO	Langa del Castillo
 50091	LAS CUERLAS	Las Cuerlas
 50206	LAS PEDROSAS	Las Pedrosas
 50136	LAYANA	Layana
 50137	LECERA	Lécera
 50139	LECHON	Lechón
 50138	LECIÑENA	Leciñena
 50140	LETUX	Letux
 50141	LITAGO	Litago
 50142	LITUENIGO	Lituénigo
 50143	LOBERA DE ONSELLA	Lobera de Onsella
 50144	LONGARES	Longares
 50145	LONGAS	Longás
 50107	LOS FAYOS	Los Fayos
 50211	LOS PINTANOS	Los Pintanos
 50147	LUCENA DE JALON	Lucena de Jalón
 50148	LUCENI	Luceni
 50149	LUESIA	Luesia
 50150	LUESMA	Luesma
 50151	LUMPIAQUE	Lumpiaque
 50152	LUNA	Luna
 50153	MAELLA	Maella
 50154	MAGALLON	Magallón
 50155	MAINAR	Mainar
 50156	MALANQUILLA	Malanquilla
 50157	MALEJAN	Maleján
 50161	MALLEN	Mallén
 50158	MALON	Malón
 50160	MALUENDA	Maluenda
 50162	MANCHONES	Manchones
 50163	MARA	Mara
 50164	MARIA DE HUERVA	María de Huerva
 50305	MARRACOS	Marracos
 50165	MEDIANA DE ARAGON	Mediana de Aragón
 50166	MEQUINENZA	Mequinenza
 50167	MESONES DE ISUELA	Mesones de Isuela
 50168	MEZALOCHA	Mezalocha
 50169	MIANOS	Mianos
 50170	MIEDES DE ARAGON	Miedes de Aragón
 50171	MONEGRILLO	Monegrillo
 50172	MONEVA	Moneva
 50173	MONREAL DE ARIZA	Monreal de Ariza
 50174	MONTERDE	Monterde
 50175	MONTON	Montón
 50176	MORATA DE JALON	Morata de Jalón
 50177	MORATA DE JILOCA	Morata de Jiloca
 50178	MORES	Morés
 50179	MOROS	Moros
 50180	MOYUELA	Moyuela
 50181	MOZOTA	Mozota
 50182	MUEL	Muel
 50184	MUNEBREGA	Munébrega
 50185	MURERO	Murero
 50186	MURILLO DE GALLEGO	Murillo de Gállego
 50187	NAVARDUN	Navardún
 50188	NIGUELLA	Nigüella
 50189	NOMBREVILLA	Nombrevilla
 50190	NONASPE	Nonaspe
 50191	NOVALLAS	Novallas
 50192	NOVILLAS	Novillas
 50193	NUEVALOS	Nuévalos
 50194	NUEZ DE EBRO	Nuez de Ebro
 50195	OLVES	Olvés
 50196	ORCAJO	Orcajo
 50197	ORERA	Orera
 50198	ORES	Orés
 50199	OSEJA	Oseja
 50200	OSERA DE EBRO	Osera de Ebro
 50201	PANIZA	Paniza
 50202	PARACUELLOS DE JILOCA	Paracuellos de Jiloca
 50203	PARACUELLOS DE LA RIBERA	Paracuellos de la Ribera
 50204	PASTRIZ	Pastriz
 50205	PEDROLA	Pedrola
 50207	PERDIGUERA	Perdiguera
 50208	PIEDRATAJADA	Piedratajada
 50209	PINA DE EBRO	Pina de Ebro
 50210	PINSEQUE	Pinseque
 50212	PLASENCIA DE JALON	Plasencia de Jalón
 50213	PLEITAS	Pleitas
 50214	PLENAS	Plenas
 50215	POMER	Pomer
 50216	POZUEL DE ARIZA	Pozuel de Ariza
 50217	POZUELO DE ARAGON	Pozuelo de Aragón
 50218	PRADILLA DE EBRO	Pradilla de Ebro
 50219	PUEBLA DE ALBORTON	Puebla de Albortón
 50220	PUEBLA DE ALFINDEN  LA	La Puebla de Alfindén
 50221	PUENDELUNA	Puendeluna
 50223	PURUJOSA	Purujosa
 50224	QUINTO	Quinto
 50225	REMOLINOS	Remolinos
 50226	RETASCON	Retascón
 50227	RICLA	Ricla
 50229	ROMANOS	Romanos
 50230	RUEDA DE JALON	Rueda de Jalón
 50231	RUESCA	Ruesca
 50244	SABIÑAN	Sabiñán
 50233	SADABA	Sádaba
 50234	SALILLAS DE JALON	Salillas de Jalón
 50235	SALVATIERRA DE ESCA	Salvatierra de Esca
 50236	SAMPER DEL SALZ	Samper del Salz
 50237	SAN MARTIN DE LA VIRGEN DE MON	San Martín de la Virgen de Moncayo
 50238	SAN MATEO DE GALLEGO	San Mateo de Gállego
 50239	SANTA CRUZ DE GRIO	Santa Cruz de Grío
 50240	SANTA CRUZ DE MONCAYO	Santa Cruz de Moncayo
 50241	SANTA EULALIA DE GALLEGO	Santa Eulalia de Gállego
 50242	SANTED	Santed
 50243	SASTAGO	Sástago
 50245	SEDILES	Sediles
 50246	SESTRICA	Sestrica
 50247	SIERRA DE LUNA	Sierra de Luna
 50248	SIGUES	Sigüés
 50249	SISAMON	Sisamón
 50250	SOBRADIEL	Sobradiel
 50251	SOS DEL REY CATOLICO	Sos del Rey Católico
 50252	TABUENCA	Tabuenca
 50253	TALAMANTES	Talamantes
 50254	TARAZONA	Tarazona
 50255	TAUSTE	Tauste
 50256	TERRER	Terrer
 50257	TIERGA	Tierga
 50259	TOBED	Tobed
 50260	TORRALBA DE LOS FRAILES	Torralba de los Frailes
 50261	TORRALBA DE RIBOTA	Torralba de Ribota
 50262	TORRALBILLA	Torralbilla
 50263	TORREHERMOSA	Torrehermosa
 50264	TORRELAPAJA	Torrelapaja
 50265	TORRELLAS	Torrellas
 50266	TORRES DE BERRELLEN	Torres de Berrellén
 50267	TORRIJO DE LA CAÑADA	Torrijo de la Cañada
 50268	TOSOS	Tosos
 50269	TRASMOZ	Trasmoz
 50270	TRASOBARES	Trasobares
 50271	UNCASTILLO	Uncastillo
 50272	UNDUES DE LERDA	Undués de Lerda
 50274	URREA DE JALON	Urrea de Jalón
 50275	URRIES	Urriés
 50276	USED	Used
 50277	UTEBO	Utebo
 50279	VAL DE SAN MARTIN	Val de San Martín
 50278	VALDEHORNA	Valdehorna
 50280	VALMADRID	Valmadrid
 50281	VALPALMAS	Valpalmas
 50282	VALTORRES	Valtorres
 50283	VELILLA DE EBRO	Velilla de Ebro
 50284	VELILLA DE JILOCA	Velilla de Jiloca
 50285	VERA DE MONCAYO	Vera de Moncayo
 50286	VIERLAS	Vierlas
 50288	VILLADOZ	Villadoz
 50289	VILLAFELICHE	Villafeliche
 50290	VILLAFRANCA DE EBRO	Villafranca de Ebro
 50291	VILLALBA DE PEREJIL	Villalba de Perejil
 50292	VILLALENGUA	Villalengua
 50306	VILLAMAYOR DE GALLEGO	Villamayor de Gállego
 50293	VILLANUEVA DE GALLEGO	Villanueva de Gállego
 50295	VILLANUEVA DE HUERVA	Villanueva de Huerva
 50294	VILLANUEVA DE JILOCA	Villanueva de Jiloca
 50296	VILLAR DE LOS NAVARROS	Villar de los Navarros
 50297	VILLARREAL DE HUERVA	Villarreal de Huerva
 50298	VILLARROYA DE LA SIERRA	Villarroya de la Sierra
 50299	VILLARROYA DEL CAMPO	Villarroya del Campo
 50300	VISTABELLA	Vistabella
 50900	ZARAGOZA	Zaragoza
 50304	ZUERA	Zuera
 51016	CARTAGENA	CARTAGENA
 51021	FUENTE ALAMO DE MURCIA	FUENTE ALAMO DE MURCIA
 51041	LA UNION	LA UNION
 52014	CARREÑO	CARREÑO
 52019	COLUNGA	COLUNGA
 52024	GIJON	GIJON
 52025	GOZON	GOZON
 52076	VILLAVICIOSA	VILLAVICIOSA
 53003	ALGAR	ALGAR
 53006	ARCOS DE LA FRONTERA	ARCOS DE LA FRONTERA
 53010	BORNOS	BORNOS
 53017	ESPERA	ESPERA
 53020	JEREZ DE LA FRONTERA	JEREZ DE LA FRONTERA
 53026	PRADO DEL REY	PRADO DEL REY
 53044	SAN JOSE DEL VALLE	SAN JOSE DEL VALLE
 53041	VILLAMARTIN	VILLAMARTIN
 54003	BAIONA	BAIONA
 54021	GONDOMAR	GONDOMAR
 54035	NIGRAN	NIGRAN
 54057	VIGO	VIGO
 55101	CEUTA	Ceuta
 56101	MELILLA	Melilla
